scenario,obj_value,number_of_EVs,Demand,Type_4,Installed_4,Type_8,Installed_8,Type_19,Installed_19,Type_50,Installed_50
1,4700.0,20,384,3,1,2,1,2,1,2,0
2,4400.0,20,411,5,0,4,0,3,2,3,0
3,5200.0,20,426,5,0,4,2,3,1,3,0
4,5900.0,20,553,5,0,4,1,3,2,3,0
5,5200.0,20,453,5,0,4,2,3,1,3,0
6,4400.0,20,420,5,0,4,0,3,2,3,0
7,5200.0,20,466,5,0,4,2,3,1,3,0
8,4400.0,20,347,3,0,2,0,2,2,2,0
9,5200.0,20,476,5,0,4,2,3,1,3,0
10,4700.0,20,378,3,1,2,1,2,1,2,0
11,5200.0,20,424,5,0,4,2,3,1,3,0
12,5200.0,20,424,5,0,4,2,3,1,3,0
13,5200.0,20,424,5,0,4,2,3,1,3,0
14,5200.0,20,424,5,0,4,2,3,1,3,0
15,5200.0,20,424,5,0,4,2,3,1,3,0
16,5200.0,20,424,5,0,4,2,3,1,3,0
17,5200.0,20,424,5,0,4,2,3,1,3,0
18,5200.0,20,424,5,0,4,2,3,1,3,0
19,5200.0,20,424,5,0,4,2,3,1,3,0
20,5200.0,20,424,5,0,4,2,3,1,3,0
21,5200.0,20,424,5,0,4,2,3,1,3,0
22,5200.0,20,424,5,0,4,2,3,1,3,0
23,5200.0,20,424,5,0,4,2,3,1,3,0
24,5200.0,20,424,5,0,4,2,3,1,3,0
25,5200.0,20,424,5,0,4,2,3,1,3,0
26,5200.0,20,424,5,0,4,2,3,1,3,0
27,5200.0,20,424,5,0,4,2,3,1,3,0
28,5200.0,20,424,5,0,4,2,3,1,3,0
29,5200.0,20,424,5,0,4,2,3,1,3,0
30,5200.0,20,424,5,0,4,2,3,1,3,0
31,5200.0,20,424,5,0,4,2,3,1,3,0
32,5200.0,20,424,5,0,4,2,3,1,3,0
33,5200.0,20,424,5,0,4,2,3,1,3,0
34,5200.0,20,424,5,0,4,2,3,1,3,0
35,5200.0,20,424,5,0,4,2,3,1,3,0
36,5200.0,20,424,5,0,4,2,3,1,3,0
37,5200.0,20,424,5,0,4,2,3,1,3,0
38,5200.0,20,424,5,0,4,2,3,1,3,0
39,5200.0,20,424,5,0,4,2,3,1,3,0
40,5200.0,20,424,5,0,4,2,3,1,3,0
41,5200.0,20,424,5,0,4,2,3,1,3,0
42,5200.0,20,424,5,0,4,2,3,1,3,0
43,5200.0,20,424,5,0,4,2,3,1,3,0
44,5200.0,20,424,5,0,4,2,3,1,3,0
45,5200.0,20,424,5,0,4,2,3,1,3,0
46,5200.0,20,424,5,0,4,2,3,1,3,0
47,5200.0,20,424,5,0,4,2,3,1,3,0
48,5200.0,20,424,5,0,4,2,3,1,3,0
49,5200.0,20,424,5,0,4,2,3,1,3,0
50,5200.0,20,424,5,0,4,2,3,1,3,0
51,5200.0,20,424,5,0,4,2,3,1,3,0
52,5200.0,20,424,5,0,4,2,3,1,3,0
53,5200.0,20,424,5,0,4,2,3,1,3,0
54,5200.0,20,424,5,0,4,2,3,1,3,0
55,5200.0,20,424,5,0,4,2,3,1,3,0
56,5200.0,20,424,5,0,4,2,3,1,3,0
57,5200.0,20,424,5,0,4,2,3,1,3,0
58,5200.0,20,424,5,0,4,2,3,1,3,0
59,5200.0,20,424,5,0,4,2,3,1,3,0
60,5200.0,20,424,5,0,4,2,3,1,3,0
61,5200.0,20,424,5,0,4,2,3,1,3,0
62,5200.0,20,424,5,0,4,2,3,1,3,0
63,5200.0,20,424,5,0,4,2,3,1,3,0
64,5200.0,20,424,5,0,4,2,3,1,3,0
65,5200.0,20,424,5,0,4,2,3,1,3,0
66,5200.0,20,424,5,0,4,2,3,1,3,0
67,5200.0,20,424,5,0,4,2,3,1,3,0
68,5200.0,20,424,5,0,4,2,3,1,3,0
69,5200.0,20,424,5,0,4,2,3,1,3,0
70,5200.0,20,424,5,0,4,2,3,1,3,0
71,5200.0,20,424,5,0,4,2,3,1,3,0
72,5200.0,20,424,5,0,4,2,3,1,3,0
73,5200.0,20,424,5,0,4,2,3,1,3,0
74,5200.0,20,424,5,0,4,2,3,1,3,0
75,5200.0,20,424,5,0,4,2,3,1,3,0
76,5200.0,20,424,5,0,4,2,3,1,3,0
77,5200.0,20,424,5,0,4,2,3,1,3,0
78,5200.0,20,424,5,0,4,2,3,1,3,0
79,5200.0,20,424,5,0,4,2,3,1,3,0
80,5200.0,20,424,5,0,4,2,3,1,3,0
81,5200.0,20,424,5,0,4,2,3,1,3,0
82,5200.0,20,424,5,0,4,2,3,1,3,0
83,5200.0,20,424,5,0,4,2,3,1,3,0
84,5200.0,20,424,5,0,4,2,3,1,3,0
85,5200.0,20,424,5,0,4,2,3,1,3,0
86,5200.0,20,424,5,0,4,2,3,1,3,0
87,5200.0,20,424,5,0,4,2,3,1,3,0
88,5200.0,20,424,5,0,4,2,3,1,3,0
89,5200.0,20,424,5,0,4,2,3,1,3,0
90,5200.0,20,424,5,0,4,2,3,1,3,0
91,5200.0,20,424,5,0,4,2,3,1,3,0
92,5200.0,20,424,5,0,4,2,3,1,3,0
93,5200.0,20,424,5,0,4,2,3,1,3,0
94,5200.0,20,424,5,0,4,2,3,1,3,0
95,5200.0,20,424,5,0,4,2,3,1,3,0
96,5200.0,20,424,5,0,4,2,3,1,3,0
97,5200.0,20,424,5,0,4,2,3,1,3,0
98,5200.0,20,424,5,0,4,2,3,1,3,0
99,5200.0,20,424,5,0,4,2,3,1,3,0
100,5200.0,20,424,5,0,4,2,3,1,3,0
101,5900.0,25,557,5,0,4,1,3,2,3,0
102,5200.0,25,450,4,0,3,2,2,1,2,0
103,5200.0,25,470,4,0,3,2,2,1,2,0
104,5900.0,25,572,5,0,4,1,3,2,3,0
105,5900.0,25,518,5,0,4,1,3,2,3,0
106,6600.0,25,624,6,0,4,0,3,3,3,0
107,6600.0,25,639,6,0,4,0,3,3,3,0
108,5900.0,25,563,5,0,4,1,3,2,3,0
109,5900.0,25,543,5,0,4,1,3,2,3,0
110,5900.0,25,514,5,0,4,1,3,2,3,0
111,5900.0,25,597,6,0,4,1,3,2,3,0
112,5900.0,25,533,5,0,4,1,3,2,3,0
113,5900.0,25,571,5,0,4,1,3,2,3,0
114,5900.0,25,584,6,0,4,1,3,2,3,0
115,5900.0,25,509,5,0,4,1,3,2,3,0
116,5900.0,25,587,6,0,4,1,3,2,3,0
117,5400.0,25,532,5,1,4,0,3,2,3,0
118,5400.0,25,552,5,1,4,0,3,2,3,0
119,5900.0,25,585,6,0,4,1,3,2,3,0
120,5200.0,25,471,4,0,3,2,2,1,2,0
121,5200.0,25,470,4,0,3,2,2,1,2,0
122,5900.0,25,572,5,0,4,1,3,2,3,0
123,5900.0,25,518,5,0,4,1,3,2,3,0
124,6600.0,25,624,6,0,4,0,3,3,3,0
125,6600.0,25,639,6,0,4,0,3,3,3,0
126,5900.0,25,563,5,0,4,1,3,2,3,0
127,5900.0,25,543,5,0,4,1,3,2,3,0
128,5900.0,25,514,5,0,4,1,3,2,3,0
129,5900.0,25,597,6,0,4,1,3,2,3,0
130,5900.0,25,533,5,0,4,1,3,2,3,0
131,5900.0,25,571,5,0,4,1,3,2,3,0
132,5900.0,25,584,6,0,4,1,3,2,3,0
133,5900.0,25,509,5,0,4,1,3,2,3,0
134,5900.0,25,587,6,0,4,1,3,2,3,0
135,5400.0,25,532,5,1,4,0,3,2,3,0
136,5400.0,25,552,5,1,4,0,3,2,3,0
137,5900.0,25,585,6,0,4,1,3,2,3,0
138,5200.0,25,471,4,0,3,2,2,1,2,0
139,5200.0,25,470,4,0,3,2,2,1,2,0
140,5900.0,25,572,5,0,4,1,3,2,3,0
141,5900.0,25,518,5,0,4,1,3,2,3,0
142,6600.0,25,624,6,0,4,0,3,3,3,0
143,6600.0,25,639,6,0,4,0,3,3,3,0
144,5900.0,25,563,5,0,4,1,3,2,3,0
145,5900.0,25,543,5,0,4,1,3,2,3,0
146,5900.0,25,514,5,0,4,1,3,2,3,0
147,5900.0,25,597,6,0,4,1,3,2,3,0
148,5900.0,25,533,5,0,4,1,3,2,3,0
149,5900.0,25,571,5,0,4,1,3,2,3,0
150,5900.0,25,584,6,0,4,1,3,2,3,0
151,5900.0,25,509,5,0,4,1,3,2,3,0
152,5900.0,25,587,6,0,4,1,3,2,3,0
153,5400.0,25,532,5,1,4,0,3,2,3,0
154,5400.0,25,552,5,1,4,0,3,2,3,0
155,5900.0,25,585,6,0,4,1,3,2,3,0
156,5200.0,25,471,4,0,3,2,2,1,2,0
157,5200.0,25,470,4,0,3,2,2,1,2,0
158,5900.0,25,572,5,0,4,1,3,2,3,0
159,5900.0,25,518,5,0,4,1,3,2,3,0
160,6600.0,25,624,6,0,4,0,3,3,3,0
161,6600.0,25,639,6,0,4,0,3,3,3,0
162,5900.0,25,563,5,0,4,1,3,2,3,0
163,5900.0,25,543,5,0,4,1,3,2,3,0
164,5900.0,25,514,5,0,4,1,3,2,3,0
165,5900.0,25,597,6,0,4,1,3,2,3,0
166,5900.0,25,533,5,0,4,1,3,2,3,0
167,5900.0,25,571,5,0,4,1,3,2,3,0
168,5900.0,25,584,6,0,4,1,3,2,3,0
169,5900.0,25,509,5,0,4,1,3,2,3,0
170,5900.0,25,587,6,0,4,1,3,2,3,0
171,5400.0,25,532,5,1,4,0,3,2,3,0
172,5400.0,25,552,5,1,4,0,3,2,3,0
173,5900.0,25,585,6,0,4,1,3,2,3,0
174,5200.0,25,471,4,0,3,2,2,1,2,0
175,5200.0,25,470,4,0,3,2,2,1,2,0
176,5900.0,25,572,5,0,4,1,3,2,3,0
177,5900.0,25,518,5,0,4,1,3,2,3,0
178,6600.0,25,624,6,0,4,0,3,3,3,0
179,6600.0,25,639,6,0,4,0,3,3,3,0
180,5900.0,25,563,5,0,4,1,3,2,3,0
181,5900.0,25,543,5,0,4,1,3,2,3,0
182,5900.0,25,514,5,0,4,1,3,2,3,0
183,5900.0,25,597,6,0,4,1,3,2,3,0
184,5900.0,25,533,5,0,4,1,3,2,3,0
185,5900.0,25,571,5,0,4,1,3,2,3,0
186,5900.0,25,584,6,0,4,1,3,2,3,0
187,5900.0,25,509,5,0,4,1,3,2,3,0
188,5900.0,25,587,6,0,4,1,3,2,3,0
189,5400.0,25,532,5,1,4,0,3,2,3,0
190,5400.0,25,552,5,1,4,0,3,2,3,0
191,5900.0,25,585,6,0,4,1,3,2,3,0
192,5200.0,25,471,4,0,3,2,2,1,2,0
193,5200.0,25,470,4,0,3,2,2,1,2,0
194,5900.0,25,572,5,0,4,1,3,2,3,0
195,5900.0,25,518,5,0,4,1,3,2,3,0
196,6600.0,25,624,6,0,4,0,3,3,3,0
197,6600.0,25,639,6,0,4,0,3,3,3,0
198,5900.0,25,563,5,0,4,1,3,2,3,0
199,5900.0,25,543,5,0,4,1,3,2,3,0
200,5900.0,25,514,5,0,4,1,3,2,3,0
201,5900.0,30,593,5,0,3,1,2,2,2,0
202,7600.0,30,725,6,1,4,0,3,3,3,0
203,6900.0,30,670,6,1,4,1,3,2,3,0
204,6900.0,30,674,6,1,4,1,3,2,3,0
205,6900.0,30,642,6,1,4,1,3,2,3,0
206,5900.0,30,646,6,0,4,1,3,2,3,0
207,6200.0,30,500,4,1,3,2,2,1,2,0
208,7400.0,30,690,6,0,4,2,3,2,3,0
209,5900.0,30,611,6,0,4,1,3,2,3,0
210,7400.0,30,721,6,0,4,2,3,2,3,0
211,5900.0,30,529,4,0,3,1,2,2,2,0
212,7400.0,30,636,6,0,4,2,3,2,3,0
213,6900.0,30,614,6,1,4,1,3,2,3,0
214,6600.0,30,618,6,0,4,0,3,3,3,0
215,6700.0,30,595,5,0,3,3,2,1,2,0
216,6900.0,30,627,6,1,4,1,3,2,3,0
217,6900.0,30,595,5,1,3,1,2,2,2,0
218,6900.0,30,652,6,1,4,1,3,2,3,0
219,6700.0,30,572,4,0,3,3,2,1,2,0
220,5900.0,30,588,5,0,3,1,2,2,2,0
221,6900.0,30,624,6,1,4,1,3,2,3,0
222,5900.0,30,607,6,0,4,1,3,2,3,0
223,6900.0,30,627,6,1,4,1,3,2,3,0
224,6600.0,30,623,6,0,4,0,3,3,3,0
225,6700.0,30,586,5,0,3,3,2,1,2,0
226,6900.0,30,583,5,1,3,1,2,2,2,0
227,7400.0,30,690,6,0,4,2,3,2,3,0
228,5900.0,30,584,5,0,3,1,2,2,2,0
229,7400.0,30,693,6,0,4,2,3,2,3,0
230,5900.0,30,580,5,0,3,1,2,2,2,0
231,6700.0,30,564,4,0,3,3,2,1,2,0
232,6900.0,30,659,6,1,4,1,3,2,3,0
233,6900.0,30,668,6,1,4,1,3,2,3,0
234,6900.0,30,573,4,1,3,1,2,2,2,0
235,7400.0,30,696,6,0,4,2,3,2,3,0
236,5900.0,30,641,6,0,4,1,3,2,3,0
237,7400.0,30,674,6,0,4,2,3,2,3,0
238,6600.0,30,624,6,0,4,0,3,3,3,0
239,5900.0,30,559,4,0,3,1,2,2,2,0
240,6900.0,30,647,6,1,4,1,3,2,3,0
241,6900.0,30,647,6,1,4,1,3,2,3,0
242,6900.0,30,640,6,1,4,1,3,2,3,0
243,6900.0,30,672,6,1,4,1,3,2,3,0
244,5900.0,30,603,6,0,4,1,3,2,3,0
245,5900.0,30,587,5,0,3,1,2,2,2,0
246,6900.0,30,667,6,1,4,1,3,2,3,0
247,7400.0,30,669,6,0,4,2,3,2,3,0
248,7400.0,30,656,6,0,4,2,3,2,3,0
249,7400.0,30,732,6,0,4,2,3,2,3,0
250,7400.0,30,664,6,0,4,2,3,2,3,0
251,5900.0,30,566,4,0,3,1,2,2,2,0
252,5900.0,30,571,4,0,3,1,2,2,2,0
253,6900.0,30,696,6,1,4,1,3,2,3,0
254,5900.0,30,639,6,0,4,1,3,2,3,0
255,6900.0,30,614,6,1,4,1,3,2,3,0
256,6900.0,30,584,5,1,3,1,2,2,2,0
257,6900.0,30,643,6,1,4,1,3,2,3,0
258,7400.0,30,707,6,0,4,2,3,2,3,0
259,6900.0,30,632,6,1,4,1,3,2,3,0
260,7400.0,30,674,6,0,4,2,3,2,3,0
261,6600.0,30,624,6,0,4,0,3,3,3,0
262,5900.0,30,559,4,0,3,1,2,2,2,0
263,6900.0,30,647,6,1,4,1,3,2,3,0
264,6900.0,30,647,6,1,4,1,3,2,3,0
265,6900.0,30,640,6,1,4,1,3,2,3,0
266,6900.0,30,672,6,1,4,1,3,2,3,0
267,5900.0,30,603,6,0,4,1,3,2,3,0
268,5900.0,30,587,5,0,3,1,2,2,2,0
269,6900.0,30,667,6,1,4,1,3,2,3,0
270,7400.0,30,669,6,0,4,2,3,2,3,0
271,7400.0,30,656,6,0,4,2,3,2,3,0
272,7400.0,30,732,6,0,4,2,3,2,3,0
273,7400.0,30,664,6,0,4,2,3,2,3,0
274,5900.0,30,566,4,0,3,1,2,2,2,0
275,5900.0,30,571,4,0,3,1,2,2,2,0
276,6900.0,30,696,6,1,4,1,3,2,3,0
277,5900.0,30,639,6,0,4,1,3,2,3,0
278,6900.0,30,614,6,1,4,1,3,2,3,0
279,6900.0,30,584,5,1,3,1,2,2,2,0
280,6900.0,30,643,6,1,4,1,3,2,3,0
281,7400.0,30,707,6,0,4,2,3,2,3,0
282,6900.0,30,632,6,1,4,1,3,2,3,0
283,7400.0,30,674,6,0,4,2,3,2,3,0
284,6600.0,30,624,6,0,4,0,3,3,3,0
285,5900.0,30,559,4,0,3,1,2,2,2,0
286,6900.0,30,647,6,1,4,1,3,2,3,0
287,6900.0,30,647,6,1,4,1,3,2,3,0
288,6900.0,30,640,6,1,4,1,3,2,3,0
289,6900.0,30,672,6,1,4,1,3,2,3,0
290,5900.0,30,603,6,0,4,1,3,2,3,0
291,5900.0,30,587,5,0,3,1,2,2,2,0
292,6900.0,30,667,6,1,4,1,3,2,3,0
293,7400.0,30,669,6,0,4,2,3,2,3,0
294,7400.0,30,656,6,0,4,2,3,2,3,0
295,7400.0,30,732,6,0,4,2,3,2,3,0
296,7400.0,30,664,6,0,4,2,3,2,3,0
297,5900.0,30,566,4,0,3,1,2,2,2,0
298,5900.0,30,571,4,0,3,1,2,2,2,0
299,6900.0,30,696,6,1,4,1,3,2,3,0
300,5900.0,30,639,6,0,4,1,3,2,3,0
301,8100.0,35,784,7,0,5,1,3,3,3,0
302,7400.0,35,723,6,0,4,2,3,2,3,0
303,8100.0,35,785,7,0,5,1,3,3,3,0
304,8100.0,35,758,6,0,4,1,3,3,3,0
305,7400.0,35,732,6,0,4,2,3,2,3,0
306,8100.0,35,825,7,0,5,1,3,3,3,0
307,8100.0,35,752,6,0,4,1,3,3,3,0
308,8100.0,35,814,7,0,5,1,3,3,3,0
309,6900.0,35,622,5,1,3,1,2,2,2,0
310,8100.0,35,782,7,0,5,1,3,3,3,0
311,8100.0,35,776,7,0,5,1,3,3,3,0
312,8400.0,35,682,5,1,3,2,2,2,2,0
313,8100.0,35,793,7,0,5,1,3,3,3,0
314,8100.0,35,811,7,0,5,1,3,3,3,0
315,7600.0,35,718,6,1,4,0,3,3,3,0
316,7900.0,35,724,6,2,4,1,3,2,3,0
317,8100.0,35,782,7,0,5,1,3,3,3,0
318,8100.0,35,756,6,0,4,1,3,3,3,0
319,8100.0,35,720,6,0,4,1,3,3,3,0
320,7900.0,35,731,6,2,4,1,3,2,3,0
321,7400.0,35,709,6,0,4,2,3,2,3,0
322,8100.0,35,715,6,0,4,1,3,3,3,0
323,7400.0,35,684,5,0,3,2,2,2,2,0
324,7600.0,35,722,6,1,4,0,3,3,3,0
325,8100.0,35,797,7,0,5,1,3,3,3,0
326,8100.0,35,751,6,0,4,1,3,3,3,0
327,7400.0,35,710,6,0,4,2,3,2,3,0
328,8100.0,35,811,7,0,5,1,3,3,3,0
329,8100.0,35,742,6,0,4,1,3,3,3,0
330,7400.0,35,707,6,0,4,2,3,2,3,0
331,8100.0,35,729,6,0,4,1,3,3,3,0
332,8100.0,35,726,6,0,4,1,3,3,3,0
333,8100.0,35,758,6,0,4,1,3,3,3,0
334,7400.0,35,723,6,0,4,2,3,2,3,0
335,8100.0,35,728,6,0,4,1,3,3,3,0
336,7400.0,35,663,5,0,3,2,2,2,2,0
337,8100.0,35,773,7,0,5,1,3,3,3,0
338,7400.0,35,691,5,0,3,2,2,2,2,0
339,7400.0,35,676,5,0,3,2,2,2,2,0
340,8100.0,35,757,6,0,4,1,3,3,3,0
341,8100.0,35,779,7,0,5,1,3,3,3,0
342,8100.0,35,775,7,0,5,1,3,3,3,0
343,8100.0,35,836,7,0,5,1,3,3,3,0
344,8900.0,35,816,7,0,5,3,3,2,3,0
345,6900.0,35,632,5,1,3,1,2,2,2,0
346,7400.0,35,723,6,0,4,2,3,2,3,0
347,8100.0,35,822,7,0,5,1,3,3,3,0
348,6900.0,35,685,5,1,3,1,2,2,2,0
349,9100.0,35,854,7,1,5,1,3,3,3,0
350,7400.0,35,768,6,0,4,2,3,2,3,0
351,7400.0,35,692,5,0,3,2,2,2,2,0
352,8100.0,35,757,6,0,4,1,3,3,3,0
353,8100.0,35,821,7,0,5,1,3,3,3,0
354,8100.0,35,764,6,0,4,1,3,3,3,0
355,8100.0,35,764,6,0,4,1,3,3,3,0
356,8100.0,35,779,7,0,5,1,3,3,3,0
357,8100.0,35,788,7,0,5,1,3,3,3,0
358,7400.0,35,699,5,0,3,2,2,2,2,0
359,8100.0,35,812,7,0,5,1,3,3,3,0
360,7400.0,35,700,6,0,4,2,3,2,3,0
361,7400.0,35,716,6,0,4,2,3,2,3,0
362,7400.0,35,688,5,0,3,2,2,2,2,0
363,8100.0,35,771,7,0,5,1,3,3,3,0
364,8100.0,35,768,6,0,4,1,3,3,3,0
365,7400.0,35,708,6,0,4,2,3,2,3,0
366,7400.0,35,709,6,0,4,2,3,2,3,0
367,7900.0,35,715,6,2,4,1,3,2,3,0
368,7400.0,35,628,5,0,3,2,2,2,2,0
369,7400.0,35,739,6,0,4,2,3,2,3,0
370,8100.0,35,773,7,0,5,1,3,3,3,0
371,7400.0,35,691,5,0,3,2,2,2,2,0
372,7400.0,35,676,5,0,3,2,2,2,2,0
373,8100.0,35,757,6,0,4,1,3,3,3,0
374,8100.0,35,779,7,0,5,1,3,3,3,0
375,8100.0,35,775,7,0,5,1,3,3,3,0
376,8100.0,35,836,7,0,5,1,3,3,3,0
377,8900.0,35,816,7,0,5,3,3,2,3,0
378,6900.0,35,632,5,1,3,1,2,2,2,0
379,7400.0,35,723,6,0,4,2,3,2,3,0
380,8100.0,35,822,7,0,5,1,3,3,3,0
381,6900.0,35,685,5,1,3,1,2,2,2,0
382,9100.0,35,854,7,1,5,1,3,3,3,0
383,7400.0,35,768,6,0,4,2,3,2,3,0
384,7400.0,35,692,5,0,3,2,2,2,2,0
385,8100.0,35,757,6,0,4,1,3,3,3,0
386,8100.0,35,821,7,0,5,1,3,3,3,0
387,8100.0,35,764,6,0,4,1,3,3,3,0
388,8100.0,35,764,6,0,4,1,3,3,3,0
389,8100.0,35,779,7,0,5,1,3,3,3,0
390,8100.0,35,788,7,0,5,1,3,3,3,0
391,7400.0,35,699,5,0,3,2,2,2,2,0
392,8100.0,35,812,7,0,5,1,3,3,3,0
393,7400.0,35,700,6,0,4,2,3,2,3,0
394,7400.0,35,716,6,0,4,2,3,2,3,0
395,7400.0,35,688,5,0,3,2,2,2,2,0
396,8100.0,35,771,7,0,5,1,3,3,3,0
397,8100.0,35,768,6,0,4,1,3,3,3,0
398,7400.0,35,708,6,0,4,2,3,2,3,0
399,7400.0,35,709,6,0,4,2,3,2,3,0
400,7900.0,35,715,6,2,4,1,3,2,3,0
401,8100.0,40,850,7,0,5,1,3,3,3,0
402,7900.0,40,768,5,2,3,1,2,2,2,0
403,9100.0,40,865,7,1,5,1,3,3,3,0
404,8400.0,40,793,6,1,4,2,2,2,2,0
405,9100.0,40,879,7,1,5,1,3,3,3,0
406,9600.0,40,905,7,0,5,2,3,3,3,0
407,8900.0,40,819,7,0,5,3,3,2,3,0
408,7400.0,40,745,5,0,3,2,2,2,2,0
409,9100.0,40,832,7,1,5,1,3,3,3,0
410,8400.0,40,780,6,1,4,2,2,2,2,0
411,8400.0,40,814,7,1,5,2,3,2,3,0
412,9100.0,40,876,7,1,5,1,3,3,3,0
413,8900.0,40,835,7,0,5,3,3,2,3,0
414,9600.0,40,866,7,0,5,2,3,3,3,0
415,9600.0,40,936,7,0,5,2,4,3,3,0
416,8100.0,40,807,7,0,5,1,3,3,3,0
417,8400.0,40,747,5,1,3,2,2,2,2,0
418,9100.0,40,871,7,1,5,1,3,3,3,0
419,8400.0,40,790,6,1,4,2,2,2,2,0
420,9100.0,40,890,7,1,5,1,3,3,3,0
421,9100.0,40,892,7,1,5,1,3,3,3,0
422,8400.0,40,782,6,1,4,2,2,2,2,0
423,8100.0,40,848,7,0,5,1,3,3,3,0
424,8400.0,40,814,7,1,5,2,3,2,3,0
425,7400.0,40,781,6,0,4,2,2,2,2,0
426,9100.0,40,879,7,1,5,1,3,3,3,0
427,9600.0,40,900,7,0,5,2,3,3,3,0
428,9100.0,40,910,7,1,5,1,3,3,3,0
429,9100.0,40,853,7,1,5,1,3,3,3,0
430,9600.0,40,884,7,0,5,2,3,3,3,0
431,8400.0,40,792,6,1,4,2,2,2,2,0
432,8900.0,40,769,6,0,4,3,2,2,2,0
433,9100.0,40,913,7,1,5,1,4,3,3,0
434,9100.0,40,881,7,1,5,1,3,3,3,0
435,9600.0,40,954,7,0,5,2,4,3,3,0
436,9100.0,40,912,7,1,5,1,3,3,3,0
437,10300.0,40,959,7,0,5,1,4,4,3,0
438,8400.0,40,814,7,1,5,2,3,2,3,0
439,7400.0,40,781,6,0,4,2,2,2,2,0
440,9100.0,40,879,7,1,5,1,3,3,3,0
441,9600.0,40,900,7,0,5,2,3,3,3,0
442,9100.0,40,910,7,1,5,1,3,3,3,0
443,9100.0,40,853,7,1,5,1,3,3,3,0
444,9600.0,40,884,7,0,5,2,3,3,3,0
445,8400.0,40,792,6,1,4,2,2,2,2,0
446,8900.0,40,769,6,0,4,3,2,2,2,0
447,9100.0,40,913,7,1,5,1,4,3,3,0
448,9100.0,40,881,7,1,5,1,3,3,3,0
449,9600.0,40,954,7,0,5,2,4,3,3,0
450,9100.0,40,912,7,1,5,1,3,3,3,0
451,10300.0,40,959,7,0,5,1,4,4,3,0
452,8400.0,40,814,7,1,5,2,3,2,3,0
453,7400.0,40,781,6,0,4,2,2,2,2,0
454,9100.0,40,879,7,1,5,1,3,3,3,0
455,9600.0,40,900,7,0,5,2,3,3,3,0
456,9100.0,40,910,7,1,5,1,3,3,3,0
457,9100.0,40,853,7,1,5,1,3,3,3,0
458,9600.0,40,884,7,0,5,2,3,3,3,0
459,8400.0,40,792,6,1,4,2,2,2,2,0
460,8900.0,40,769,6,0,4,3,2,2,2,0
461,9100.0,40,913,7,1,5,1,4,3,3,0
462,9100.0,40,881,7,1,5,1,3,3,3,0
463,9600.0,40,954,7,0,5,2,4,3,3,0
464,9100.0,40,912,7,1,5,1,3,3,3,0
465,10300.0,40,959,7,0,5,1,4,4,3,0
466,8400.0,40,814,7,1,5,2,3,2,3,0
467,7400.0,40,781,6,0,4,2,2,2,2,0
468,9100.0,40,879,7,1,5,1,3,3,3,0
469,9600.0,40,900,7,0,5,2,3,3,3,0
470,9100.0,40,910,7,1,5,1,3,3,3,0
471,9100.0,40,853,7,1,5,1,3,3,3,0
472,9600.0,40,884,7,0,5,2,3,3,3,0
473,8400.0,40,792,6,1,4,2,2,2,2,0
474,8900.0,40,769,6,0,4,3,2,2,2,0
475,9100.0,40,913,7,1,5,1,4,3,3,0
476,9100.0,40,881,7,1,5,1,3,3,3,0
477,9600.0,40,954,7,0,5,2,4,3,3,0
478,9100.0,40,912,7,1,5,1,3,3,3,0
479,10300.0,40,959,7,0,5,1,4,4,3,0
480,8400.0,40,814,7,1,5,2,3,2,3,0
481,7400.0,40,781,6,0,4,2,2,2,2,0
482,9100.0,40,879,7,1,5,1,3,3,3,0
483,9600.0,40,900,7,0,5,2,3,3,3,0
484,9100.0,40,910,7,1,5,1,3,3,3,0
485,9100.0,40,853,7,1,5,1,3,3,3,0
486,9600.0,40,884,7,0,5,2,3,3,3,0
487,8400.0,40,792,6,1,4,2,2,2,2,0
488,8900.0,40,769,6,0,4,3,2,2,2,0
489,9100.0,40,913,7,1,5,1,4,3,3,0
490,9100.0,40,881,7,1,5,1,3,3,3,0
491,9600.0,40,954,7,0,5,2,4,3,3,0
492,9100.0,40,912,7,1,5,1,3,3,3,0
493,10300.0,40,959,7,0,5,1,4,4,3,0
494,8400.0,40,814,7,1,5,2,3,2,3,0
495,7400.0,40,781,6,0,4,2,2,2,2,0
496,9100.0,40,879,7,1,5,1,3,3,3,0
497,9600.0,40,900,7,0,5,2,3,3,3,0
498,9100.0,40,910,7,1,5,1,3,3,3,0
499,9100.0,40,853,7,1,5,1,3,3,3,0
500,9600.0,40,884,7,0,5,2,3,3,3,0
501,10300.0,45,1065,8,0,5,1,4,4,3,0
502,9900.0,45,892,6,1,4,3,2,2,2,0
503,10300.0,45,1082,8,0,5,1,4,4,3,0
504,10300.0,45,991,8,0,5,1,4,4,3,0
505,10600.0,45,1010,8,1,5,2,4,3,3,0
506,10300.0,45,991,8,0,5,1,4,4,3,0
507,9600.0,45,921,7,0,5,2,4,3,3,0
508,9600.0,45,970,8,0,5,2,4,3,3,0
509,10100.0,45,944,7,2,5,1,4,3,3,0
510,9600.0,45,938,7,0,5,2,4,3,3,0
511,10600.0,45,1010,8,1,5,2,4,3,3,0
512,10300.0,45,991,8,0,5,1,4,4,3,0
513,9600.0,45,921,7,0,5,2,4,3,3,0
514,9600.0,45,970,8,0,5,2,4,3,3,0
515,10100.0,45,944,7,2,5,1,4,3,3,0
516,9600.0,45,938,7,0,5,2,4,3,3,0
517,10600.0,45,1010,8,1,5,2,4,3,3,0
518,10300.0,45,991,8,0,5,1,4,4,3,0
519,9600.0,45,921,7,0,5,2,4,3,3,0
520,9600.0,45,970,8,0,5,2,4,3,3,0
521,10100.0,45,944,7,2,5,1,4,3,3,0
522,9600.0,45,938,7,0,5,2,4,3,3,0
523,10600.0,45,1010,8,1,5,2,4,3,3,0
524,10300.0,45,991,8,0,5,1,4,4,3,0
525,9600.0,45,921,7,0,5,2,4,3,3,0
526,9600.0,45,970,8,0,5,2,4,3,3,0
527,10100.0,45,944,7,2,5,1,4,3,3,0
528,9600.0,45,938,7,0,5,2,4,3,3,0
529,10600.0,45,1010,8,1,5,2,4,3,3,0
530,10300.0,45,991,8,0,5,1,4,4,3,0
531,9600.0,45,921,7,0,5,2,4,3,3,0
532,9600.0,45,970,8,0,5,2,4,3,3,0
533,10100.0,45,944,7,2,5,1,4,3,3,0
534,9600.0,45,938,7,0,5,2,4,3,3,0
535,10600.0,45,1010,8,1,5,2,4,3,3,0
536,10300.0,45,991,8,0,5,1,4,4,3,0
537,9600.0,45,921,7,0,5,2,4,3,3,0
538,9600.0,45,970,8,0,5,2,4,3,3,0
539,10100.0,45,944,7,2,5,1,4,3,3,0
540,9600.0,45,938,7,0,5,2,4,3,3,0
541,10600.0,45,1010,8,1,5,2,4,3,3,0
542,10300.0,45,991,8,0,5,1,4,4,3,0
543,9600.0,45,921,7,0,5,2,4,3,3,0
544,9600.0,45,970,8,0,5,2,4,3,3,0
545,10100.0,45,944,7,2,5,1,4,3,3,0
546,9600.0,45,938,7,0,5,2,4,3,3,0
547,10600.0,45,1010,8,1,5,2,4,3,3,0
548,10300.0,45,991,8,0,5,1,4,4,3,0
549,9600.0,45,921,7,0,5,2,4,3,3,0
550,9600.0,45,970,8,0,5,2,4,3,3,0
551,10100.0,45,944,7,2,5,1,4,3,3,0
552,9600.0,45,938,7,0,5,2,4,3,3,0
553,10600.0,45,1010,8,1,5,2,4,3,3,0
554,10300.0,45,991,8,0,5,1,4,4,3,0
555,9600.0,45,921,7,0,5,2,4,3,3,0
556,9600.0,45,970,8,0,5,2,4,3,3,0
557,10100.0,45,944,7,2,5,1,4,3,3,0
558,9600.0,45,938,7,0,5,2,4,3,3,0
559,10600.0,45,1010,8,1,5,2,4,3,3,0
560,10300.0,45,991,8,0,5,1,4,4,3,0
561,9600.0,45,921,7,0,5,2,4,3,3,0
562,9600.0,45,970,8,0,5,2,4,3,3,0
563,10100.0,45,944,7,2,5,1,4,3,3,0
564,9600.0,45,938,7,0,5,2,4,3,3,0
565,10600.0,45,1010,8,1,5,2,4,3,3,0
566,10300.0,45,991,8,0,5,1,4,4,3,0
567,9600.0,45,921,7,0,5,2,4,3,3,0
568,9600.0,45,970,8,0,5,2,4,3,3,0
569,10100.0,45,944,7,2,5,1,4,3,3,0
570,9600.0,45,938,7,0,5,2,4,3,3,0
571,10600.0,45,1010,8,1,5,2,4,3,3,0
572,10300.0,45,991,8,0,5,1,4,4,3,0
573,9600.0,45,921,7,0,5,2,4,3,3,0
574,9600.0,45,970,8,0,5,2,4,3,3,0
575,10100.0,45,944,7,2,5,1,4,3,3,0
576,9600.0,45,938,7,0,5,2,4,3,3,0
577,10600.0,45,1010,8,1,5,2,4,3,3,0
578,10300.0,45,991,8,0,5,1,4,4,3,0
579,9600.0,45,921,7,0,5,2,4,3,3,0
580,9600.0,45,970,8,0,5,2,4,3,3,0
581,10100.0,45,944,7,2,5,1,4,3,3,0
582,9600.0,45,938,7,0,5,2,4,3,3,0
583,10600.0,45,1010,8,1,5,2,4,3,3,0
584,10300.0,45,991,8,0,5,1,4,4,3,0
585,9600.0,45,921,7,0,5,2,4,3,3,0
586,9600.0,45,970,8,0,5,2,4,3,3,0
587,10100.0,45,944,7,2,5,1,4,3,3,0
588,9600.0,45,938,7,0,5,2,4,3,3,0
589,10600.0,45,1010,8,1,5,2,4,3,3,0
590,10300.0,45,991,8,0,5,1,4,4,3,0
591,9600.0,45,921,7,0,5,2,4,3,3,0
592,9600.0,45,970,8,0,5,2,4,3,3,0
593,10100.0,45,944,7,2,5,1,4,3,3,0
594,9600.0,45,938,7,0,5,2,4,3,3,0
595,10600.0,45,1010,8,1,5,2,4,3,3,0
596,10300.0,45,991,8,0,5,1,4,4,3,0
597,9600.0,45,921,7,0,5,2,4,3,3,0
598,9600.0,45,970,8,0,5,2,4,3,3,0
599,10100.0,45,944,7,2,5,1,4,3,3,0
600,9600.0,45,938,7,0,5,2,4,3,3,0
601,11100.0,50,1119,8,0,5,3,4,3,3,0
602,12800.0,50,1205,9,1,6,2,4,4,3,0
603,10300.0,50,1033,8,0,5,1,4,4,3,0
604,11800.0,50,1130,8,0,5,2,4,4,3,0
605,11300.0,50,1074,8,1,5,1,4,4,3,0
606,11800.0,50,1226,9,0,6,2,4,4,3,0
607,11300.0,50,1134,8,1,5,1,4,4,3,0
608,11800.0,50,1162,9,0,6,2,4,4,3,0
609,11800.0,50,1163,9,0,6,2,4,4,3,0
610,9600.0,50,1022,8,0,5,2,4,3,3,0
611,9600.0,50,929,6,0,4,2,3,3,2,0
612,11300.0,50,1137,8,1,5,1,4,4,3,0
613,11800.0,50,1090,8,0,5,2,4,4,3,0
614,11100.0,50,1046,8,0,5,3,4,3,3,0
615,11800.0,50,1098,8,0,5,2,4,4,3,0
616,11300.0,50,1066,8,1,5,1,4,4,3,0
617,11100.0,50,1137,8,0,5,3,4,3,3,0
618,11800.0,50,1130,8,0,5,2,4,4,3,0
619,11300.0,50,1074,8,1,5,1,4,4,3,0
620,11800.0,50,1226,9,0,6,2,4,4,3,0
621,11300.0,50,1134,8,1,5,1,4,4,3,0
622,11800.0,50,1162,9,0,6,2,4,4,3,0
623,11800.0,50,1163,9,0,6,2,4,4,3,0
624,9600.0,50,1022,8,0,5,2,4,3,3,0
625,9600.0,50,929,6,0,4,2,3,3,2,0
626,11300.0,50,1137,8,1,5,1,4,4,3,0
627,11800.0,50,1090,8,0,5,2,4,4,3,0
628,11100.0,50,1046,8,0,5,3,4,3,3,0
629,11800.0,50,1098,8,0,5,2,4,4,3,0
630,11300.0,50,1066,8,1,5,1,4,4,3,0
631,11100.0,50,1137,8,0,5,3,4,3,3,0
632,11800.0,50,1130,8,0,5,2,4,4,3,0
633,11300.0,50,1074,8,1,5,1,4,4,3,0
634,11800.0,50,1226,9,0,6,2,4,4,3,0
635,11300.0,50,1134,8,1,5,1,4,4,3,0
636,11800.0,50,1162,9,0,6,2,4,4,3,0
637,11800.0,50,1163,9,0,6,2,4,4,3,0
638,9600.0,50,1022,8,0,5,2,4,3,3,0
639,9600.0,50,929,6,0,4,2,3,3,2,0
640,11300.0,50,1137,8,1,5,1,4,4,3,0
641,11800.0,50,1090,8,0,5,2,4,4,3,0
642,11100.0,50,1046,8,0,5,3,4,3,3,0
643,11800.0,50,1098,8,0,5,2,4,4,3,0
644,11300.0,50,1066,8,1,5,1,4,4,3,0
645,11100.0,50,1137,8,0,5,3,4,3,3,0
646,11800.0,50,1130,8,0,5,2,4,4,3,0
647,11300.0,50,1074,8,1,5,1,4,4,3,0
648,11800.0,50,1226,9,0,6,2,4,4,3,0
649,11300.0,50,1134,8,1,5,1,4,4,3,0
650,11800.0,50,1162,9,0,6,2,4,4,3,0
651,11800.0,50,1163,9,0,6,2,4,4,3,0
652,9600.0,50,1022,8,0,5,2,4,3,3,0
653,9600.0,50,929,6,0,4,2,3,3,2,0
654,11300.0,50,1137,8,1,5,1,4,4,3,0
655,11800.0,50,1090,8,0,5,2,4,4,3,0
656,11100.0,50,1046,8,0,5,3,4,3,3,0
657,11800.0,50,1098,8,0,5,2,4,4,3,0
658,11300.0,50,1066,8,1,5,1,4,4,3,0
659,11100.0,50,1137,8,0,5,3,4,3,3,0
660,11800.0,50,1130,8,0,5,2,4,4,3,0
661,11300.0,50,1074,8,1,5,1,4,4,3,0
662,11800.0,50,1226,9,0,6,2,4,4,3,0
663,11300.0,50,1134,8,1,5,1,4,4,3,0
664,11800.0,50,1162,9,0,6,2,4,4,3,0
665,11800.0,50,1163,9,0,6,2,4,4,3,0
666,9600.0,50,1022,8,0,5,2,4,3,3,0
667,9600.0,50,929,6,0,4,2,3,3,2,0
668,11300.0,50,1137,8,1,5,1,4,4,3,0
669,11800.0,50,1090,8,0,5,2,4,4,3,0
670,11100.0,50,1046,8,0,5,3,4,3,3,0
671,11800.0,50,1098,8,0,5,2,4,4,3,0
672,11300.0,50,1066,8,1,5,1,4,4,3,0
673,11100.0,50,1137,8,0,5,3,4,3,3,0
674,11800.0,50,1130,8,0,5,2,4,4,3,0
675,11300.0,50,1074,8,1,5,1,4,4,3,0
676,11800.0,50,1226,9,0,6,2,4,4,3,0
677,11300.0,50,1134,8,1,5,1,4,4,3,0
678,11800.0,50,1162,9,0,6,2,4,4,3,0
679,11800.0,50,1163,9,0,6,2,4,4,3,0
680,9600.0,50,1022,8,0,5,2,4,3,3,0
681,9600.0,50,929,6,0,4,2,3,3,2,0
682,11300.0,50,1137,8,1,5,1,4,4,3,0
683,11800.0,50,1090,8,0,5,2,4,4,3,0
684,11100.0,50,1046,8,0,5,3,4,3,3,0
685,11800.0,50,1098,8,0,5,2,4,4,3,0
686,11300.0,50,1066,8,1,5,1,4,4,3,0
687,11100.0,50,1137,8,0,5,3,4,3,3,0
688,11800.0,50,1130,8,0,5,2,4,4,3,0
689,11300.0,50,1074,8,1,5,1,4,4,3,0
690,11800.0,50,1226,9,0,6,2,4,4,3,0
691,11300.0,50,1134,8,1,5,1,4,4,3,0
692,11800.0,50,1162,9,0,6,2,4,4,3,0
693,11800.0,50,1163,9,0,6,2,4,4,3,0
694,9600.0,50,1022,8,0,5,2,4,3,3,0
695,9600.0,50,929,6,0,4,2,3,3,2,0
696,11300.0,50,1137,8,1,5,1,4,4,3,0
697,11800.0,50,1090,8,0,5,2,4,4,3,0
698,11100.0,50,1046,8,0,5,3,4,3,3,0
699,11800.0,50,1098,8,0,5,2,4,4,3,0
700,11300.0,50,1066,8,1,5,1,4,4,3,0
701,10100.0,55,964,7,2,4,1,3,3,2,0
702,11100.0,55,1069,7,0,4,3,3,3,2,0
703,11800.0,55,1109,8,0,5,2,4,4,3,0
704,11800.0,55,1205,9,0,6,2,4,4,3,0
705,11800.0,55,1172,9,0,6,2,4,4,3,0
706,11300.0,55,1152,8,1,5,1,4,4,3,0
707,11800.0,55,1250,9,0,6,2,4,4,3,0
708,11800.0,55,1217,9,0,6,2,4,4,3,0
709,11300.0,55,1115,8,1,5,1,4,4,3,0
710,12800.0,55,1212,9,1,6,2,4,4,3,0
711,12800.0,55,1213,9,1,6,2,4,4,3,0
712,13300.0,55,1226,9,0,6,3,4,4,3,0
713,11800.0,55,1163,9,0,6,2,4,4,3,0
714,11800.0,55,1176,9,0,6,2,4,4,3,0
715,14300.0,55,1377,10,1,6,3,4,4,3,0
716,11600.0,55,1048,7,2,4,2,3,3,2,0
717,11300.0,55,1108,8,1,5,1,4,4,3,0
718,13300.0,55,1327,9,0,6,3,4,4,3,0
719,11800.0,55,1208,9,0,6,2,4,4,3,0
720,11100.0,55,1009,7,0,4,3,3,3,2,0
721,12800.0,55,1304,9,1,6,2,4,4,3,0
722,11800.0,55,1181,9,0,6,2,4,4,3,0
723,11800.0,55,1150,8,0,5,2,4,4,3,0
724,13300.0,55,1289,9,0,6,3,4,4,3,0
725,11800.0,55,1153,9,0,6,2,4,4,3,0
726,11800.0,55,1149,8,0,5,2,4,4,3,0
727,13300.0,55,1293,9,0,6,3,4,4,3,0
728,11800.0,55,1158,9,0,6,2,4,4,3,0
729,12800.0,55,1257,9,1,6,2,4,4,3,0
730,11800.0,55,1127,8,0,5,2,4,4,3,0
731,11800.0,55,1144,8,0,5,2,4,4,3,0
732,11800.0,55,1159,9,0,6,2,4,4,3,0
733,13300.0,55,1302,9,0,6,3,4,4,3,0
734,12800.0,55,1233,9,1,6,2,4,4,3,0
735,12800.0,55,1230,9,1,6,2,4,4,3,0
736,14300.0,55,1358,10,1,6,3,4,4,3,0
737,11300.0,55,1199,9,1,6,1,4,4,3,0
738,11600.0,55,1082,7,2,4,2,3,3,2,0
739,14300.0,55,1336,9,1,6,3,4,4,3,0
740,12800.0,55,1275,9,1,6,2,4,4,3,0
741,13300.0,55,1292,9,0,6,3,4,4,3,0
742,13300.0,55,1271,9,0,6,3,4,4,3,0
743,11800.0,55,1177,9,0,6,2,4,4,3,0
744,11600.0,55,1092,7,2,4,2,3,3,2,0
745,13300.0,55,1294,9,0,6,3,4,4,3,0
746,12800.0,55,1219,9,1,6,2,4,4,3,0
747,11800.0,55,1223,9,0,6,2,4,4,3,0
748,11800.0,55,1217,9,0,6,2,4,4,3,0
749,11100.0,55,1050,7,0,4,3,3,3,2,0
750,11800.0,55,1147,8,0,5,2,4,4,3,0
751,11100.0,55,1064,7,0,4,3,3,3,2,0
752,12800.0,55,1228,9,1,6,2,4,4,3,0
753,11800.0,55,1155,9,0,6,2,4,4,3,0
754,11800.0,55,1218,9,0,6,2,4,4,3,0
755,11800.0,55,1167,9,0,6,2,4,4,3,0
756,11800.0,55,1158,9,0,6,2,4,4,3,0
757,12800.0,55,1262,9,1,6,2,4,4,3,0
758,11800.0,55,1154,9,0,6,2,4,4,3,0
759,11100.0,55,1142,8,0,5,3,4,3,3,0
760,12300.0,55,1200,9,2,6,1,4,4,3,0
761,11800.0,55,1182,9,0,6,2,4,4,3,0
762,13300.0,55,1285,9,0,6,3,4,4,3,0
763,11800.0,55,1157,9,0,6,2,4,4,3,0
764,12800.0,55,1261,9,1,6,2,4,4,3,0
765,12800.0,55,1253,9,1,6,2,4,4,3,0
766,11800.0,55,1225,9,0,6,2,4,4,3,0
767,12300.0,55,1286,9,2,6,1,4,4,3,0
768,11800.0,55,1135,8,0,5,2,4,4,3,0
769,11100.0,55,1131,8,0,5,3,4,3,3,0
770,12800.0,55,1223,9,1,6,2,4,4,3,0
771,11800.0,55,1166,9,0,6,2,4,4,3,0
772,11800.0,55,1153,9,0,6,2,4,4,3,0
773,12800.0,55,1247,9,1,6,2,4,4,3,0
774,11100.0,55,1082,7,0,4,3,3,3,2,0
775,11100.0,55,1044,7,0,4,3,3,3,2,0
776,11800.0,55,1184,9,0,6,2,4,4,3,0
777,11800.0,55,1177,9,0,6,2,4,4,3,0
778,11800.0,55,1128,8,0,5,2,4,4,3,0
779,11800.0,55,1193,9,0,6,2,4,4,3,0
780,11800.0,55,1208,9,0,6,2,4,4,3,0
781,11100.0,55,1037,7,0,4,3,3,3,2,0
782,12800.0,55,1216,9,1,6,2,4,4,3,0
783,11800.0,55,1119,8,0,5,2,4,4,3,0
784,11300.0,55,1130,8,1,5,1,4,4,3,0
785,12800.0,55,1234,9,1,6,2,4,4,3,0
786,11800.0,55,1229,9,0,6,2,4,4,3,0
787,12800.0,55,1210,9,1,6,2,4,4,3,0
788,12300.0,55,1162,9,2,6,1,4,4,3,0
789,11800.0,55,1162,9,0,6,2,4,4,3,0
790,12800.0,55,1258,9,1,6,2,4,4,3,0
791,10600.0,55,987,7,1,4,2,3,3,2,0
792,11800.0,55,1193,9,0,6,2,4,4,3,0
793,11800.0,55,1208,9,0,6,2,4,4,3,0
794,11100.0,55,1037,7,0,4,3,3,3,2,0
795,12800.0,55,1216,9,1,6,2,4,4,3,0
796,11800.0,55,1119,8,0,5,2,4,4,3,0
797,11300.0,55,1130,8,1,5,1,4,4,3,0
798,12800.0,55,1234,9,1,6,2,4,4,3,0
799,11800.0,55,1229,9,0,6,2,4,4,3,0
800,12800.0,55,1210,9,1,6,2,4,4,3,0
801,12800.0,60,1315,9,1,6,2,4,4,3,0
802,12800.0,60,1228,9,1,6,2,4,4,3,0
803,13300.0,60,1321,9,0,6,3,4,4,3,0
804,14300.0,60,1350,10,1,6,3,4,4,3,0
805,13800.0,60,1343,9,2,6,2,4,4,3,0
806,11800.0,60,1258,9,0,6,2,4,4,3,0
807,11800.0,60,1203,9,0,6,2,4,4,3,0
808,11800.0,60,1226,9,0,6,2,4,4,3,0
809,12800.0,60,1276,9,1,6,2,4,4,3,0
810,13300.0,60,1303,9,0,6,3,4,4,3,0
811,14300.0,60,1410,10,1,6,3,4,4,3,0
812,12800.0,60,1247,9,1,6,2,4,4,3,0
813,12800.0,60,1219,9,1,6,2,4,4,3,0
814,13300.0,60,1302,9,0,6,3,4,4,3,0
815,12800.0,60,1254,9,1,6,2,4,4,3,0
816,14300.0,60,1391,10,1,6,3,4,4,3,0
817,13300.0,60,1239,9,0,6,3,4,4,3,0
818,12800.0,60,1312,9,1,6,2,4,4,3,0
819,12800.0,60,1250,9,1,6,2,4,4,3,0
820,14300.0,60,1394,10,1,6,3,4,4,3,0
821,12800.0,60,1354,10,1,6,2,4,4,3,0
822,13800.0,60,1370,10,2,6,2,4,4,3,0
823,12800.0,60,1240,9,1,6,2,4,4,3,0
824,12600.0,60,1199,8,0,5,4,3,3,2,0
825,12800.0,60,1232,9,1,6,2,4,4,3,0
826,12800.0,60,1238,9,1,6,2,4,4,3,0
827,12100.0,60,1153,8,1,5,3,3,3,2,0
828,13300.0,60,1355,10,0,6,3,4,4,3,0
829,12800.0,60,1220,9,1,6,2,4,4,3,0
830,13300.0,60,1326,9,0,6,3,4,4,3,0
831,12800.0,60,1238,9,1,6,2,4,4,3,0
832,12100.0,60,1178,8,1,5,3,3,3,2,0
833,13800.0,60,1351,10,2,6,2,4,4,3,0
834,12100.0,60,1200,9,1,6,3,4,3,3,0
835,12600.0,60,1180,8,0,5,4,3,3,2,0
836,12600.0,60,1182,8,0,5,4,3,3,2,0
837,13800.0,60,1287,9,2,6,2,4,4,3,0
838,14300.0,60,1298,9,1,6,3,4,4,3,0
839,13300.0,60,1340,9,0,6,3,4,4,3,0
840,12800.0,60,1230,9,1,6,2,4,4,3,0
841,14300.0,60,1328,9,1,6,3,4,4,3,0
842,12100.0,60,1179,8,1,5,3,3,3,2,0
843,12600.0,60,1169,8,0,5,4,3,3,2,0
844,12600.0,60,1243,9,0,6,4,4,3,3,0
845,12800.0,60,1331,9,1,6,2,4,4,3,0
846,14800.0,60,1427,10,0,6,4,4,4,3,0
847,13300.0,60,1296,9,0,6,3,4,4,3,0
848,13300.0,60,1210,9,0,6,3,4,4,3,0
849,14800.0,60,1391,10,0,6,4,4,4,3,0
850,14800.0,60,1408,10,0,6,4,4,4,3,0
851,13300.0,60,1320,9,0,6,3,4,4,3,0
852,13300.0,60,1296,9,0,6,3,4,4,3,0
853,14300.0,60,1408,10,1,6,3,4,4,3,0
854,12600.0,60,1154,8,0,5,4,3,3,2,0
855,13300.0,60,1268,9,0,6,3,4,4,3,0
856,13800.0,60,1326,9,2,6,2,4,4,3,0
857,12800.0,60,1315,9,1,6,2,4,4,3,0
858,13300.0,60,1359,10,0,6,3,4,4,3,0
859,12800.0,60,1286,9,1,6,2,4,4,3,0
860,14300.0,60,1394,10,1,6,3,4,4,3,0
861,12800.0,60,1354,10,1,6,2,4,4,3,0
862,13800.0,60,1370,10,2,6,2,4,4,3,0
863,12800.0,60,1240,9,1,6,2,4,4,3,0
864,12600.0,60,1199,8,0,5,4,3,3,2,0
865,12800.0,60,1232,9,1,6,2,4,4,3,0
866,12800.0,60,1238,9,1,6,2,4,4,3,0
867,12100.0,60,1153,8,1,5,3,3,3,2,0
868,13300.0,60,1355,10,0,6,3,4,4,3,0
869,12800.0,60,1220,9,1,6,2,4,4,3,0
870,13300.0,60,1326,9,0,6,3,4,4,3,0
871,12800.0,60,1238,9,1,6,2,4,4,3,0
872,12100.0,60,1178,8,1,5,3,3,3,2,0
873,13800.0,60,1351,10,2,6,2,4,4,3,0
874,12100.0,60,1200,9,1,6,3,4,3,3,0
875,12600.0,60,1180,8,0,5,4,3,3,2,0
876,12600.0,60,1182,8,0,5,4,3,3,2,0
877,13800.0,60,1287,9,2,6,2,4,4,3,0
878,14300.0,60,1298,9,1,6,3,4,4,3,0
879,13300.0,60,1340,9,0,6,3,4,4,3,0
880,12800.0,60,1230,9,1,6,2,4,4,3,0
881,14300.0,60,1328,9,1,6,3,4,4,3,0
882,12100.0,60,1179,8,1,5,3,3,3,2,0
883,12600.0,60,1169,8,0,5,4,3,3,2,0
884,12600.0,60,1243,9,0,6,4,4,3,3,0
885,12800.0,60,1331,9,1,6,2,4,4,3,0
886,14800.0,60,1427,10,0,6,4,4,4,3,0
887,13300.0,60,1296,9,0,6,3,4,4,3,0
888,13300.0,60,1210,9,0,6,3,4,4,3,0
889,14800.0,60,1391,10,0,6,4,4,4,3,0
890,14800.0,60,1408,10,0,6,4,4,4,3,0
891,13300.0,60,1320,9,0,6,3,4,4,3,0
892,13300.0,60,1296,9,0,6,3,4,4,3,0
893,14300.0,60,1408,10,1,6,3,4,4,3,0
894,12600.0,60,1154,8,0,5,4,3,3,2,0
895,13300.0,60,1268,9,0,6,3,4,4,3,0
896,13800.0,60,1326,9,2,6,2,4,4,3,0
897,12800.0,60,1315,9,1,6,2,4,4,3,0
898,13300.0,60,1359,10,0,6,3,4,4,3,0
899,12800.0,60,1286,9,1,6,2,4,4,3,0
900,14300.0,60,1394,10,1,6,3,4,4,3,0
901,14300.0,65,1349,10,1,6,3,4,4,3,0
902,14300.0,65,1407,10,1,6,3,4,4,3,0
903,13300.0,65,1374,10,0,6,3,4,4,3,0
904,12800.0,65,1323,9,1,6,2,4,4,3,0
905,15300.0,65,1419,10,2,6,3,4,4,3,0
906,16300.0,65,1504,10,0,6,5,4,4,3,0
907,14800.0,65,1419,10,0,6,4,4,4,3,0
908,14300.0,65,1381,10,1,6,3,4,4,3,0
909,14100.0,65,1299,8,0,5,5,3,3,2,0
910,13600.0,65,1190,8,1,5,4,3,3,2,0
911,13300.0,65,1446,10,0,6,3,4,4,3,0
912,15800.0,65,1576,11,1,7,4,4,4,3,0
913,14800.0,65,1461,10,0,6,4,4,4,3,0
914,15300.0,65,1449,10,2,6,3,4,4,3,0
915,14800.0,65,1445,10,0,6,4,4,4,3,0
916,15800.0,65,1478,10,1,6,4,4,4,3,0
917,14800.0,65,1496,10,0,6,4,4,4,3,0
918,14800.0,65,1467,10,0,6,4,4,4,3,0
919,16800.0,65,1578,11,2,7,4,4,4,3,0
920,14800.0,65,1433,10,0,6,4,4,4,3,0
921,13300.0,65,1341,9,0,6,3,4,4,3,0
922,13100.0,65,1259,8,2,5,3,3,3,2,0
923,14300.0,65,1380,10,1,6,3,4,4,3,0
924,14800.0,65,1454,10,0,6,4,4,4,3,0
925,13300.0,65,1321,9,0,6,3,4,4,3,0
926,14300.0,65,1338,9,1,6,3,4,4,3,0
927,14300.0,65,1345,10,1,6,3,4,4,3,0
928,13300.0,65,1341,9,0,6,3,4,4,3,0
929,13300.0,65,1370,10,0,6,3,4,4,3,0
930,14800.0,65,1453,10,0,6,4,4,4,3,0
931,15800.0,65,1481,10,1,6,4,4,4,3,0
932,14800.0,65,1396,10,0,6,4,4,4,3,0
933,14800.0,65,1442,10,0,6,4,4,4,3,0
934,14800.0,65,1450,10,0,6,4,4,4,3,0
935,14800.0,65,1413,10,0,6,4,4,4,3,0
936,15800.0,65,1489,10,1,6,4,4,4,3,0
937,14300.0,65,1451,10,1,6,3,4,4,3,0
938,14800.0,65,1488,10,0,6,4,4,4,3,0
939,14300.0,65,1366,10,1,6,3,4,4,3,0
940,14300.0,65,1355,10,1,6,3,4,4,3,0
941,17300.0,65,1521,10,1,6,5,4,4,3,0
942,14300.0,65,1385,10,1,6,3,4,4,3,0
943,14800.0,65,1376,10,0,6,4,4,4,3,0
944,15800.0,65,1491,10,1,6,4,4,4,3,0
945,14300.0,65,1305,9,1,6,3,4,4,3,0
946,14300.0,65,1496,10,1,6,3,4,4,3,0
947,14800.0,65,1437,10,0,6,4,4,4,3,0
948,13800.0,65,1370,10,2,6,2,4,4,3,0
949,14800.0,65,1529,10,0,6,4,4,4,3,0
950,14300.0,65,1353,10,1,6,3,4,4,3,0
951,14800.0,65,1482,10,0,6,4,4,4,3,0
952,15300.0,65,1428,10,2,6,3,4,4,3,0
953,13300.0,65,1341,9,0,6,3,4,4,3,0
954,14800.0,65,1459,10,0,6,4,4,4,3,0
955,14300.0,65,1357,10,1,6,3,4,4,3,0
956,13600.0,65,1256,8,1,5,4,3,3,2,0
957,14300.0,65,1384,10,1,6,3,4,4,3,0
958,14800.0,65,1529,10,0,6,4,4,4,3,0
959,14300.0,65,1353,10,1,6,3,4,4,3,0
960,14800.0,65,1482,10,0,6,4,4,4,3,0
961,15300.0,65,1428,10,2,6,3,4,4,3,0
962,13300.0,65,1341,9,0,6,3,4,4,3,0
963,14800.0,65,1459,10,0,6,4,4,4,3,0
964,14300.0,65,1357,10,1,6,3,4,4,3,0
965,13600.0,65,1256,8,1,5,4,3,3,2,0
966,14300.0,65,1384,10,1,6,3,4,4,3,0
967,14800.0,65,1529,10,0,6,4,4,4,3,0
968,14300.0,65,1353,10,1,6,3,4,4,3,0
969,14800.0,65,1482,10,0,6,4,4,4,3,0
970,15300.0,65,1428,10,2,6,3,4,4,3,0
971,13300.0,65,1341,9,0,6,3,4,4,3,0
972,14800.0,65,1459,10,0,6,4,4,4,3,0
973,14300.0,65,1357,10,1,6,3,4,4,3,0
974,13600.0,65,1256,8,1,5,4,3,3,2,0
975,14300.0,65,1384,10,1,6,3,4,4,3,0
976,14800.0,65,1529,10,0,6,4,4,4,3,0
977,14300.0,65,1353,10,1,6,3,4,4,3,0
978,14800.0,65,1482,10,0,6,4,4,4,3,0
979,15300.0,65,1428,10,2,6,3,4,4,3,0
980,13300.0,65,1341,9,0,6,3,4,4,3,0
981,14800.0,65,1459,10,0,6,4,4,4,3,0
982,14300.0,65,1357,10,1,6,3,4,4,3,0
983,13600.0,65,1256,8,1,5,4,3,3,2,0
984,14300.0,65,1384,10,1,6,3,4,4,3,0
985,14800.0,65,1529,10,0,6,4,4,4,3,0
986,14300.0,65,1353,10,1,6,3,4,4,3,0
987,14800.0,65,1482,10,0,6,4,4,4,3,0
988,15300.0,65,1428,10,2,6,3,4,4,3,0
989,13300.0,65,1341,9,0,6,3,4,4,3,0
990,14800.0,65,1459,10,0,6,4,4,4,3,0
991,14300.0,65,1357,10,1,6,3,4,4,3,0
992,13600.0,65,1256,8,1,5,4,3,3,2,0
993,14300.0,65,1384,10,1,6,3,4,4,3,0
994,14800.0,65,1529,10,0,6,4,4,4,3,0
995,14300.0,65,1353,10,1,6,3,4,4,3,0
996,14800.0,65,1482,10,0,6,4,4,4,3,0
997,15300.0,65,1428,10,2,6,3,4,4,3,0
998,13300.0,65,1341,9,0,6,3,4,4,3,0
999,14800.0,65,1459,10,0,6,4,4,4,3,0
1000,14300.0,65,1357,10,1,6,3,4,4,3,0
