,offer_01,offer_02,offer_03,offer_04,offer_05,offer_06,offer_07,offer_08,offer_09,bids_01,bids_02,bids_03,bids_04,bids_05,bids_06,bids_07,bids_08,bids_09,Time,Iteration
0,0.0,0.0,0.0,0.0,0.0,0.0,0.0,0.0,0.0,0.164759,0.015474,0.008544,0.016488,0.008075,0.008102,0.011203,0.018921,0.009443,16,0
1,0.0,0.0,0.0,0.0,0.0,0.0,0.0,0.0,0.0,0.046788,0.042866,0.041101,0.312515,0.033699,0.311079,0.060076,0.300774,0.043988,17,0
2,0.0,0.0,0.0,0.0,0.0,0.0,0.0,0.0,0.0,0.409218,0.182356,0.140261,0.17506,1.347247,0.219605,0.12957,0.066598,0.07146,18,0
3,0.0,0.0,0.0,0.0,0.0,0.0,0.0,0.0,0.0,0.228052,0.066211,0.068898,1.620225,0.047668,0.428454,0.194298,1.114874,0.112964,19,0
4,0.0,0.0,0.0,0.0,0.0,0.0,0.0,0.0,0.0,0.329322,1.242661,1.269471,0.079713,1.440959,0.92016,0.895604,1.761735,0.728106,20,0
5,0.0,0.0,0.0,0.0,0.0,0.0,0.0,0.0,0.0,1.918837,1.425337,0.061369,0.962317,0.051726,0.226188,0.978802,0.212863,1.403703,21,0
6,0.0,0.0,0.0,0.0,0.0,0.0,0.0,0.0,0.0,0.803812,1.195772,1.667555,0.079249,0.132228,2.269961,0.111318,0.389701,0.638768,22,0
7,0.0,0.0,0.0,0.0,0.0,0.0,0.0,0.0,0.0,1.498546,1.407131,0.507632,0.058826,0.405616,0.456202,0.426227,0.192085,1.130958,23,0
8,0.0,0.0,0.0,0.0,0.0,0.0,0.0,0.0,0.0,0.378481,0.175571,0.182027,0.469532,1.163848,1.248967,0.968088,0.689261,0.459523,24,0
9,0.0,0.0,0.0,0.0,0.0,0.0,0.0,0.0,0.0,0.328801,2.022719,0.256195,0.782508,0.263343,0.021998,0.304778,0.02916,0.425498,25,0
10,0.0,0.0,0.0,0.0,0.0,0.0,0.0,0.0,0.0,0.256781,0.177691,0.039025,0.491093,0.383414,0.501413,0.741652,1.247905,0.576859,26,0
11,0.0,0.0,0.0,0.0,0.0,0.0,0.0,0.0,0.0,1.328837,0.276152,1.771199,0.060238,2.074244,0.497282,0.18688,0.235233,0.205869,27,0
12,0.0,0.0,0.0,0.0,0.0,0.0,0.0,0.0,0.0,1.02539,0.676971,1.230208,2.91553,1.615415,0.595344,1.880516,0.623248,0.676299,28,0
13,0.0,0.0,0.0,0.0,0.0,0.0,0.0,0.0,0.0,2.380919,1.898631,1.338957,2.766554,1.281131,1.48666,1.975199,2.158825,2.921332,29,0
14,0.0,0.0,0.0,0.0,0.0,0.0,0.0,0.0,0.0,0.941533,1.024558,1.465165,0.408543,1.502409,1.228758,0.826266,0.837378,2.314236,30,0
15,0.0,0.0,0.0,0.0,0.0,0.0,0.0,0.0,0.0,0.03061,0.855361,1.066075,0.043669,0.016239,0.040357,0.815989,0.670666,0.028923,31,0
16,0.0,0.0,0.0,0.0,0.0,0.0,0.0,0.0,0.0,0.06856,0.093077,0.084692,0.071986,0.065556,0.073938,0.079403,0.052326,0.075446,32,0
17,0.0,0.0,0.0,0.0,0.0,0.0,0.0,0.0,0.0,0.235321,0.208466,0.412781,0.518295,0.20658,0.382518,0.511232,0.372275,0.187778,33,0
18,0.0,0.0,0.0,0.0,0.0,0.0,0.0,0.0,0.0,0.015555,0.002443,0.029753,0.16567,0.021669,0.265604,0.017503,0.009653,0.166821,34,0
19,0.0,0.0,0.000657,0.0,0.010246,0.029697,0.0,0.0,0.019464,0.006307,0.026684,0.0,0.009766,0.0,0.0,0.006913,0.0,0.0,35,0
20,0.034402,0.029965,0.047676,0.038676,0.033203,0.001412,0.045408,0.042926,0.012355,0.0,0.0,0.0,0.0,0.0,0.0,0.0,0.0,0.0,36,0
21,0.032566,0.025213,0.032962,0.018397,0.019315,0.024495,0.033345,0.005278,0.033147,0.0,0.0,0.0,0.0,0.0,0.0,0.0,0.0,0.0,37,0
22,0.0,0.0,0.0014,0.0,0.0,0.0,0.003004,0.0,0.0,0.001209,0.002084,0.0,0.056864,0.195139,0.08541,0.0,0.010429,0.032899,38,0
23,0.011756,0.011586,0.005684,0.002495,0.008766,0.006971,0.01266,0.0,0.006784,0.0,0.0,0.0,0.0,0.0,0.0,0.0,0.001081,0.0,39,0
0,0.0,0.0,0.0,0.0,0.0,0.0,0.0,0.0,0.0,0.207948,0.165474,0.008544,0.166488,0.008075,0.008102,0.540114,0.018921,0.009443,16,1
1,0.0,0.0,0.0,0.0,0.0,0.0,0.0,0.0,0.0,1.187205,1.004801,0.417614,1.724738,0.763339,0.864486,1.112002,1.173606,1.475007,17,1
2,0.0,0.0,0.0,0.0,0.0,0.0,0.0,0.0,0.0,1.001176,0.774314,0.732219,1.743145,1.939205,1.917164,1.852929,0.658556,1.205766,18,1
3,0.0,0.0,0.0,0.0,0.0,0.0,0.0,0.0,0.0,2.179741,2.0179,1.933749,2.056337,0.562441,0.943227,0.806746,1.727322,0.725412,19,1
4,0.477655,0.0,0.0,1.497368,0.0,0.656921,1.098279,0.232148,0.269393,0.0,0.16046,0.18727,0.0,0.0,0.0,0.0,0.0,0.0,20,1
5,0.0,0.0,0.90938,0.0,0.0,0.0,0.0,0.0,0.0,0.511028,0.017528,0.0,1.182278,0.310584,0.288453,1.23766,0.341122,1.662561,21,1
6,0.651219,0.259259,0.0,0.0,0.0,0.0,0.0,0.0,0.0,0.0,0.0,0.212524,0.290885,0.343864,0.81493,0.322954,0.599479,0.850404,22,1
7,0.0,0.0,0.0,0.0,0.0,0.0,0.0,0.0,0.0,1.248656,1.157241,0.257742,0.97521,1.701026,1.344095,1.843004,1.403798,0.881068,23,1
8,0.0,0.0,0.0,0.445107,0.0,0.0,0.0,0.0,0.0,1.678549,0.814556,1.57054,0.0,0.249209,0.334328,0.256751,0.028216,0.857288,24,1
9,0.0,0.0,0.0,0.0,0.0,0.0,0.0,0.0,0.0,1.727134,3.421052,1.654528,2.180841,1.661676,1.420331,1.703111,1.427493,1.823831,25,1
10,0.0,0.0,0.0,0.0,0.0,0.0,0.0,0.0,0.0,1.674281,1.595191,1.456525,0.74691,0.639231,0.75723,1.046009,1.552262,0.881216,26,1
11,0.0,0.526449,0.0,0.0,0.0,0.0,0.0,0.0,0.0,0.526236,0.0,0.968598,0.527646,1.271643,0.96469,0.777818,0.826171,0.796807,27,1
12,0.0,0.212781,0.0,0.176937,0.017943,1.465157,2.538774,1.753693,0.229535,0.135638,0.0,0.340456,0.0,0.0,0.0,0.0,0.0,0.0,28,1
13,1.712484,0.417966,0.97764,0.55266,0.0,0.080196,1.389163,1.393169,0.751123,0.0,0.0,0.0,0.0,0.0,0.0,0.0,0.0,0.0,29,1
14,0.745157,0.662132,0.0,1.080207,0.438413,0.819952,0.916339,0.905227,0.0,0.0,0.0,0.022914,0.0,0.0,0.0,0.0,0.0,0.02012,30,1
15,0.0,0.0,0.0,0.0,0.0,0.0,0.0,0.0,0.0,2.296054,2.70189,1.60866,1.241634,2.195153,2.167926,2.694014,2.621283,0.981357,31,1
16,0.0,0.0,0.0,0.0,0.0,0.0,0.0,0.0,0.0,1.742848,1.093657,1.516793,2.270383,0.575757,1.93793,2.747752,1.920885,0.762898,32,1
17,0.0,0.0,0.0,0.0,0.0,0.0,0.0,0.0,0.0,0.184511,0.388253,0.338313,0.816382,0.386367,0.486846,0.809319,0.670362,0.335355,33,1
18,0.0,0.0,0.0,0.0,0.0,0.0,0.0,0.0,0.0,0.010164,0.002443,0.364612,0.171061,0.021669,0.360284,0.017503,0.358131,0.166821,34,1
19,0.0,0.0,0.0,0.0,0.002549,0.017525,0.0,0.0,0.0,0.006307,0.017149,0.000458,0.126225,0.0,0.0,0.00605,0.333131,0.002533,35,1
20,0.0,0.0,0.0,0.0,0.0,0.0,0.0,0.0,0.0,0.068273,0.019205,0.071937,0.04785,0.081774,0.059787,0.025051,0.081629,0.080475,36,1
21,0.0,0.0,0.0,0.0,0.0,0.0,0.0,0.0,0.0,0.031938,0.002201,0.068439,0.030066,0.046577,0.033229,0.001486,0.107747,0.093139,37,1
22,0.0,0.0,0.0014,0.0,0.0,0.004601,0.003004,0.0,0.0,0.001209,0.002084,0.0,0.009924,0.006572,0.0,0.0,0.010429,0.003988,38,1
23,0.0,0.0,0.0,0.0,0.0,0.0,0.0,0.0,0.0,0.0,0.0,0.0,0.0,0.0,0.0,0.0,0.001081,0.0,39,1
0,0.0,0.0,0.0,0.0,0.0,0.0,0.0,0.0,0.0,0.207948,0.160083,0.008544,0.166488,0.008075,0.008102,0.358234,0.614666,0.009443,16,2
1,0.0,0.0,0.108899,0.374597,0.042301,0.153309,0.32723,0.225638,0.869112,0.007712,0.042866,0.0,0.0,0.0,0.0,0.0,0.0,0.0,17,2
2,0.742129,0.0,1.087042,1.696949,1.214863,1.292508,1.426751,1.983402,1.07854,0.0,0.057888,0.0,0.0,0.0,0.0,0.0,0.0,0.0,18,2
3,2.074476,2.236316,0.714194,2.582698,1.473794,1.473794,2.571611,2.782326,2.26516,0.0,0.0,0.0,0.0,0.0,0.0,0.0,0.0,0.0,19,2
4,0.0,0.0,0.0,0.0,0.0,0.0,0.0,0.0,0.0,5.307175,5.210459,4.713783,3.837389,5.642472,4.873616,5.590657,6.18027,4.242911,20,2
5,0.0,0.0,0.0,0.0,0.270031,0.292162,0.0,0.349662,0.0,0.056253,0.197042,0.04246,0.601663,0.0,0.0,0.546876,0.0,0.971777,21,2
6,0.0,0.0,0.0,0.0,0.0,0.0,0.0,0.0,0.0,2.657552,3.049512,1.021295,1.099656,1.152635,1.623701,1.131725,1.40825,1.659175,22,2
7,2.576982,1.87489,0.41303,2.089792,1.363976,1.720907,2.032039,2.471245,2.471245,0.0,0.0,0.0,0.0,0.0,0.0,0.0,0.0,0.0,23,2
8,0.0,0.0,0.0,0.0,0.0,0.0,0.0,0.0,0.0,2.167552,1.303559,2.059543,1.710563,0.738212,0.823331,0.745754,0.517219,1.346291,24,2
9,3.217865,1.523947,3.290471,0.0,2.811098,1.427297,1.535079,1.997191,1.997191,0.0,0.0,0.0,0.053098,0.0,0.0,0.0,0.0,0.0,25,2
10,1.369363,1.448453,1.587119,0.004732,1.462714,1.344715,1.055936,0.549683,1.220729,0.0,0.0,0.0,0.0,0.0,0.0,0.0,0.0,0.0,26,2
11,0.0,0.0,0.930358,0.544316,0.0,0.107272,0.0,0.44919,0.011369,0.025722,0.015373,0.0,0.0,0.199681,0.0,0.0,0.0,0.0,27,2
12,0.0,0.0,0.0,0.0,0.0,0.0,0.0,0.0,0.0,3.271034,3.832222,4.681513,4.550636,5.45542,4.131514,4.248268,5.613507,5.222044,28,2
13,0.0,0.0,0.0,0.0,0.0,0.0,0.0,0.0,0.0,5.768271,4.489632,4.489632,4.840023,5.392683,5.312487,5.387076,5.38307,5.869306,29,2
14,0.0,0.0,0.0,0.0,0.0,0.0,0.0,0.0,0.0,4.003435,2.523689,3.208735,3.185821,3.185821,3.185821,3.089434,3.100546,4.025893,30,2
15,0.433055,0.260949,0.372817,0.072788,0.126765,0.642939,1.152493,0.952119,0.264542,0.0,0.0,0.0,0.0,0.0,0.0,0.0,0.0,0.0,31,2
16,0.0,0.0,0.0,0.138176,0.138176,0.236053,0.0,0.318092,0.084714,0.391446,0.0,0.165391,0.0,0.0,0.0,0.0,0.0,0.0,32,2
17,0.0,0.0,0.0,0.0,0.0,0.0,0.0,0.0,0.0,0.184511,0.388253,0.337421,0.342866,0.386367,0.740872,1.408834,1.094467,0.331196,33,2
18,0.0,0.0,0.0,0.0,0.0,0.0,0.0,0.0,0.0,0.15755,0.061131,0.462518,0.116362,0.021669,0.360284,0.017503,0.377924,0.172213,34,2
19,0.022604,0.037626,0.0,0.0,0.007116,0.0,0.008228,0.0,0.0,0.0,0.0,0.056033,0.0,0.0,0.042868,0.0,0.334653,0.009447,35,2
20,0.034402,0.029965,0.035504,0.012651,0.011828,0.022486,0.022453,0.037535,0.041266,0.0,0.0,0.0,0.0,0.0,0.0,0.0,0.0,0.0,36,2
21,0.032566,0.025213,0.0,0.0,0.0,0.0,0.0,0.0,0.001267,0.0,0.0,0.010227,0.00747,0.057082,0.055108,0.009843,0.068934,0.0,37,2
22,0.0,0.0,0.0,0.0,0.0,0.004601,0.0,0.0,0.0,0.049913,0.074755,0.010772,0.056864,0.094237,0.0,0.050421,0.053618,0.003988,38,2
23,0.001081,0.001081,0.001081,0.001081,0.001081,0.001081,0.001081,0.0,0.001081,0.0,0.0,0.0,0.0,0.0,0.0,0.0,0.001081,0.0,39,2
0,0.0,0.0,0.0,0.0,0.0,0.0,0.0,0.681079,0.0,0.014759,0.160083,0.008544,0.050236,0.008075,0.008102,0.008234,0.0,0.009443,16,3
1,0.0,0.0,0.0,0.0,0.0,0.0,0.0,0.0,0.0,1.001043,0.254496,0.191101,0.102731,0.102731,0.05576,0.242585,0.045455,0.043988,17,3
2,0.0,0.0,0.0,0.0,0.0,0.0,0.0,0.0,0.0,1.23462,1.938708,0.820923,1.976749,0.423864,0.864345,1.899104,1.899104,0.995928,18,3
3,0.0,0.0,0.0,0.0,0.0,0.0,0.0,0.0,0.0,2.26516,2.26516,2.26516,2.26516,2.26516,2.26516,2.26516,2.26516,2.765675,19,3
4,3.29528,3.388642,2.939064,2.877908,3.100766,3.66717,3.937793,4.959829,4.070042,0.0,0.0,0.0,0.0,0.0,0.0,0.0,0.0,0.0,20,3
5,0.0,0.0,0.0,0.0,0.0,0.0,0.0,0.0,0.0,1.620524,2.021955,1.871577,2.138618,1.559086,1.536955,2.014742,1.479455,2.800894,21,3
6,2.210186,3.671776,3.846443,3.546293,4.577555,4.488445,4.962314,5.244111,5.540243,0.0,0.0,0.0,0.0,0.0,0.0,0.0,0.0,0.0,22,3
7,0.0,0.0,0.0,0.0,0.0,0.0,0.0,0.0,0.0,4.143215,4.143215,5.605075,5.536656,6.606317,6.606317,6.480072,6.040866,6.040866,23,3
8,4.348487,1.982667,4.218664,3.868128,3.948689,3.088693,4.332413,4.46494,4.2324,0.0,0.0,0.0,0.0,0.0,0.0,0.0,0.0,0.0,24,3
9,0.0,0.0,0.0,0.0,0.0,0.0,0.0,0.0,0.0,3.742619,3.742619,3.742619,4.631659,5.368581,5.618204,5.805339,6.29027,6.29027,25,3
10,0.0,0.0,0.0,0.0,0.0,0.0,0.0,0.0,0.0,5.316969,5.237879,5.099213,4.156543,4.733275,4.322982,5.016119,6.36725,5.939486,26,3
11,0.0,0.0,0.0,0.0,0.0,0.0,0.0,0.0,0.0,3.875114,2.392089,3.037109,1.057915,3.085131,1.694457,2.123581,3.473257,2.262381,27,3
12,0.298342,0.202824,0.185625,1.14012,1.815516,1.68178,2.681817,2.201712,0.863653,0.0,0.0,0.0,0.0,0.0,0.0,0.0,0.0,0.0,28,3
13,1.487736,0.450763,0.519601,0.0,0.0,0.0,0.39632,0.519034,0.177687,0.0,0.0,0.0,0.0,0.0,0.0,0.0,0.0,0.0,29,3
14,2.640928,2.007298,1.161143,0.556927,0.273065,0.688741,1.771747,1.331344,0.290298,0.0,0.0,0.0,0.0,0.0,0.0,0.0,0.0,0.0,30,3
15,0.0,0.0,0.0,0.0,0.0,0.0,0.0,0.0,0.0,3.273042,3.162261,2.612384,2.816624,3.180606,2.664432,2.858226,2.355252,1.601628,31,3
16,0.0,0.0,0.0,0.0,0.0,0.0,0.0,0.0,0.0,1.735227,0.930536,0.629361,0.688731,0.423931,0.87972,2.08248,1.52963,0.330366,32,3
17,0.0,0.0,0.0,0.0,0.0,0.097308,0.0,0.0,0.0,0.184511,0.038253,0.337421,0.209527,0.036367,0.0,0.778253,0.44913,0.172556,33,3
18,0.0,0.0,0.0,0.0,0.0,0.0,0.0,0.0,0.0,0.10719,0.005412,0.014612,0.015394,0.021669,0.360284,0.017503,0.358131,0.166821,34,3
19,0.022604,0.037626,0.042205,0.023775,0.014737,0.041869,0.037139,0.0,0.026378,0.0,0.0,0.0,0.0,0.0,0.0,0.0,0.333131,0.0,35,3
20,0.0,0.0,0.0,0.0,0.0,0.0,0.0,0.0,0.0,0.064662,0.045886,0.057594,0.064348,0.069763,0.069755,0.061522,0.0696,0.052381,36,3
21,0.032566,0.025213,0.032962,0.018397,0.019315,0.024495,0.033345,0.0,0.033147,0.0,0.0,0.0,0.0,0.0,0.0,0.0,0.032402,0.0,37,3
22,0.0,0.0,0.0014,0.0,0.0,0.004601,0.003004,0.0,0.0,0.001209,0.002084,0.0,0.009924,0.008095,0.0,0.0,0.054615,0.003988,38,3
23,0.0,0.0,0.0,0.0,0.0,0.0,0.0,0.0,0.0,0.0,0.0,0.0,0.0,0.0,0.0,0.0,0.001081,0.0,39,3
0,0.0,0.0,0.0,0.0,0.0,0.0,0.0,0.0,0.0,0.088163,0.160083,0.008544,0.166488,0.008075,0.008102,0.358234,0.018921,0.009443,16,4
1,0.0,0.0,0.0,0.0,0.0,0.0,0.0,0.0,0.0,0.993596,0.792866,0.191101,1.098795,0.609231,0.45576,1.068117,0.876306,1.043988,17,4
2,0.0,0.0,0.025917,0.0,0.735241,0.29476,0.527366,0.0,0.586485,0.441337,0.426679,0.0,0.010688,0.0,0.0,0.0,0.013878,0.0,18,4
3,1.104735,1.104735,1.104735,2.542962,2.152332,2.287763,2.571611,3.138469,2.26516,0.0,0.0,0.0,0.0,0.0,0.0,0.0,0.0,0.0,19,4
4,0.0,0.0,0.0,0.0,0.0,0.0,0.0,0.0,0.0,3.889541,3.731571,3.022402,3.100766,4.71338,3.466085,4.432349,5.35546,4.173706,20,4
5,0.569599,0.168168,0.318546,1.720868,2.3004,2.322531,2.866418,2.786817,1.544979,0.0,0.0,0.0,0.0,0.0,0.0,0.0,0.0,0.0,21,4
6,0.0,0.0,0.0,0.0,0.0,0.0,0.0,0.0,0.0,7.401961,5.827397,5.900468,5.244111,5.244111,5.175637,5.244111,5.970117,6.169874,22,4
7,4.380083,3.852337,2.918223,2.807858,4.611865,4.528017,5.001294,5.305577,5.948057,0.0,0.0,0.0,0.0,0.0,0.0,0.0,0.0,0.0,23,4
8,0.0,0.0,0.0,0.0,0.0,0.0,0.0,0.0,0.0,5.679962,4.537343,5.050608,4.8221,7.321093,7.339853,6.968547,7.572749,7.45947,24,4
9,3.056837,0.690487,2.124261,0.0,0.699832,0.0,0.0,0.0,0.0,0.0,0.0,0.0,0.012828,0.0,0.293064,0.083261,0.276225,0.966468,25,4
10,4.820836,2.315073,4.62025,1.872032,1.872032,1.872032,5.035995,5.261738,5.990458,0.0,0.0,0.0,0.0,0.0,0.0,0.0,0.0,0.0,26,4
11,1.782755,3.26578,2.62076,3.26406,3.828555,3.288368,1.610043,3.192277,2.820919,0.0,0.0,0.0,0.0,0.0,0.0,0.0,0.0,0.0,27,4
12,0.0,0.0,0.0,0.0,0.0,0.0,0.0,0.0,0.0,3.806863,3.902381,3.902381,4.166337,3.549332,3.549332,4.879942,4.029437,5.367496,28,4
13,0.0,0.0,0.0,0.0,0.0,0.0,0.0,0.0,0.0,3.730718,2.653748,4.373333,3.170294,4.226544,3.192916,3.450852,4.620793,4.948971,29,4
14,0.0,0.0,0.0,0.0,0.0,0.0,0.0,0.0,0.0,4.069343,3.799088,4.527906,3.992394,4.693186,4.254037,3.619967,3.619967,3.626818,30,4
15,1.502997,0.821119,0.55262,0.210963,0.264941,0.851516,1.482648,1.34343,0.264542,0.0,0.0,0.0,0.0,0.0,0.0,0.0,0.0,0.0,31,4
16,0.0,0.0,0.0,0.0,0.0,0.0,0.0,0.0,0.0,1.610112,0.730898,0.504246,0.0,0.0,0.0,0.927399,0.474769,0.0,32,4
17,0.0,0.0,0.0,0.0,0.0,0.0,0.0,0.0,0.0,0.192132,0.388253,0.337421,0.342866,0.386367,0.740872,1.791019,1.133028,0.331196,33,4
18,0.0,0.0,0.0,0.0,0.0,0.0,0.0,0.0,0.0,0.019307,0.002443,0.014612,0.01567,0.063218,0.360284,0.017503,0.358131,0.166821,34,4
19,0.022604,0.037626,0.042205,0.023775,0.014737,0.041869,0.037139,0.0,0.026378,0.0,0.0,0.0,0.0,0.0,0.0,0.0,0.334653,0.0,35,4
20,0.034402,0.029965,0.006127,0.038676,0.036172,0.052221,0.045408,0.042926,0.041266,0.0,0.0,0.0,0.0,0.0,0.0,0.0,0.0,0.0,36,4
21,0.0,0.0,0.0,0.0,0.0,0.0,0.0,0.0,0.0,0.154381,0.047458,0.120171,0.036164,0.106252,0.053586,0.052255,0.127263,0.03995,37,4
22,0.0,0.0,0.0,0.0,0.0,0.004601,0.003004,0.0,0.0,0.001209,0.002084,0.016163,0.009924,0.006572,0.0,0.0,0.098703,0.003988,38,4
23,0.001081,0.001081,0.001081,0.001081,0.001081,0.001081,0.001081,0.0,0.001081,0.0,0.0,0.0,0.0,0.0,0.0,0.0,0.001081,0.0,39,4
0,0.0,0.0,0.0,0.0,0.0,0.0,0.0,0.0,0.0,0.058138,0.160083,0.008544,0.166488,0.008075,0.008102,0.037145,0.018921,0.009443,16,5
1,1.111212,0.446076,0.0,0.759244,0.46462,0.29424,0.272269,0.46408,0.296398,0.0,0.0,0.074849,0.0,0.0,0.0,0.0,0.0,0.0,17,5
2,0.0,0.0,0.0,0.0,0.202393,0.0,0.0,0.0,0.0,1.340072,0.99612,0.108078,0.741654,0.0,0.336728,1.153642,1.48027,0.597258,18,5
3,0.0,0.0,0.0,0.0,0.0,0.0,0.0,0.0,0.0,2.26516,2.26516,2.229987,2.26516,2.26516,2.26516,2.26516,2.26516,2.756323,19,5
4,2.898586,3.056556,2.252905,2.877908,3.100766,3.66717,3.747933,4.894369,3.719662,0.0,0.0,0.0,0.0,0.0,0.0,0.0,0.0,0.0,20,5
5,0.0,0.0,0.0,0.0,0.0,0.0,0.0,0.0,0.0,2.787114,3.188545,3.038167,3.038167,3.402092,2.458635,2.458635,2.458635,2.458635,21,5
6,4.793158,2.898572,4.160629,3.498384,4.278075,4.077145,4.989414,5.284851,5.669932,0.0,0.0,0.0,0.0,0.0,0.0,0.0,0.0,0.0,22,5
7,0.0,0.0,0.0,0.0,0.0,0.0,0.0,0.0,0.0,6.418745,5.976831,5.676515,5.206321,6.606317,6.212613,6.042855,6.240846,6.386322,23,5
8,4.219744,3.747641,4.619316,4.07217,4.335399,4.434972,4.516614,4.794556,5.243384,0.0,0.0,0.0,0.0,0.0,0.0,0.0,0.0,0.0,24,5
9,0.0,0.0,0.0,0.0,0.0,0.0,0.0,0.0,0.0,2.539182,2.124823,1.142991,2.354809,1.642149,2.107969,2.973684,3.166648,3.758627,25,5
10,0.0,0.0,0.0,0.0,0.0,0.0,0.0,0.0,0.0,6.776993,5.169181,6.045258,4.132583,6.606317,5.012538,4.187105,5.121056,5.548444,26,5
11,0.0,0.0,0.0,0.0,0.0,0.0,0.0,0.0,0.0,4.654751,4.311398,5.51294,6.41457,5.037354,6.41457,6.642549,6.681166,6.681166,27,5
12,0.088666,0.0,0.520545,1.244225,1.815516,1.68178,3.032006,2.66033,1.016128,0.0,0.0,0.0,0.0,0.0,0.0,0.0,0.0,0.0,28,5
13,1.146027,0.653588,0.184681,0.0,0.0,0.0,0.0,0.0,0.0,0.0,0.0,0.0,0.0,0.0,0.0,0.0,0.0,0.0,29,5
14,3.192312,2.007298,1.161143,0.556927,0.273065,0.688741,1.771747,1.331344,0.290298,0.0,0.0,0.0,0.0,0.0,0.0,0.0,0.0,0.0,30,5
15,0.0,0.0,0.0,0.0,0.0,0.0,0.0,0.0,0.0,3.558596,2.362235,1.456992,1.477394,2.55314,2.185988,3.324429,3.187301,1.630539,31,5
16,0.0,0.0,0.0,0.0,0.0,0.0,0.0,0.0,0.0,1.524066,0.930536,0.629361,0.688731,0.423931,0.505772,1.645868,1.265973,0.330366,32,5
17,0.0,0.0,0.0,0.0,0.0,0.0,0.0,0.0,0.0,0.184511,0.038253,0.337421,0.342866,0.036367,0.252673,1.210187,0.431701,0.331196,33,5
18,0.0,0.0,0.0,0.0,0.0,0.0,0.0,0.0,0.0,0.008641,0.002443,0.014612,0.015394,0.021669,0.360284,0.017503,0.357534,0.166821,34,5
19,0.022604,0.037626,0.042205,0.023775,0.014737,0.041869,0.037139,0.0,0.026378,0.0,0.0,0.0,0.0,0.0,0.0,0.0,0.333131,0.0,35,5
20,0.0,0.0,0.0,0.0,0.0,0.0,0.0,0.0,0.0,0.057748,0.048881,0.062985,0.017408,0.032706,0.040019,0.004582,0.036677,0.02347,36,5
21,0.032566,0.025213,0.032962,0.018397,0.019315,0.024495,0.033345,0.010669,0.033147,0.0,0.0,0.0,0.0,0.0,0.0,0.0,0.0,0.0,37,5
22,0.0,0.0,0.0014,0.0,0.0,0.004601,0.003004,0.0,0.0,0.001209,0.002084,0.0,0.009924,0.006572,0.0,0.0,0.015821,0.003988,38,5
23,0.0,0.0,0.0,0.0,0.0,0.0,0.0,0.0,0.0,0.0,0.0,0.0,0.0,0.0,0.0,0.0,0.001081,0.0,39,5
0,0.0,0.0,0.0,0.0,0.0,0.0,0.0,0.0,0.0,0.088163,0.160083,0.008544,0.166488,0.008075,0.008102,0.358234,0.05938,0.009443,16,6
1,0.0,0.0,0.0,0.0,0.0,0.0,0.0,0.0,0.0,1.036785,0.983005,0.541101,1.098795,0.665467,0.831611,1.1092,0.835847,1.043988,17,6
2,0.0,0.0,0.0,0.0,0.0,0.0,0.0,0.0,0.0,0.604606,0.260654,0.926129,0.81105,0.055675,0.406124,0.435553,0.762174,0.684994,18,6
3,1.069562,1.069562,1.104735,2.535384,2.152332,2.19488,2.571611,3.129117,2.26516,0.0,0.0,0.0,0.0,0.0,0.0,0.0,0.0,0.0,19,6
4,0.0,0.0,0.0,0.0,0.0,0.0,0.0,0.0,0.0,3.612544,3.882635,3.022402,3.100766,4.424875,3.460766,4.350527,5.148988,4.114336,20,6
5,2.527907,0.309475,1.206059,3.535976,3.844312,1.749602,2.159321,4.835719,2.159321,0.0,0.0,0.0,0.0,0.0,0.0,0.0,0.0,0.0,21,6
6,0.0,0.0,0.0,0.0,0.0,0.0,0.0,0.0,0.0,6.628757,5.637257,5.676,4.935906,5.284851,5.284851,5.284851,6.175188,6.229244,22,6
7,4.801254,3.852337,4.594752,2.807858,4.611865,4.552737,5.001294,5.305577,5.948057,0.0,0.0,0.0,0.0,0.0,0.0,0.0,0.0,0.0,23,6
8,0.0,0.0,0.0,0.0,0.0,0.0,0.0,0.0,0.0,6.686975,4.386279,5.050608,6.759279,7.507832,6.656173,7.359465,7.525637,7.396565,24,6
9,0.0,0.0,0.445438,0.0,0.607416,0.0,0.0,0.0,0.0,0.227724,0.044254,0.0,1.08326,0.0,0.83257,0.028742,1.145605,1.31345,25,6
10,4.081793,2.298304,3.775097,2.427035,2.427035,2.427035,2.427035,2.427035,5.799258,0.0,0.0,0.0,0.0,0.0,0.0,0.0,0.0,0.0,26,6
11,4.456131,3.640017,3.597942,2.616111,2.616111,4.491962,4.999108,5.265137,4.157352,0.0,0.0,0.0,0.0,0.0,0.0,0.0,0.0,0.0,27,6
12,0.0,0.0,0.0,0.0,0.0,0.0,0.0,0.0,0.0,3.71999,3.808656,3.808656,4.285669,4.285669,4.285669,4.285669,4.657345,6.245283,28,6
13,0.0,0.0,0.0,0.0,0.0,0.0,0.0,0.0,0.0,3.826733,2.747472,4.467058,3.08894,3.500251,2.456579,4.033151,3.600309,4.151211,29,6
14,0.0,0.0,0.0,0.0,0.0,0.0,0.0,0.0,0.0,4.069343,3.799088,4.402374,2.331756,4.693186,4.45797,3.243224,4.171351,3.626818,30,6
15,0.471356,0.91082,0.55262,0.593874,0.466407,0.992939,1.89511,1.475399,0.282002,0.0,0.0,0.0,0.0,0.0,0.0,0.0,0.0,0.0,31,6
16,0.0,0.0,0.0,0.0,0.0,0.0,0.0,0.0,0.0,1.373114,0.730898,0.629361,0.495937,0.224293,0.160054,0.86615,0.486255,0.330366,32,6
17,0.0,0.0,0.0,0.0,0.0,0.0,0.0,0.0,0.0,0.184511,0.388253,0.337421,0.342866,0.386367,0.740872,1.378345,1.094467,0.331196,33,6
18,0.0,0.0,0.0,0.0,0.0,0.0,0.0,0.0,0.0,0.008641,0.002443,0.067867,0.01567,0.026161,0.360284,0.017503,0.358131,0.166821,34,6
19,0.022604,0.037626,0.042205,0.023775,0.014737,0.041869,0.037139,0.0,0.026378,0.0,0.0,0.0,0.0,0.0,0.0,0.0,0.333131,0.0,35,6
20,0.034402,0.029965,0.047676,0.033284,0.036172,0.052221,0.045408,0.030754,0.041266,0.0,0.0,0.0,0.0,0.0,0.0,0.0,0.0,0.0,36,6
21,0.0,0.0,0.0,0.0,0.0,0.0,0.0,0.0,0.0,0.120336,0.047458,0.126028,0.030773,0.14034,0.053586,0.052255,0.126657,0.03995,37,6
22,0.0,0.0,0.0014,0.0,0.0,0.004601,0.003004,0.0,0.0,0.044398,0.002084,0.0,0.009924,0.006572,0.0,0.0,0.010429,0.003988,38,6
23,0.001081,0.001081,0.001081,0.001081,0.001081,0.001081,0.001081,0.0,0.001081,0.0,0.0,0.0,0.0,0.0,0.0,0.0,0.001081,0.0,39,6
0,0.0,0.0,0.0,0.0,0.0,0.0,0.0,0.0,0.0,0.164759,0.160083,0.008544,0.166488,0.008075,0.008102,0.358234,0.444453,0.009443,16,7
1,1.111212,0.707134,0.000392,0.942941,0.781642,0.29424,0.720362,0.993715,0.785574,0.0,0.0,0.0,0.0,0.0,0.0,0.0,0.0,0.0,17,7
2,0.0,0.0,0.0,0.0,0.0,0.250105,0.0,0.26024,0.0,0.854332,0.383889,0.108078,0.899622,0.511019,0.0,0.457978,0.0,1.065631,18,7
3,0.0,0.0,0.0,0.0,0.0,0.0,0.0,0.0,0.0,2.580983,2.57153,2.26516,2.733707,2.246294,2.26516,2.453921,3.107006,2.562776,19,7
4,3.04965,2.779559,2.126972,2.877908,3.100766,3.66717,3.747933,4.894377,3.719662,0.0,0.0,0.0,0.0,0.0,0.0,0.0,0.0,0.0,20,7
5,0.0,0.0,0.0,0.0,0.0,0.0,0.0,0.0,0.0,4.537936,4.228461,3.801123,6.336867,5.229601,6.373358,6.373358,6.063883,5.871197,21,7
6,4.146727,2.674104,4.208891,3.690964,4.278075,4.077145,4.989414,5.284843,5.639984,0.0,0.0,0.0,0.0,0.0,0.0,0.0,0.0,0.0,22,7
7,0.0,0.0,0.0,0.0,0.0,0.0,0.0,0.0,0.0,6.588958,5.198108,7.015506,3.946931,6.606317,4.767765,6.232138,5.608823,6.349166,23,7
8,4.827137,3.747641,4.619316,3.709373,4.335399,4.434972,4.516614,4.794556,5.277278,0.0,0.0,0.0,0.0,0.0,0.0,0.0,0.0,0.0,24,7
9,0.0,0.0,0.0,0.0,0.0,0.0,0.0,0.0,0.0,1.0386,1.204295,0.47683,0.793842,0.064653,0.543152,0.428233,0.856187,1.024032,25,7
10,0.0,0.0,0.0,0.0,0.0,0.0,0.0,0.0,0.0,4.473802,5.947904,4.725339,4.725339,4.725339,4.725339,4.725339,5.095524,5.660939,26,7
11,0.0,0.0,0.0,0.0,0.0,0.0,0.0,0.0,0.0,6.78773,4.299193,5.449259,4.874821,5.832482,4.737526,5.267017,7.427814,6.702848,27,7
12,0.088666,0.0,0.520545,1.160128,1.815516,1.68178,2.873666,2.66033,0.916075,0.0,0.0,0.0,0.0,0.0,0.0,0.0,0.0,0.0,28,7
13,1.146027,0.653588,0.184681,0.0,0.0,0.0,0.0,0.0,0.0,0.0,0.0,0.0,0.0,0.0,0.0,0.0,0.0,0.0,29,7
14,3.192312,2.007298,1.161143,0.556927,0.273065,0.688741,1.771747,1.331344,0.290298,0.0,0.0,0.0,0.0,0.0,0.0,0.0,0.0,0.0,30,7
15,0.0,0.0,0.0,0.0,0.0,0.0,0.0,0.0,0.0,3.602749,2.366786,1.45547,1.355155,3.261268,3.980051,3.406101,2.781982,1.167245,31,7
16,0.0,0.0,0.0,0.0,0.0,0.0,0.0,0.0,0.0,1.524066,0.930536,0.629361,0.688731,0.181644,0.278212,1.403055,0.97127,0.330366,32,7
17,0.0,0.0,0.0,0.0,0.0,0.0,0.0,0.0,0.0,0.184511,0.038253,0.337421,0.235153,0.278654,0.480234,1.250194,0.909406,0.203045,33,7
18,0.0,0.0,0.0,0.0,0.0,0.0,0.0,0.0,0.0,0.008641,0.002443,0.014612,0.015394,0.021669,0.360284,0.017503,0.357534,0.166821,34,7
19,0.022604,0.037626,0.042205,0.023775,0.014737,0.041869,0.037139,0.0,0.026378,0.0,0.0,0.0,0.0,0.0,0.0,0.0,0.333131,0.0,35,7
20,0.0,0.0,0.0,0.0,0.0,0.0,0.0,0.0,0.0,0.013595,0.04433,0.064508,0.015178,0.004928,0.00234,0.018334,0.042068,0.061232,36,7
21,0.032566,0.025213,0.032962,0.018397,0.019315,0.024495,0.033345,0.010669,0.033147,0.0,0.0,0.0,0.0,0.0,0.0,0.0,0.0,0.0,37,7
22,0.0,0.0,0.0014,0.0,0.0,0.004601,0.003004,0.0,0.0,0.001209,0.002084,0.0,0.009924,0.006572,0.0,0.0,0.010429,0.003988,38,7
23,0.0,0.0,0.0,0.0,0.0,0.0,0.0,0.0,0.0,0.0,0.0,0.0,0.0,0.0,0.0,0.0,0.001081,0.0,39,7
0,0.0,0.0,0.0,0.0,0.0,0.0,0.0,0.223599,0.0,0.088163,0.160083,0.008544,0.166488,0.008075,0.008102,0.358234,0.0,0.009443,16,8
1,0.0,0.0,0.0,0.0,0.0,0.0,0.0,0.0,0.0,1.001766,0.975384,0.415569,1.098795,0.994379,0.831611,1.262169,1.193963,1.300336,17,8
2,0.0,0.0,0.0,0.0,0.0,0.0,0.0,0.0,0.0,0.417461,1.453633,0.926129,1.323264,0.566313,0.877705,1.22275,0.84213,0.62876,18,8
3,1.57084,1.580293,1.772274,2.718698,2.152332,2.287763,2.571611,3.333419,2.26516,0.0,0.0,0.0,0.0,0.0,0.0,0.0,0.0,0.0,19,8
4,0.0,0.0,0.0,0.0,0.0,0.0,0.0,0.0,0.0,3.483299,3.882635,3.022402,3.100766,4.095971,3.460766,4.347565,5.431017,4.129112,20,8
5,1.226565,1.53604,1.53604,3.495236,4.427274,4.259286,4.980497,5.257657,5.010222,0.0,0.0,0.0,0.0,0.0,0.0,0.0,0.0,0.0,21,8
6,0.0,0.0,0.0,0.0,0.0,0.0,0.0,0.0,0.0,6.404289,5.644878,5.676,5.18367,5.284843,5.284843,5.284843,5.849971,6.182587,22,8
7,4.801254,3.852337,4.594752,2.807858,4.571125,4.471257,4.900514,5.194277,5.783257,0.0,0.0,0.0,0.0,0.0,0.0,0.0,0.0,0.0,23,8
8,0.0,0.0,0.0,0.0,0.0,0.0,0.0,0.0,0.0,7.075707,4.386279,5.050608,6.519923,7.507832,7.373896,7.229678,7.525637,7.411152,24,8
9,0.0,0.0,0.0,0.0,0.0,0.0,0.0,0.0,0.0,0.442109,0.607804,1.547006,1.095425,0.341038,0.431009,0.80952,1.237474,1.405319,25,8
10,4.154363,2.206071,3.48757,2.419946,1.219611,2.419946,3.910612,4.922736,4.998147,0.0,0.0,0.0,0.0,0.0,0.0,0.0,0.0,0.0,26,8
11,4.380245,3.640017,4.621282,3.71381,4.610739,2.034023,2.510347,2.510347,2.510347,0.0,0.0,0.0,0.0,0.0,0.0,0.0,0.0,0.0,27,8
12,0.0,0.0,0.0,0.0,0.0,0.0,0.0,0.0,0.0,3.701006,3.789672,3.789672,4.185616,4.185616,4.185616,4.185616,4.398952,6.143207,28,8
13,0.0,0.0,0.0,0.0,0.0,0.0,0.0,0.0,0.0,3.851109,2.766457,4.486042,3.164924,3.600305,2.556632,4.133204,3.858702,4.229642,29,8
14,0.0,0.0,0.0,0.0,0.0,0.0,0.0,0.0,0.0,4.069343,3.799088,4.527906,2.339311,4.693186,3.740256,3.223011,4.171351,3.40235,30,8
15,0.458425,0.91082,0.55262,0.0,0.466407,0.992939,2.152384,1.475399,0.132002,0.0,0.0,0.0,0.015386,0.0,0.0,0.0,0.0,0.0,31,8
16,0.0,0.0,0.0,0.0,0.0,0.0,0.0,0.0,0.0,0.420158,0.730898,0.528891,0.688731,0.224293,0.160054,1.07074,0.64155,0.330366,32,8
17,0.0,0.0,0.0,0.0,0.0,0.0,0.0,0.0,0.0,0.184511,0.388253,0.337421,0.342866,0.386367,0.740872,1.791019,1.094467,0.331196,33,8
18,0.0,0.0,0.0,0.0,0.0,0.0,0.0,0.0,0.0,0.010164,0.002443,0.068333,0.01567,0.026161,0.360284,0.017503,0.358131,0.166821,34,8
19,0.0,0.037626,0.042205,0.023775,0.014737,0.041869,0.037139,0.0,0.026378,0.006307,0.0,0.0,0.0,0.0,0.0,0.0,0.333131,0.0,35,8
20,0.034402,0.029965,0.047676,0.033284,0.036172,0.052221,0.045408,0.030754,0.041266,0.0,0.0,0.0,0.0,0.0,0.0,0.0,0.0,0.0,36,8
21,0.0,0.0,0.0,0.0,0.0,0.0,0.0,0.0,0.0,0.120079,0.047458,0.125563,0.030773,0.14034,0.053586,0.052255,0.126657,0.03995,37,8
22,0.0,0.0,0.0014,0.0,0.0,0.004601,0.003004,0.0,0.0,0.00883,0.002084,0.0,0.009924,0.006572,0.0,0.0,0.010429,0.003988,38,8
23,0.001081,0.001081,0.001081,0.001081,0.001081,0.001081,0.001081,0.0,0.001081,0.0,0.0,0.0,0.0,0.0,0.0,0.0,0.001081,0.0,39,8
0,0.0,0.0,0.0,0.0,0.0,0.0,0.0,0.0,0.0,0.164759,0.160083,0.008544,0.166488,0.008075,0.008102,0.358234,0.444453,0.009443,16,9
1,0.0,0.0,0.10062,0.272824,0.816301,0.29424,0.855776,0.987545,0.018312,0.011101,0.302515,0.0,0.0,0.0,0.0,0.0,0.0,0.0,17,9
2,0.5165,0.0,0.007832,0.021232,0.128436,0.18928,0.0,0.002463,0.0,0.0,0.519672,0.0,0.0,0.0,0.0,0.344388,0.0,0.126236,18,9
3,0.0,0.0,0.0,0.0,0.0,0.0,0.0,0.0,0.0,2.374745,2.57153,1.697621,2.733707,2.234122,2.26516,2.453921,3.107006,2.756323,19,9
4,3.04965,2.650314,1.997727,2.877908,3.100766,3.66717,3.910693,4.696768,3.719662,0.0,0.0,0.0,0.0,0.0,0.0,0.0,0.0,0.0,20,9
5,0.0,0.0,0.0,0.0,0.0,0.0,0.0,0.0,0.0,4.872349,4.768384,5.785007,5.326228,5.418531,5.517028,6.241294,6.257841,5.476586,21,9
6,2.674104,2.674104,4.208891,2.860334,2.860334,2.860334,4.989414,5.284851,5.639984,0.0,0.0,0.0,0.0,0.0,0.0,0.0,0.0,0.0,22,9
7,0.0,0.0,0.0,0.0,0.0,0.0,0.0,0.0,0.0,4.981511,4.330023,4.87508,4.675654,6.606317,4.816868,5.139667,5.608823,6.349166,23,9
8,4.827137,3.747641,4.619316,3.709373,4.600479,4.574772,3.358772,4.992157,5.277278,0.0,0.0,0.0,0.0,0.0,0.0,0.0,0.0,0.0,24,9
9,0.4673,0.157833,0.0,0.0,0.543911,0.65047,0.434158,0.0,0.0,0.0,0.0,0.563112,0.013946,0.0,0.0,0.0,0.458339,1.08682,25,9
10,0.0,0.0,0.0,0.0,0.0,0.0,0.0,0.0,0.0,6.046142,4.485138,5.318812,3.937902,4.567457,4.207392,4.774494,5.095524,5.660939,26,9
11,0.0,0.0,0.0,0.0,0.0,0.0,0.0,0.0,0.0,6.067517,6.090121,4.706472,4.433534,6.606317,6.606317,6.95106,6.828537,6.47838,27,9
12,0.030123,0.0,0.520545,1.244225,1.815516,1.68178,3.182436,2.66033,1.016128,0.0,0.0,0.0,0.0,0.0,0.0,0.0,0.0,0.0,28,9
13,1.146027,0.653588,0.184681,0.0,0.0,0.0,0.0,0.0,0.0,0.0,0.0,0.0,0.0,0.0,0.0,0.0,0.0,0.0,29,9
14,3.192312,2.007298,1.161143,0.556927,0.273065,0.688741,1.6015,1.331344,0.290298,0.0,0.0,0.0,0.0,0.0,0.0,0.0,0.0,0.0,30,9
15,0.0,0.0,0.0,0.0,0.0,0.0,0.0,0.0,0.0,4.351154,2.352327,2.334255,2.84516,2.452952,3.381656,2.925421,3.156868,1.573384,31,9
16,0.0,0.0,0.0,0.0,0.0,0.0,0.0,0.0,0.0,1.45781,0.930536,0.629361,0.688731,0.423931,0.472146,1.605861,1.477653,0.330366,32,9
17,0.0,0.0,0.0,0.0,0.0,0.0,0.0,0.0,0.0,0.184511,0.038253,0.337421,0.342866,0.036367,0.2863,1.250194,0.553642,0.331196,33,9
18,0.0,0.0,0.0,0.0,0.0,0.0,0.0,0.0,0.0,0.008641,0.002443,0.014612,0.015394,0.021669,0.360284,0.017503,0.357534,0.166821,34,9
19,0.022604,0.037626,0.042205,0.023775,0.014737,0.041869,0.037139,0.0,0.026378,0.0,0.0,0.0,0.0,0.0,0.0,0.0,0.333131,0.0,35,9
20,0.0,0.0,0.0,0.0,0.0,0.0,0.0,0.0,0.0,0.020509,0.058789,0.059116,0.035812,0.020534,0.057117,0.009973,0.072502,0.080625,36,9
21,0.032566,0.025213,0.032962,0.018397,0.019315,0.024495,0.033345,0.010669,0.033147,0.0,0.0,0.0,0.0,0.0,0.0,0.0,0.0,0.0,37,9
22,0.0,0.0,0.0014,0.0,0.0,0.004601,0.003004,0.0,0.0,0.001209,0.002084,0.0,0.009924,0.006572,0.0,0.0,0.010429,0.003988,38,9
23,0.0,0.0,0.0,0.0,0.0,0.0,0.0,0.0,0.0,0.0,0.0,0.0,0.0,0.0,0.0,0.0,0.001081,0.0,39,9
0,0.0,0.0,0.0,0.0,0.0,0.0,0.0,0.0,0.0,0.014759,0.160083,0.008544,0.166488,0.008075,0.008102,0.358234,0.018921,0.009443,16,10
1,0.0,0.0,0.0,0.0,0.0,0.0,0.0,0.0,0.0,1.215451,0.792866,0.191101,0.955332,0.609231,0.502685,0.502685,0.502685,0.502685,17,10
2,0.0,0.0,0.0,0.0,0.0,0.0,0.0,0.0,0.0,0.771987,1.453633,0.926129,0.732544,0.45022,1.022386,1.788182,1.195538,1.163081,18,10
3,1.003301,1.804381,1.680425,2.718698,2.152332,2.287763,2.571611,3.333419,2.26516,0.0,0.0,0.0,0.0,0.0,0.0,0.0,0.0,0.0,19,10
4,0.0,0.0,0.0,0.0,0.0,0.0,0.0,0.0,0.0,3.022402,3.882635,3.022402,3.100766,4.619055,2.877908,4.391609,5.509432,4.188551,20,10
5,4.643747,3.182351,3.54551,3.495236,4.427274,4.259286,4.980497,5.245297,5.010222,0.0,0.0,0.0,0.0,0.0,0.0,0.0,0.0,0.0,21,10
6,0.0,0.0,0.0,0.0,0.0,0.0,0.0,0.0,0.0,6.404289,5.858684,5.909452,4.492289,5.284851,5.013615,5.284851,4.989414,4.989414,22,10
7,3.836896,3.852337,3.943327,2.807858,4.571125,4.3801,4.900514,5.071621,5.825837,0.0,0.0,0.0,0.0,0.0,0.0,0.0,0.0,0.0,23,10
8,0.0,0.0,0.0,0.0,0.0,0.0,0.0,0.0,0.0,7.040565,3.730185,3.730185,6.18878,7.507832,7.702822,6.531805,7.539961,7.226352,24,10
9,0.0,0.0,0.0,0.0,0.0,0.0,0.0,0.0,0.0,2.997488,3.306955,3.43374,3.137548,2.770812,2.814318,3.03063,3.251915,4.393775,25,10
10,3.715536,2.325007,3.044246,2.704174,4.343406,2.704174,4.581865,4.728484,5.524763,0.0,0.0,0.0,0.0,0.0,0.0,0.0,0.0,0.0,26,10
11,4.822388,3.640017,4.621282,3.529771,3.529771,3.529771,3.465398,3.465398,3.465398,0.0,0.0,0.0,0.0,0.0,0.0,0.0,0.0,0.0,27,10
12,0.0,0.0,0.0,0.0,0.0,0.0,0.0,0.0,0.0,3.71999,3.750113,3.750113,4.227126,4.227126,4.227126,4.227126,4.749232,6.370815,28,10
13,0.0,0.0,0.0,0.0,0.0,0.0,0.0,0.0,0.0,3.532648,2.983514,4.763822,2.884897,3.523186,2.465556,4.02745,3.583381,4.156531,29,10
14,0.0,0.0,0.0,0.0,0.0,0.0,0.0,0.0,0.0,3.899096,3.799088,4.527906,3.339203,4.555242,4.011483,4.070883,4.171351,3.797031,30,10
15,1.129736,0.91082,0.55262,0.533233,0.466407,0.992939,2.102746,1.444453,0.216862,0.0,0.0,0.0,0.0,0.0,0.0,0.0,0.0,0.0,31,10
16,0.0,0.0,0.0,0.0,0.0,0.0,0.0,0.0,0.0,1.207321,0.730898,0.599806,0.387039,0.224293,0.160054,0.688464,0.274122,0.227542,32,10
17,0.0,0.0,0.0,0.0,0.0,0.0,0.0,0.0,0.0,0.157094,0.388253,0.310004,0.315449,0.386367,0.740872,1.791019,0.836681,0.303779,33,10
18,0.0,0.0,0.0,0.0,0.0,0.0,0.0,0.0,0.0,0.037552,0.002443,0.056161,0.01567,0.033841,0.360284,0.017503,0.358131,0.166821,34,10
19,0.022604,0.037626,0.042205,0.023775,0.014737,0.041869,0.037139,0.0,0.026378,0.0,0.0,0.0,0.0,0.0,0.0,0.0,0.333131,0.0,35,10
20,0.034402,0.029965,0.035504,0.033284,0.036172,0.052221,0.045408,0.042926,0.041266,0.0,0.0,0.0,0.0,0.0,0.0,0.0,0.0,0.0,36,10
21,0.0,0.0,0.0,0.0,0.0,0.0,0.0,0.0,0.0,0.118573,0.047458,0.125563,0.030773,0.13266,0.053586,0.052255,0.126657,0.03995,37,10
22,0.0,0.0,0.0014,0.0,0.0,0.004601,0.003004,0.0,0.0,0.001209,0.002084,0.0,0.009924,0.006572,0.0,0.0,0.022601,0.003988,38,10
23,0.001081,0.001081,0.001081,0.001081,0.001081,0.001081,0.001081,0.0,0.001081,0.0,0.0,0.0,0.0,0.0,0.0,0.0,0.001081,0.0,39,10
0,0.0,0.0,0.0,0.0,0.0,0.0,0.0,0.0,0.0,0.164759,0.160083,0.008544,0.166488,0.008075,0.008102,0.358234,0.444453,0.009443,16,11
1,0.0,0.0,0.0,0.0,0.0,0.0,0.0,0.0,0.0,0.917001,0.792866,0.191101,1.013944,0.609231,0.311079,0.561297,0.450774,0.561297,17,11
2,0.357796,0.0,0.0,0.233879,0.995245,0.260628,0.0,1.044923,0.0,0.0,0.53637,0.181482,0.0,0.0,0.0,0.126066,0.0,0.08606,18,11
3,0.0,0.0,0.0,0.0,0.0,0.0,0.0,0.0,0.0,2.374745,2.57153,2.26516,2.733707,2.152987,2.26516,2.453921,3.107006,2.698501,19,11
4,3.04965,2.189417,1.53683,2.877908,3.025053,3.66717,3.778091,4.919089,3.852202,0.0,0.0,0.0,0.0,0.0,0.0,0.0,0.0,0.0,20,11
5,0.0,0.0,0.0,0.0,0.0,0.0,0.0,0.0,0.0,5.310647,5.493916,6.031211,4.200697,5.147195,6.385015,5.255124,5.762315,5.289727,21,11
6,2.907556,1.430763,2.856788,2.962731,2.962731,2.962731,4.989414,5.284851,5.772524,0.0,0.0,0.0,0.0,0.0,0.0,0.0,0.0,0.0,22,11
7,0.0,0.0,0.0,0.0,0.0,0.0,0.0,0.0,0.0,6.378319,4.330023,4.87508,3.822463,5.010038,5.018996,5.465012,7.365924,6.638527,23,11
8,3.604983,3.747641,4.619316,3.709373,4.482483,4.482483,4.482483,4.482483,4.482483,0.0,0.0,0.0,0.0,0.0,0.0,0.0,0.0,0.0,24,11
9,2.479472,2.271793,1.8404,0.863151,1.168024,1.156772,0.556373,0.233486,0.0,0.0,0.0,0.0,0.0,0.0,0.0,0.0,0.0,0.093563,25,11
10,0.0,0.0,0.0,0.0,0.0,0.0,0.0,0.0,0.0,4.37593,5.43301,5.398675,6.606317,6.141048,4.581865,5.029181,5.029181,5.660939,26,11
11,0.0,0.0,0.0,0.0,0.0,0.0,0.0,0.0,0.0,6.657943,4.416717,4.686259,5.130013,6.606317,4.618112,6.812762,6.24853,6.433699,27,11
12,0.088666,0.0,0.520545,1.083305,1.815516,1.68178,3.032006,2.66033,0.863653,0.0,0.0,0.0,0.0,0.0,0.0,0.0,0.0,0.0,28,11
13,1.146027,0.653588,0.151241,0.0,0.0,0.0,0.0,0.0,0.0,0.0,0.0,0.0,0.0,0.0,0.0,0.0,0.0,0.0,29,11
14,3.192312,2.007298,1.161143,0.556927,0.273065,0.688741,1.771747,1.331344,0.290298,0.0,0.0,0.0,0.0,0.0,0.0,0.0,0.0,0.0,30,11
15,0.0,0.0,0.0,0.0,0.0,0.0,0.0,0.0,0.0,3.602749,2.355296,1.462384,1.472002,2.825141,3.91346,3.477398,2.514346,1.587093,31,11
16,0.0,0.0,0.0,0.0,0.0,0.0,0.0,0.0,0.0,1.524066,0.930536,0.629361,0.688731,0.252623,0.717573,2.022258,1.477653,0.330366,32,11
17,0.0,0.0,0.0,0.0,0.0,0.0,0.0,0.0,0.0,0.184511,0.038253,0.337421,0.136757,0.207675,0.040872,0.833797,0.624083,0.091181,33,11
18,0.0,0.0,0.0,0.0,0.0,0.0,0.0,0.0,0.0,0.008641,0.002443,0.014612,0.015394,0.021669,0.360284,0.017503,0.357534,0.166821,34,11
19,0.022604,0.037626,0.042205,0.023775,0.014737,0.041869,0.037139,0.0,0.026378,0.0,0.0,0.0,0.0,0.0,0.0,0.0,0.333131,0.0,35,11
20,0.0,0.0,0.0,0.0,0.0,0.0,0.0,0.0,0.0,0.013595,0.05582,0.057594,0.022799,0.023503,0.06893,0.001613,0.065023,0.066916,36,11
21,0.032566,0.025213,0.032962,0.018397,0.019315,0.024495,0.033345,0.010669,0.033147,0.0,0.0,0.0,0.0,0.0,0.0,0.0,0.0,0.0,37,11
22,0.0,0.0,0.0014,0.0,0.0,0.004601,0.003004,0.0,0.0,0.001209,0.002084,0.0,0.009924,0.006572,0.0,0.0,0.010429,0.003988,38,11
23,0.0,0.0,0.0,0.0,0.0,0.0,0.0,0.0,0.0,0.0,0.0,0.0,0.0,0.0,0.0,0.0,0.001081,0.0,39,11
0,0.0,0.0,0.0,0.0,0.0,0.0,0.0,0.0,0.0,0.056724,0.165474,0.008544,0.166488,0.008075,0.008102,0.390114,0.444453,0.009443,16,12
1,0.582852,0.655579,0.0,0.220036,0.720081,0.29424,0.190647,1.154545,0.295104,0.0,0.0,0.191101,0.0,0.0,0.0,0.0,0.0,0.0,17,12
2,0.0,0.0,0.0,0.0,0.0,0.0,0.0,0.0,0.0,1.730681,1.745356,1.381837,1.662037,1.439289,0.997913,1.933094,1.415421,1.22146,18,12
3,1.57084,1.374055,1.680425,2.718698,2.152332,2.287763,2.565738,3.333419,2.22442,0.0,0.0,0.0,0.0,0.0,0.0,0.0,0.0,0.0,19,12
4,0.0,0.0,0.0,0.0,0.0,0.0,0.0,0.0,0.0,3.022402,3.022402,3.022402,3.025053,2.877908,2.877908,2.877908,5.509432,4.208764,20,12
5,4.643747,2.308751,2.308751,3.495236,4.427274,4.259286,4.986371,4.986371,5.050962,0.0,0.0,0.0,0.0,0.0,0.0,0.0,0.0,0.0,21,12
6,0.0,0.0,0.0,0.0,0.0,0.0,0.0,0.0,0.0,5.160948,3.730185,3.730185,4.949686,5.284851,5.04585,5.284851,4.989414,4.989414,22,12
7,3.836896,3.852337,4.594752,3.651178,4.571125,4.441437,4.900514,5.293217,5.825837,0.0,0.0,0.0,0.0,0.0,0.0,0.0,0.0,0.0,23,12
8,0.0,0.0,0.0,0.0,0.0,0.0,0.0,0.0,0.0,7.210778,3.730185,3.730185,6.155561,7.526933,7.434993,7.359465,7.501906,7.115407,24,12
9,0.0,0.0,0.0,0.0,0.0,0.0,0.0,0.0,0.0,5.320745,5.528424,5.528424,3.634854,5.155699,4.016432,5.184947,5.187301,5.591464,25,12
10,3.715536,2.325007,3.49993,1.892947,3.412438,1.892947,4.581865,4.73847,5.477083,0.0,0.0,0.0,0.0,0.0,0.0,0.0,0.0,0.0,26,12
11,4.822388,3.640017,4.621282,3.923683,4.460739,4.243492,3.465398,3.465398,3.465398,0.0,0.0,0.0,0.0,0.0,0.0,0.0,0.0,0.0,27,12
12,0.0,0.0,0.0,0.0,0.0,0.0,0.0,0.0,0.0,3.691059,3.779725,3.779725,4.133194,4.133194,4.133194,4.133194,4.50487,6.301547,28,12
13,0.0,0.0,0.0,0.0,0.0,0.0,0.0,0.0,0.0,3.633228,3.496552,4.356233,3.020498,3.226163,2.201453,4.050177,3.091512,3.778111,29,12
14,0.0,0.0,0.0,0.0,0.0,0.0,0.0,0.0,0.0,4.069343,3.799088,4.527906,3.022402,4.693186,4.266803,3.243224,4.171351,3.922562,30,12
15,0.471072,0.91082,0.55262,0.013283,0.264941,0.992939,1.92282,1.475399,0.084176,0.0,0.0,0.0,0.0,0.0,0.0,0.0,0.0,0.0,31,12
16,0.0,0.0,0.0,0.0,0.0,0.0,0.0,0.0,0.0,0.446229,0.730898,0.47233,0.0,0.0,0.160054,0.603275,0.274122,0.0,32,12
17,0.0,0.0,0.0,0.0,0.0,0.0,0.0,0.0,0.0,0.184511,0.388253,0.337421,0.342866,0.386367,0.740872,1.67258,1.052959,0.331196,33,12
18,0.0,0.0,0.0,0.0,0.0,0.0,0.0,0.0,0.0,0.008641,0.017584,0.099349,0.01567,0.056679,0.360284,0.017503,0.358131,0.166821,34,12
19,0.022604,0.037626,0.042205,0.023775,0.014737,0.041869,0.037139,0.0,0.026378,0.0,0.0,0.0,0.0,0.0,0.0,0.0,0.147793,0.0,35,12
20,0.034402,0.029965,0.047676,0.033284,0.036172,0.052221,0.045408,0.042926,0.041266,0.0,0.0,0.0,0.0,0.0,0.0,0.0,0.0,0.0,36,12
21,0.0,0.0,0.0,0.0,0.0,0.0,0.0,0.0,0.0,0.165047,0.032317,0.094546,0.030773,0.141702,0.053586,0.052255,0.109918,0.03995,37,12
22,0.0,0.0,0.0014,0.0,0.0,0.004601,0.003004,0.0,0.0,0.001209,0.002084,0.0,0.009924,0.006572,0.0,0.0,0.010429,0.003988,38,12
23,0.001081,0.001081,0.001081,0.001081,0.001081,0.001081,0.001081,0.0,0.001081,0.0,0.0,0.0,0.0,0.0,0.0,0.0,0.001081,0.0,39,12
0,0.0,0.0,0.0,0.0,0.0,0.0,0.0,0.223599,0.0,0.088163,0.160083,0.008544,0.166488,0.008075,0.008102,0.358234,0.0,0.009443,16,13
1,0.0,0.0,0.0,0.0,0.0,0.0,0.0,0.0,0.0,0.993596,0.792866,0.541101,1.098795,0.613967,0.811079,1.184559,1.184559,1.043988,17,13
2,0.488794,0.0,0.0,1.348584,1.571332,1.023013,1.069818,1.641842,0.56109,0.0,0.376075,0.012556,0.0,0.0,0.0,0.0,0.0,0.0,18,13
3,0.0,0.0,0.0,0.0,0.0,0.0,0.0,0.0,0.0,2.374745,2.57153,2.22442,2.733707,2.22442,2.22442,2.453921,3.107006,2.692563,19,13
4,2.189417,2.189417,2.189417,2.778447,2.778447,2.778447,3.937793,4.959829,3.719662,0.0,0.0,0.0,0.0,0.0,0.0,0.0,0.0,0.0,20,13
5,0.0,0.0,0.0,0.0,0.0,0.0,0.0,0.0,0.0,4.872349,5.023703,5.551424,4.200697,6.517638,6.517638,5.255124,6.939169,5.295665,21,13
6,4.458474,2.115923,2.392135,2.069696,2.069696,2.069696,4.329568,4.625005,5.639984,0.0,0.0,0.0,0.0,0.0,0.0,0.0,0.0,0.0,22,13
7,0.0,0.0,0.0,0.0,0.0,0.0,0.0,0.0,0.0,6.337894,4.511938,5.37508,4.85192,5.168393,4.666868,6.856838,5.963078,6.349166,23,13
8,3.604983,3.747641,4.619316,3.728474,4.449264,4.449264,4.449264,4.449264,4.449264,0.0,0.0,0.0,0.0,0.0,0.0,0.0,0.0,0.0,24,13
9,1.673037,1.465358,1.465358,0.804036,1.798719,2.251916,0.416435,0.461539,0.113521,0.0,0.0,0.0,0.0,0.0,0.0,0.0,0.0,0.0,25,13
10,0.0,0.0,0.0,0.0,0.0,0.0,0.0,0.0,0.0,4.429121,5.903223,4.422003,6.606317,4.567457,4.581865,4.774494,5.095524,5.660939,26,13
11,0.0,0.0,0.0,0.0,0.0,0.0,0.0,0.0,0.0,7.038794,4.234802,5.323471,4.225024,5.83026,5.439924,5.827656,5.759169,7.148593,27,13
12,0.088666,0.0,0.295562,1.211195,1.815516,1.68178,2.786341,2.66033,1.016128,0.0,0.0,0.0,0.0,0.0,0.0,0.0,0.0,0.0,28,13
13,1.146027,0.653588,0.409664,0.0,0.0,0.0,0.0,0.0,0.0,0.0,0.0,0.0,0.0,0.0,0.0,0.0,0.0,0.0,29,13
14,3.192312,2.007298,1.161143,0.556927,0.273065,0.688741,1.771747,1.331344,0.290298,0.0,0.0,0.0,0.0,0.0,0.0,0.0,0.0,0.0,30,13
15,0.0,0.0,0.0,0.0,0.0,0.0,0.0,0.0,0.0,3.613102,2.352327,1.464011,1.334521,3.558115,2.870154,3.204351,3.17216,1.150821,31,13
16,0.0,0.0,0.0,0.0,0.0,0.0,0.0,0.0,0.0,1.524066,0.930536,0.629361,0.646425,0.423931,0.806479,1.2497,1.477653,0.330366,32,13
17,0.0,0.0,0.0,0.0,0.0,0.037685,0.0,0.0,0.0,0.184511,0.038253,0.337421,0.342866,0.036367,0.0,1.291702,0.672081,0.331196,33,13
18,0.0,0.0,0.0,0.0,0.0,0.0,0.0,0.0,0.0,0.008641,0.002443,0.014612,0.015394,0.021669,0.360284,0.017503,0.357534,0.166821,34,13
19,0.022604,0.037626,0.042205,0.023775,0.014737,0.041869,0.037139,0.0,0.026378,0.0,0.0,0.0,0.0,0.0,0.0,0.0,0.333131,0.0,35,13
20,0.0,0.0,0.0,0.0,0.0,0.0,0.0,0.0,0.0,0.047923,0.058789,0.065954,0.035812,0.03521,0.050669,0.007004,0.057209,0.077656,36,13
21,0.032566,0.025213,0.032962,0.018397,0.019315,0.024495,0.033345,0.010669,0.033147,0.0,0.0,0.0,0.0,0.0,0.0,0.0,0.0,0.0,37,13
22,0.0,0.0,0.0014,0.0,0.0,0.004601,0.003004,0.0,0.0,0.001209,0.002084,0.0,0.009924,0.006572,0.0,0.0,0.010429,0.003988,38,13
23,0.0,0.0,0.0,0.0,0.0,0.0,0.0,0.0,0.0,0.0,0.0,0.0,0.0,0.0,0.0,0.0,0.001081,0.0,39,13
0,0.0,0.0,0.0,0.0,0.0,0.0,0.0,0.0,0.0,0.13852,0.160083,0.008544,0.166488,0.008075,0.008102,0.358234,0.439495,0.009443,16,14
1,0.582852,0.136761,0.07142,0.220036,0.720081,0.29424,0.661722,1.008005,0.295104,0.0,0.0,0.0,0.0,0.0,0.0,0.0,0.0,0.0,17,14
2,0.0,0.0,0.0,0.0,0.0,0.0,0.0,0.0,0.0,1.818005,1.499251,1.135732,1.71881,1.123176,1.452198,1.671495,1.671495,1.270584,18,14
3,1.5301,1.333315,1.680425,2.718698,2.152332,2.219245,2.571611,3.333419,2.26516,0.0,0.0,0.0,0.0,0.0,0.0,0.0,0.0,0.0,19,14
4,0.0,0.0,0.0,0.0,0.0,0.0,0.0,0.0,0.0,2.778447,3.079532,2.778447,2.778447,4.598998,3.593679,4.556545,5.509432,4.052575,20,14
5,4.23375,3.182351,1.870453,3.495236,4.427274,4.274026,4.980497,5.245297,4.325876,0.0,0.0,0.0,0.0,0.0,0.0,0.0,0.0,0.0,21,14
6,0.0,0.0,0.0,0.0,0.0,0.0,0.0,0.0,0.0,5.846108,5.822873,5.831072,4.625005,4.625005,4.625005,4.625005,4.329568,6.241881,22,14
7,4.518811,3.852337,4.594752,3.651178,4.571125,4.371154,4.960554,5.044277,5.948057,0.0,0.0,0.0,0.0,0.0,0.0,0.0,0.0,0.0,23,14
8,0.0,0.0,0.0,0.0,0.0,0.0,0.0,0.0,0.0,7.210778,3.730185,3.730185,6.640568,7.507832,7.265707,7.05521,7.501906,7.45947,24,14
9,0.0,0.0,0.0,0.0,0.0,0.0,0.0,0.0,0.0,4.596875,4.651273,4.338323,3.779758,4.666212,3.177815,4.738234,5.359838,4.895176,25,14
10,4.347858,2.325007,3.49993,2.274671,3.412438,2.274671,4.941035,4.909158,5.18204,0.0,0.0,0.0,0.0,0.0,0.0,0.0,0.0,0.0,26,14
11,4.190066,3.640017,4.621282,3.876619,4.460739,4.030262,2.507605,3.284723,4.314076,0.0,0.0,0.0,0.0,0.0,0.0,0.0,0.0,0.0,27,14
12,0.0,0.0,0.0,0.0,0.0,0.0,0.0,0.0,0.0,3.71999,3.808656,3.808656,4.060686,4.060686,4.060686,4.060686,4.186697,5.830899,28,14
13,0.0,0.0,0.0,0.0,0.0,0.0,0.0,0.0,0.0,3.710221,2.82357,3.830488,3.164924,3.091878,2.345194,3.844088,3.482453,3.737085,29,14
14,0.0,0.0,0.0,0.0,0.0,0.0,0.0,0.0,0.0,4.069343,3.799088,4.527906,2.831756,4.693186,4.45797,3.547479,4.171351,3.626818,30,14
15,0.501925,0.91082,0.55262,0.0,0.466407,0.992939,2.172004,1.475399,0.282002,0.0,0.0,0.0,0.015386,0.0,0.0,0.0,0.0,0.0,31,14
16,0.0,0.0,0.0,0.0,0.0,0.0,0.0,0.0,0.0,0.707747,0.730898,0.368881,0.341152,0.224293,0.160054,1.129542,0.298844,0.200126,32,14
17,0.0,0.0,0.0,0.0,0.0,0.0,0.0,0.0,0.0,0.192132,0.388253,0.337421,0.342866,0.386367,0.740872,1.428323,0.808702,0.331196,33,14
18,0.0,0.0,0.0,0.0,0.0,0.0,0.0,0.0,0.0,0.010164,0.005412,0.068333,0.01567,0.026161,0.360284,0.017503,0.358131,0.166821,34,14
19,0.0,0.025454,0.042205,0.023775,0.014737,0.041869,0.037139,0.0,0.026378,0.020585,0.0,0.0,0.0,0.0,0.0,0.0,0.333131,0.0,35,14
20,0.034402,0.029965,0.047676,0.033284,0.036172,0.052221,0.045408,0.030754,0.041266,0.0,0.0,0.0,0.0,0.0,0.0,0.0,0.0,0.0,36,14
21,0.0,0.0,0.0,0.0,0.0,0.0,0.0,0.0,0.0,0.120336,0.032317,0.125563,0.030773,0.14034,0.053586,0.052255,0.126657,0.03995,37,14
22,0.0,0.0,0.0014,0.0,0.0,0.004601,0.003004,0.0,0.0,0.001209,0.002084,0.0,0.009924,0.006572,0.0,0.0,0.010429,0.003988,38,14
23,0.001081,0.001081,0.001081,0.001081,0.001081,0.001081,0.001081,0.0,0.001081,0.0,0.0,0.0,0.0,0.0,0.0,0.0,0.001081,0.0,39,14
0,0.0,0.0,0.0,0.0,0.0,0.0,0.0,0.0,0.0,0.088163,0.160083,0.008544,0.166488,0.008075,0.008102,0.358234,0.038385,0.009443,16,15
1,0.0,0.0,0.0,0.0,0.0,0.0,0.0,0.0,0.0,0.993596,0.792866,0.191101,1.098795,0.609231,0.720081,1.068117,0.856842,1.043988,17,15
2,0.357796,0.064411,0.0,0.915279,1.601945,1.116468,0.801687,1.983402,0.801687,0.0,0.0,0.181482,0.0,0.0,0.0,0.0,0.0,0.0,18,15
3,0.0,0.0,0.0,0.0,0.0,0.0,0.0,0.0,0.0,2.374745,2.57153,1.93013,2.733707,2.26516,2.26516,2.453921,3.107006,2.466155,19,15
4,2.002592,1.701507,2.002592,2.877908,3.063438,3.66717,3.910693,4.068757,3.852202,0.0,0.0,0.0,0.0,0.0,0.0,0.0,0.0,0.0,20,15
5,0.0,0.0,0.0,0.0,0.0,0.0,0.0,0.0,0.0,4.872349,4.216257,4.955679,4.130484,4.917408,5.980943,5.255124,5.762315,5.266754,21,15
6,2.829176,2.829176,2.820977,2.94558,2.94558,2.94558,4.989414,5.284851,5.772524,0.0,0.0,0.0,0.0,0.0,0.0,0.0,0.0,0.0,22,15
7,0.0,0.0,0.0,0.0,0.0,0.0,0.0,0.0,0.0,4.981511,4.406619,5.67508,4.017144,5.022334,4.737349,5.720518,5.833291,6.349166,23,15
8,3.604983,3.747641,4.619316,3.709373,4.625199,4.574772,3.50767,3.50767,3.50767,0.0,0.0,0.0,0.0,0.0,0.0,0.0,0.0,0.0,24,15
9,3.60491,0.850802,1.410449,0.27469,0.373516,0.213636,0.961786,1.403225,0.464076,0.0,0.0,0.0,0.0,0.0,0.0,0.0,0.0,0.0,25,15
10,0.0,0.0,0.0,0.0,0.0,0.0,0.0,0.0,0.0,6.323802,5.034074,4.983705,6.606317,6.606317,6.606317,4.774494,5.095524,5.660939,26,15
11,0.0,0.0,0.0,0.0,0.0,0.0,0.0,0.0,0.0,6.500496,5.216717,4.561791,5.130013,5.683867,4.32676,7.336166,7.225126,6.97838,27,15
12,0.530198,0.0,0.520545,1.244225,1.815516,1.68178,3.032006,2.66033,1.073686,0.0,0.0,0.0,0.0,0.0,0.0,0.0,0.0,0.0,28,15
13,0.704496,0.653588,0.151241,0.0,0.0,0.0,0.0,0.0,0.0,0.0,0.0,0.0,0.0,0.0,0.0,0.0,0.0,0.0,29,15
14,3.192312,2.007298,1.161143,0.556927,0.273065,0.688741,1.771747,1.331344,0.290298,0.0,0.0,0.0,0.0,0.0,0.0,0.0,0.0,0.0,30,15
15,0.0,0.0,0.0,0.0,0.0,0.0,0.0,0.0,0.0,3.64743,3.166047,2.60547,1.334521,3.378903,2.522145,2.948602,3.022075,1.573909,31,15
16,0.0,0.0,0.0,0.0,0.0,0.0,0.0,0.0,0.0,1.524066,0.930536,0.629361,0.688731,0.178186,0.278212,1.321542,1.344462,0.330366,32,15
17,0.0,0.0,0.0,0.0,0.0,0.0,0.0,0.0,0.0,0.184511,0.038253,0.337421,0.342866,0.282112,0.480234,1.534513,0.914892,0.331196,33,15
18,0.0,0.0,0.0,0.0,0.0,0.0,0.0,0.0,0.0,0.008641,0.002443,0.014612,0.015394,0.021669,0.367905,0.017503,0.357534,0.166821,34,15
19,0.022604,0.037626,0.042205,0.023775,0.014737,0.041869,0.037139,0.0,0.026378,0.0,0.0,0.0,0.0,0.0,0.0,0.0,0.333131,0.0,35,15
20,0.0,0.0,0.0,0.0,0.0,0.0,0.0,0.0,0.0,0.013595,0.045069,0.064508,0.035812,0.032241,0.0,0.007004,0.081762,0.0801,36,15
21,0.032566,0.025213,0.032962,0.018397,0.019315,0.024495,0.033345,0.010669,0.033147,0.0,0.0,0.0,0.0,0.0,0.0,0.0,0.0,0.0,37,15
22,0.0,0.0,0.0014,0.0,0.0,0.004601,0.003004,0.0,0.0,0.001209,0.002084,0.0,0.009924,0.006572,0.0,0.0,0.010429,0.003988,38,15
23,0.0,0.0,0.0,0.0,0.0,0.0,0.0,0.0,0.0,0.0,0.0,0.0,0.0,0.0,0.0,0.0,0.001081,0.0,39,15
0,0.0,0.0,0.0,0.0,0.0,0.0,0.0,0.0,0.0,0.207948,0.160083,0.008544,0.166488,0.008075,0.008102,0.358234,0.018921,0.009443,16,16
1,0.46906,0.215726,0.0,0.220036,0.713545,0.29424,0.190647,0.778555,0.295104,0.0,0.0,0.191101,0.0,0.0,0.0,0.0,0.0,0.0,17,16
2,0.0,0.0,0.0,0.0,0.0,0.0,0.0,0.0,0.0,2.559977,1.292782,1.390563,1.662037,1.292782,1.377705,1.778259,1.778259,1.22146,18,16
3,1.23581,1.039025,1.680425,2.718698,2.152332,2.287763,2.571611,3.333419,2.26516,0.0,0.0,0.0,0.0,0.0,0.0,0.0,0.0,0.0,19,16
4,0.0,0.0,0.0,0.0,0.0,0.0,0.0,0.0,0.0,3.022402,3.022402,3.022402,3.063438,2.877908,2.877908,4.391609,5.509432,4.208764,20,16
5,4.205076,3.182351,3.191254,3.495236,4.427274,4.246926,4.980497,5.245297,5.010222,0.0,0.0,0.0,0.0,0.0,0.0,0.0,0.0,0.0,21,16
6,0.0,0.0,0.0,0.0,0.0,0.0,0.0,0.0,0.0,6.559361,5.795225,3.730185,5.284851,5.284851,5.284851,5.284851,4.989414,4.989414,22,16
7,4.713492,3.852337,4.019923,3.651178,4.571125,4.291437,4.948194,5.044277,5.783257,0.0,0.0,0.0,0.0,0.0,0.0,0.0,0.0,0.0,23,16
8,0.0,0.0,0.0,0.0,0.0,0.0,0.0,0.0,0.0,3.687964,3.687964,3.687964,6.434908,7.526933,7.658058,7.359465,7.501906,7.396565,24,16
9,0.0,0.0,0.0,0.0,0.0,0.0,0.0,0.0,0.0,5.78777,4.587324,5.813137,3.601711,5.023719,3.54382,4.243322,5.092924,5.591464,25,16
10,4.127623,2.325007,3.321906,2.543683,3.412438,2.543683,4.732835,4.909158,5.499258,0.0,0.0,0.0,0.0,0.0,0.0,0.0,0.0,0.0,26,16
11,4.410301,3.640017,4.621282,3.477399,4.460739,3.804594,3.451328,3.284723,3.542452,0.0,0.0,0.0,0.0,0.0,0.0,0.0,0.0,0.0,27,16
12,0.0,0.0,0.0,0.0,0.0,0.0,0.0,0.0,0.0,3.730185,4.260383,4.260383,4.310264,4.784759,4.784759,4.784759,5.156435,6.350602,28,16
13,0.0,0.0,0.0,0.0,0.0,0.0,0.0,0.0,0.0,4.138162,2.535126,3.625992,2.919689,2.877568,1.703444,3.013251,2.174093,3.74653,29,16
14,0.0,0.0,0.0,0.0,0.0,0.0,0.0,0.0,0.0,4.069343,3.799088,4.527906,2.335091,4.693186,3.772482,3.243224,4.171351,3.626818,30,16
15,1.502997,0.91082,0.55262,0.421942,0.466407,0.992939,1.755512,1.475399,0.216862,0.0,0.0,0.0,0.0,0.0,0.0,0.0,0.0,0.0,31,16
16,0.0,0.0,0.0,0.0,0.0,0.0,0.0,0.0,0.0,1.732576,0.730898,0.572389,0.688731,0.224293,0.160054,0.531902,0.274122,0.200126,32,16
17,0.0,0.0,0.0,0.0,0.0,0.0,0.0,0.0,0.0,0.184511,0.388253,0.337421,0.342866,0.386367,0.740872,1.791019,0.836681,0.331196,33,16
18,0.0,0.0,0.0,0.0,0.0,0.0,0.0,0.0,0.0,0.053352,0.017584,0.022973,0.01567,0.026161,0.360284,0.017503,0.370303,0.166821,34,16
19,0.022604,0.037626,0.042205,0.018384,0.014737,0.041869,0.037139,0.0,0.026378,0.0,0.0,0.0,0.0,0.0,0.0,0.0,0.333131,0.0,35,16
20,0.034402,0.029965,0.047676,0.038676,0.036172,0.052221,0.045408,0.042926,0.041266,0.0,0.0,0.0,0.0,0.0,0.0,0.0,0.0,0.0,36,16
21,0.0,0.0,0.0,0.0,0.0,0.0,0.0,0.0,0.0,0.120336,0.032317,0.127734,0.030773,0.14034,0.053586,0.052255,0.126657,0.03995,37,16
22,0.0,0.0,0.0,0.0,0.0,0.004601,0.003004,0.0,0.0,0.001209,0.002084,0.041788,0.009924,0.006572,0.0,0.0,0.010429,0.003988,38,16
23,0.001081,0.001081,0.001081,0.001081,0.001081,0.001081,0.001081,0.0,0.001081,0.0,0.0,0.0,0.0,0.0,0.0,0.0,0.001081,0.0,39,16
0,0.0,0.0,0.0,0.0,0.0,0.0,0.0,0.0,0.0,0.088163,0.160083,0.008544,0.166488,0.008075,0.008102,0.358234,0.157057,0.009443,16,17
1,0.0,0.0,0.0,0.0,0.0,0.0,0.0,0.0,0.0,0.993596,0.792866,0.191101,1.098795,0.609231,0.522444,1.068117,0.73817,1.043988,17,17
2,0.357796,0.432568,0.334787,0.960251,1.624264,0.75105,0.849005,1.808802,0.849005,0.0,0.0,0.0,0.0,0.0,0.0,0.0,0.0,0.0,18,17
3,0.0,0.0,0.0,0.0,0.0,0.0,0.0,0.0,0.0,2.374745,2.57153,2.26516,2.733707,2.26516,2.254939,2.453921,3.107006,2.756323,19,17
4,2.189417,2.189417,2.189417,2.778447,2.778447,2.778447,2.778447,4.919089,3.852202,0.0,0.0,0.0,0.0,0.0,0.0,0.0,0.0,0.0,20,17
5,0.0,0.0,0.0,0.0,0.0,0.0,0.0,0.0,0.0,4.872349,4.216257,5.376956,4.130484,5.907045,4.58619,5.255124,5.986783,5.231905,21,17
6,4.622338,1.269857,2.793329,2.932339,2.932339,2.932339,4.989414,5.284851,5.772524,0.0,0.0,0.0,0.0,0.0,0.0,0.0,0.0,0.0,22,17
7,0.0,0.0,0.0,0.0,0.0,0.0,0.0,0.0,0.0,6.143648,5.542789,5.022344,4.335229,5.065523,6.606317,5.625503,5.608823,6.349166,23,17
8,3.520541,3.520541,3.520541,3.728474,4.625199,4.574772,4.644169,3.253849,3.253849,0.0,0.0,0.0,0.0,0.0,0.0,0.0,0.0,0.0,24,17
9,1.709365,1.83159,1.83159,0.329726,0.684033,1.519194,0.95797,0.430904,0.670579,0.0,0.0,0.0,0.0,0.0,0.0,0.0,0.0,0.0,25,17
10,0.0,0.0,0.0,0.0,0.0,0.0,0.0,0.0,0.0,7.052091,5.603223,6.027399,6.509179,6.606317,4.732835,4.86869,5.095524,5.660939,26,17
11,0.0,0.0,0.0,0.0,0.0,0.0,0.0,0.0,0.0,4.654751,4.311398,4.509081,4.100556,5.81886,5.481757,7.336166,7.099594,6.723061,27,17
12,0.892341,0.311235,0.520545,1.080032,1.815516,1.68178,2.955547,2.541915,1.073686,0.0,0.0,0.0,0.0,0.0,0.0,0.0,0.0,0.0,28,17
13,0.342353,0.342353,0.184681,0.0,0.0,0.0,0.0,0.0,0.0,0.0,0.0,0.0,0.0,0.0,0.0,0.0,0.0,0.0,29,17
14,3.192312,2.007298,1.161143,0.532541,0.273065,0.688741,1.771747,1.331344,0.290298,0.0,0.0,0.0,0.0,0.0,0.0,0.0,0.0,0.0,30,17
15,0.0,0.0,0.0,0.0,0.0,0.0,0.0,0.0,0.0,3.558038,2.360688,1.462384,2.143032,2.219822,2.934712,2.937273,3.149247,1.600398,31,17
16,0.0,0.0,0.0,0.0,0.0,0.0,0.0,0.0,0.0,1.524066,0.930536,0.629361,0.688731,0.31183,0.471829,1.250144,0.992364,0.330366,32,17
17,0.0,0.0,0.0,0.0,0.0,0.0,0.0,0.0,0.0,0.184511,0.038253,0.337421,0.104967,0.148468,0.286617,1.50798,0.553642,0.331196,33,17
18,0.0,0.0,0.0,0.0,0.0,0.0,0.0,0.0,0.0,0.008641,0.002443,0.014612,0.015394,0.021669,0.360284,0.017503,0.357534,0.166821,34,17
19,0.022604,0.037626,0.042205,0.023775,0.014737,0.041869,0.037139,0.0,0.026378,0.0,0.0,0.0,0.0,0.0,0.0,0.0,0.333131,0.0,35,17
20,0.0,0.0,0.0,0.0,0.0,0.0,0.0,0.0,0.0,0.058306,0.050428,0.057594,0.035812,0.023503,0.043423,0.018334,0.080123,0.053611,36,17
21,0.032566,0.025213,0.032962,0.018397,0.019315,0.024495,0.033345,0.010669,0.033147,0.0,0.0,0.0,0.0,0.0,0.0,0.0,0.0,0.0,37,17
22,0.0,0.0,0.0014,0.0,0.0,0.004601,0.003004,0.0,0.0,0.001209,0.002084,0.0,0.009924,0.006572,0.0,0.0,0.010429,0.003988,38,17
23,0.0,0.0,0.0,0.0,0.0,0.0,0.0,0.0,0.0,0.0,0.0,0.0,0.0,0.0,0.0,0.0,0.001081,0.0,39,17
0,0.0,0.0,0.0,0.0,0.0,0.0,0.0,0.0,0.0,0.207948,0.160083,0.008544,0.166488,0.008075,0.008102,0.358234,0.018921,0.009443,16,18
1,0.582852,0.037917,0.108899,0.12618,0.422044,0.29424,0.190647,0.543417,0.237599,0.0,0.0,0.0,0.0,0.0,0.0,0.0,0.0,0.0,17,18
2,0.0,0.0,0.0,0.0,0.0,0.0,0.0,0.0,0.0,1.754604,1.443633,1.088301,1.803051,1.108846,1.377705,1.98206,1.98206,1.241673,18,18
3,1.57084,1.374055,1.680425,2.718698,2.152332,2.287763,2.571611,3.333419,2.26516,0.0,0.0,0.0,0.0,0.0,0.0,0.0,0.0,0.0,19,18
4,0.0,0.0,0.0,0.0,0.0,0.0,0.0,0.0,0.0,2.778447,3.079532,2.778447,3.022092,4.481111,2.778447,2.778447,5.509432,4.188551,20,18
5,3.69938,3.182351,1.870453,3.495236,4.427274,4.246926,4.980497,5.245297,5.010222,0.0,0.0,0.0,0.0,0.0,0.0,0.0,0.0,0.0,21,18
6,0.0,0.0,0.0,0.0,0.0,0.0,0.0,0.0,0.0,5.000042,5.782863,5.869826,5.284851,5.284851,5.19585,5.284851,4.989414,4.989414,22,18
7,4.801254,3.852337,4.594752,3.651178,4.571125,4.291437,4.900514,5.044277,5.783257,0.0,0.0,0.0,0.0,0.0,0.0,0.0,0.0,0.0,23,18
8,0.0,0.0,0.0,0.0,0.0,0.0,0.0,0.0,0.0,7.160344,3.639803,3.639803,5.150866,7.458906,7.623397,6.817631,7.501906,7.396565,24,18
9,0.0,0.0,0.0,0.0,0.0,0.0,0.0,0.0,0.0,5.062993,4.372662,4.428705,3.30471,2.950403,3.643281,5.036402,4.337325,5.591464,25,18
10,3.715536,2.573402,3.51283,2.521671,3.043532,2.521671,4.647975,4.909158,5.499258,0.0,0.0,0.0,0.0,0.0,0.0,0.0,0.0,0.0,26,18
11,4.822388,3.391622,4.621282,3.670319,4.610739,3.826606,3.399288,3.284723,3.542452,0.0,0.0,0.0,0.0,0.0,0.0,0.0,0.0,0.0,27,18
12,0.0,0.0,0.0,0.0,0.0,0.0,0.0,0.0,0.0,4.019678,4.600784,4.600784,4.310264,5.010262,4.835444,5.028487,5.442119,6.350602,28,18
13,0.0,0.0,0.0,0.0,0.0,0.0,0.0,0.0,0.0,3.83971,2.43437,3.094129,2.969456,2.860192,1.667736,3.397778,2.174093,3.681449,29,18
14,0.0,0.0,0.0,0.0,0.0,0.0,0.0,0.0,0.0,4.069343,3.799088,4.527906,3.660479,4.693186,3.884888,3.770883,4.171351,3.626818,30,18
15,0.319323,0.91082,0.495489,0.251034,0.466407,0.992939,2.172004,1.475399,0.216862,0.0,0.0,0.0,0.0,0.0,0.0,0.0,0.0,0.0,31,18
16,0.0,0.0,0.0,0.0,0.0,0.0,0.0,0.0,0.0,0.294481,0.730898,0.320746,0.688731,0.224293,0.160054,1.209607,0.274122,0.200126,32,18
17,0.0,0.0,0.0,0.0,0.0,0.0,0.0,0.0,0.0,0.184511,0.388253,0.337421,0.342866,0.386367,0.740872,1.348258,0.836681,0.331196,33,18
18,0.0,0.0,0.0,0.0,0.0,0.0,0.0,0.0,0.0,0.053352,0.017584,0.026784,0.01567,0.026161,0.360284,0.017503,0.358131,0.166821,34,18
19,0.022604,0.037626,0.042205,0.023775,0.014737,0.041869,0.037139,0.0,0.026378,0.0,0.0,0.0,0.0,0.0,0.0,0.0,0.345303,0.0,35,18
20,0.034402,0.029965,0.006127,0.033284,0.036172,0.052221,0.045408,0.042926,0.041266,0.0,0.0,0.0,0.0,0.0,0.0,0.0,0.0,0.0,36,18
21,0.0,0.0,0.0,0.0,0.0,0.0,0.0,0.0,0.0,0.120336,0.032317,0.125563,0.030773,0.14034,0.053586,0.052255,0.126657,0.03995,37,18
22,0.0,0.0,0.0014,0.0,0.0,0.004601,0.003004,0.0,0.0,0.001209,0.002084,0.0,0.009924,0.006572,0.0,0.0,0.010429,0.003988,38,18
23,0.001081,0.001081,0.001081,0.001081,0.001081,0.001081,0.001081,0.0,0.001081,0.0,0.0,0.0,0.0,0.0,0.0,0.0,0.001081,0.0,39,18
0,0.0,0.0,0.0,0.0,0.0,0.0,0.0,0.128205,0.0,0.088163,0.160083,0.008544,0.166488,0.008075,0.008102,0.358234,0.0,0.009443,16,19
1,0.0,0.0,0.0,0.0,0.0,0.0,0.0,0.0,0.0,0.993596,0.792866,0.191101,1.098795,0.609231,0.422044,1.068117,1.042813,1.042813,17,19
2,0.357796,0.0,0.05204,1.453985,1.142118,0.873259,1.542866,1.738702,1.06564,0.0,0.381748,0.0,0.0,0.0,0.0,0.0,0.0,0.0,18,19
3,0.0,0.0,0.0,0.0,0.0,0.0,0.0,0.0,0.0,2.374745,2.57153,2.26516,2.733707,2.152987,2.26516,2.453921,3.107006,2.695532,19,19
4,2.002592,1.701507,2.002592,2.248206,3.100766,3.66717,3.910693,3.95087,3.852202,0.0,0.0,0.0,0.0,0.0,0.0,0.0,0.0,0.0,20,19
5,0.0,0.0,0.0,0.0,0.0,0.0,0.0,0.0,0.0,4.872349,4.523703,5.551424,4.130484,6.517638,4.759685,5.835975,5.986783,5.292696,21,19
6,2.86793,2.86793,2.780967,2.926418,2.926418,2.926418,4.989414,5.284851,5.772524,0.0,0.0,0.0,0.0,0.0,0.0,0.0,0.0,0.0,22,19
7,0.0,0.0,0.0,0.0,0.0,0.0,0.0,0.0,0.0,6.082575,5.63215,4.87508,4.017144,6.035475,4.666868,6.882515,6.949738,6.349166,23,19
8,3.424219,3.841206,4.619316,3.660447,4.325199,4.541735,3.263805,4.752556,3.263805,0.0,0.0,0.0,0.0,0.0,0.0,0.0,0.0,0.0,24,19
9,3.74692,1.206274,1.206274,0.44018,1.14978,0.513396,0.464471,0.513396,0.44295,0.0,0.0,0.0,0.0,0.0,0.0,0.0,0.0,0.0,25,19
10,0.0,0.0,0.0,0.0,0.0,0.0,0.0,0.0,0.0,7.113164,5.28301,5.878463,5.130013,4.567457,6.606317,5.095073,5.095073,5.660939,26,19
11,0.0,0.0,0.0,0.0,0.0,0.0,0.0,0.0,0.0,4.654751,4.234802,4.686259,6.606317,5.46143,5.611217,4.960517,5.759169,6.723061,27,19
12,1.145966,0.664245,0.520545,1.244225,1.815516,1.68178,3.032006,2.66033,1.073686,0.0,0.0,0.0,0.0,0.0,0.0,0.0,0.0,0.0,28,19
13,0.088727,0.0,0.184681,0.0,0.0,0.0,0.0,0.0,0.0,0.0,0.116548,0.0,0.0,0.0,0.0,0.0,0.0,0.0,29,19
14,3.192312,2.007298,1.161143,0.556927,0.273065,0.688741,1.771747,1.331344,0.290298,0.0,0.0,0.0,0.0,0.0,0.0,0.0,0.0,0.0,30,19
15,0.0,0.0,0.0,0.0,0.0,0.0,0.0,0.0,0.0,3.568421,2.350805,1.454023,1.330104,3.164943,2.804643,3.254068,3.187301,1.618427,31,19
16,0.0,0.0,0.0,0.0,0.0,0.0,0.0,0.0,0.0,1.524066,0.684791,0.629361,0.688731,0.178186,0.717573,1.348075,1.477653,0.330366,32,19
17,0.0,0.0,0.0,0.0,0.0,0.0,0.0,0.0,0.0,0.184511,0.283998,0.337421,0.342866,0.282112,0.040872,1.50798,0.781701,0.331196,33,19
18,0.0,0.0,0.0,0.0,0.0,0.0,0.0,0.0,0.0,0.008641,0.002443,0.014612,0.015394,0.021669,0.360284,0.017503,0.357534,0.166821,34,19
19,0.022604,0.037626,0.042205,0.023775,0.014737,0.041869,0.037139,0.0,0.026378,0.0,0.0,0.0,0.0,0.0,0.0,0.0,0.333131,0.0,35,19
20,0.0,0.0,0.0,0.0,0.0,0.0,0.0,0.0,0.0,0.047923,0.060311,0.065954,0.040229,0.006299,0.026684,0.012942,0.036677,0.035582,36,19
21,0.032566,0.025213,0.032962,0.018397,0.019315,0.024495,0.033345,0.005278,0.033147,0.0,0.0,0.0,0.0,0.0,0.0,0.0,0.0,0.0,37,19
22,0.0,0.0,0.0014,0.0,0.0,0.004601,0.003004,0.0,0.0,0.001209,0.002084,0.0,0.009924,0.006572,0.0,0.0,0.010429,0.003988,38,19
23,0.0,0.0,0.0,0.0,0.0,0.0,0.0,0.0,0.0,0.0,0.0,0.0,0.0,0.0,0.0,0.0,0.001081,0.0,39,19
0,0.0,0.0,0.0,0.0,0.0,0.0,0.0,0.0,0.0,0.056724,0.160083,0.008544,0.166488,0.008075,0.008102,0.358234,0.226844,0.009443,16,20
1,0.582852,0.100763,0.108899,0.220036,0.561674,0.29424,0.190647,0.422792,0.295104,0.0,0.0,0.0,0.0,0.0,0.0,0.0,0.0,0.0,17,20
2,0.0,0.0,0.0,0.0,0.0,0.0,0.0,0.0,0.0,1.548583,1.582198,0.849307,1.512241,0.849307,1.118166,1.638911,1.118166,1.210233,18,20
3,1.57084,1.374055,1.680425,2.718698,2.152332,2.287763,2.571611,3.333419,2.26516,0.0,0.0,0.0,0.0,0.0,0.0,0.0,0.0,0.0,19,20
4,0.0,0.0,0.0,0.0,0.0,0.0,0.0,0.0,0.0,3.022402,3.022402,3.022402,3.079914,4.401385,2.248206,4.167141,5.509432,4.05562,20,20
5,3.667631,3.182351,1.870453,3.495236,4.427274,4.246926,4.980497,5.245297,5.010222,0.0,0.0,0.0,0.0,0.0,0.0,0.0,0.0,0.0,21,20
6,0.0,0.0,0.0,0.0,0.0,0.0,0.0,0.0,0.0,6.598115,5.601979,3.730185,5.284851,5.284851,5.284851,5.284851,4.989414,6.162428,22,20
7,4.801254,3.852337,4.594752,3.651178,4.571125,4.291437,4.900514,5.044277,5.783257,0.0,0.0,0.0,0.0,0.0,0.0,0.0,0.0,0.0,23,20
8,0.0,0.0,0.0,0.0,0.0,0.0,0.0,0.0,0.0,7.068594,3.641692,3.641692,5.495905,7.458906,7.589004,7.315661,7.425279,7.396565,24,20
9,0.0,0.0,0.0,0.0,0.0,0.0,0.0,0.0,0.0,4.265976,4.372662,6.075985,3.601711,4.428163,4.245955,4.243322,4.811572,4.889857,25,20
10,3.715536,2.634475,3.49993,2.372735,2.972203,2.372735,4.647975,4.909158,5.499258,0.0,0.0,0.0,0.0,0.0,0.0,0.0,0.0,0.0,26,20
11,4.822388,3.330549,4.621282,3.766277,4.610739,3.975542,3.399288,3.284723,3.542452,0.0,0.0,0.0,0.0,0.0,0.0,0.0,0.0,0.0,27,20
12,0.0,0.0,0.0,0.0,0.0,0.0,0.0,0.0,0.0,4.39443,4.876151,4.876151,4.310264,5.089989,4.840763,5.354352,5.772203,6.370815,28,20
13,0.0,0.0,0.0,0.0,0.0,0.0,0.0,0.0,0.0,2.914929,2.339659,3.305512,3.069485,1.71927,1.849523,2.871553,1.986857,3.419274,29,20
14,0.0,0.0,0.0,0.0,0.0,0.0,0.0,0.0,0.0,4.069343,3.799088,4.527906,3.257618,4.693186,3.830279,3.243224,4.171351,3.626818,30,20
15,0.466735,0.91082,0.55262,0.0,0.466407,0.992939,2.08271,1.475399,0.216862,0.0,0.0,0.0,0.015386,0.0,0.0,0.0,0.0,0.0,31,20
16,0.0,0.0,0.0,0.0,0.0,0.0,0.0,0.0,0.0,0.429564,0.730898,0.368881,0.327257,0.224293,0.160054,0.665789,0.274122,0.200126,32,20
17,0.0,0.0,0.0,0.0,0.0,0.0,0.0,0.0,0.0,0.184511,0.388253,0.337421,0.342866,0.386367,0.740872,1.791019,0.836681,0.331196,33,20
18,0.0,0.0,0.0,0.0,0.0,0.0,0.0,0.0,0.0,0.010164,0.002443,0.066269,0.01567,0.026161,0.360284,0.017503,0.358131,0.166821,34,20
19,0.022604,0.037626,0.042205,0.023775,0.014737,0.041869,0.037139,0.0,0.026378,0.0,0.0,0.0,0.0,0.0,0.0,0.0,0.333131,0.0,35,20
20,0.034402,0.029965,0.047676,0.033284,0.036172,0.052221,0.045408,0.030754,0.041266,0.0,0.0,0.0,0.0,0.0,0.0,0.0,0.0,0.0,36,20
21,0.0,0.0,0.0,0.0,0.0,0.0,0.0,0.0,0.0,0.120336,0.047458,0.127626,0.030773,0.14034,0.053586,0.052255,0.126657,0.03995,37,20
22,0.0,0.0,0.0014,0.0,0.0,0.004601,0.003004,0.0,0.0,0.001209,0.002084,0.0,0.009924,0.006572,0.0,0.0,0.010429,0.003988,38,20
23,0.001081,0.001081,0.001081,0.001081,0.001081,0.001081,0.001081,0.0,0.001081,0.0,0.0,0.0,0.0,0.0,0.0,0.0,0.001081,0.0,39,20
0,0.0,0.0,0.0,0.0,0.0,0.0,0.0,0.0,0.0,0.088163,0.160083,0.008544,0.166488,0.008075,0.008102,0.358234,0.23279,0.009443,16,21
1,0.0,0.0,0.0,0.0,0.0,0.0,0.0,0.0,0.0,0.993596,0.792866,0.191101,1.098795,0.609231,0.561674,1.068117,0.662437,1.043988,17,21
2,0.357796,0.0,0.0,0.631395,1.294329,1.02547,1.006718,1.006718,0.914651,0.0,0.617208,0.181482,0.0,0.0,0.0,0.0,0.0,0.0,18,21
3,0.0,0.0,0.0,0.0,0.0,0.0,0.0,0.0,0.0,2.374745,2.57153,1.937284,2.733707,2.193752,2.26516,2.453921,3.107006,2.692563,19,21
4,2.189417,2.189417,2.189417,2.877908,3.100766,3.66717,3.910693,4.301924,3.852202,0.0,0.0,0.0,0.0,0.0,0.0,0.0,0.0,0.0,20,21
5,0.0,0.0,0.0,0.0,0.0,0.0,0.0,0.0,0.0,5.871285,4.216257,3.938951,4.908143,5.27964,5.120381,5.835975,6.972954,5.295665,21,21
6,4.622338,3.349693,2.600083,2.839789,2.839789,2.839789,4.989414,5.284851,5.772524,0.0,0.0,0.0,0.0,0.0,0.0,0.0,0.0,0.0,22,21
7,0.0,0.0,0.0,0.0,0.0,0.0,0.0,0.0,0.0,5.273,4.552363,5.70902,4.747995,6.606317,4.666868,6.759396,5.994647,6.638527,23,21
8,3.427997,3.875081,4.619316,3.660447,3.612622,3.612622,3.612622,3.612622,3.612622,0.0,0.0,0.0,0.0,0.0,0.0,0.0,0.0,0.0,24,21
9,1.801909,0.410589,1.444518,0.718017,1.796776,1.430512,0.651802,1.7741,0.246159,0.0,0.0,0.0,0.0,0.0,0.0,0.0,0.0,0.0,25,21
10,0.0,0.0,0.0,0.0,0.0,0.0,0.0,0.0,0.0,6.266355,5.947904,6.36466,5.39854,6.606317,4.181468,5.00721,5.00721,5.660939,26,21
11,0.0,0.0,0.0,0.0,0.0,0.0,0.0,0.0,0.0,4.556879,4.522036,4.561791,4.354811,4.762324,6.606317,5.04838,5.759169,6.433699,27,21
12,1.145966,0.397462,0.397462,1.080032,1.815516,1.68178,3.032006,2.66033,1.073686,0.0,0.0,0.0,0.0,0.0,0.0,0.0,0.0,0.0,28,21
13,0.088727,0.111897,0.274324,0.0,0.0,0.0,0.0,0.0,0.0,0.0,0.0,0.0,0.0,0.0,0.0,0.0,0.0,0.0,29,21
14,3.192312,2.007298,1.161143,0.532541,0.273065,0.688741,1.771747,1.331344,0.290298,0.0,0.0,0.0,0.0,0.0,0.0,0.0,0.0,0.0,30,21
15,0.0,0.0,0.0,0.0,0.0,0.0,0.0,0.0,0.0,4.358068,2.800446,2.201673,1.775196,2.452952,3.750106,3.386094,3.156868,1.586386,31,21
16,0.0,0.0,0.0,0.0,0.0,0.0,0.0,0.0,0.0,1.524066,0.683247,0.629361,0.688731,0.31183,0.278212,1.348075,1.477653,0.330366,32,21
17,0.0,0.0,0.0,0.0,0.0,0.0,0.0,0.0,0.0,0.184511,0.285745,0.337421,0.104967,0.148468,0.480234,1.50798,0.553642,0.331196,33,21
18,0.0,0.0,0.0,0.0,0.0,0.0,0.0,0.0,0.0,0.008641,0.002443,0.014612,0.015394,0.021669,0.360284,0.017503,0.357534,0.166821,34,21
19,0.022604,0.037626,0.042205,0.023775,0.014737,0.041869,0.037139,0.0,0.026378,0.0,0.0,0.0,0.0,0.0,0.0,0.0,0.333131,0.0,35,21
20,0.0,0.0,0.0,0.0,0.0,0.0,0.0,0.0,0.0,0.013595,0.045776,0.062985,0.069606,0.004928,0.010643,0.004035,0.072502,0.067623,36,21
21,0.032566,0.025213,0.032962,0.018397,0.019315,0.024495,0.033345,0.010669,0.033147,0.0,0.0,0.0,0.0,0.0,0.0,0.0,0.0,0.0,37,21
22,0.0,0.0,0.0014,0.0,0.0,0.004601,0.003004,0.0,0.0,0.001209,0.002084,0.0,0.009924,0.006572,0.0,0.0,0.010429,0.003988,38,21
23,0.0,0.0,0.0,0.0,0.0,0.0,0.0,0.0,0.0,0.0,0.0,0.0,0.0,0.0,0.0,0.0,0.001081,0.0,39,21
0,0.0,0.0,0.0,0.0,0.0,0.0,0.0,0.0,0.0,0.164759,0.160083,0.008544,0.166488,0.008075,0.008102,0.361203,0.444453,0.009443,16,22
1,0.717182,0.631517,0.0,0.089677,0.401372,0.29424,0.184411,0.590091,0.20854,0.0,0.0,0.191101,0.0,0.0,0.0,0.0,0.0,0.0,17,22
2,0.0,0.0,0.0,0.0,0.0,0.0,0.0,0.0,0.0,1.548583,1.57169,1.06656,1.364709,1.108889,0.853435,2.046789,1.458448,1.112265,18,22
3,1.242964,1.046179,1.680425,2.718698,2.152332,2.287763,2.556871,3.303939,2.22442,0.0,0.0,0.0,0.0,0.0,0.0,0.0,0.0,0.0,19,22
4,0.0,0.0,0.0,0.0,0.0,0.0,0.0,0.0,0.0,3.022402,3.022402,3.022402,3.099583,2.877908,2.877908,2.877908,5.652897,4.110397,20,22
5,4.629007,2.869389,2.869389,3.495236,4.427274,4.246926,4.995237,5.287137,5.050962,0.0,0.0,0.0,0.0,0.0,0.0,0.0,0.0,0.0,21,22
6,0.0,0.0,0.0,0.0,0.0,0.0,0.0,0.0,0.0,7.079878,5.601979,5.93748,4.798791,5.284851,5.284851,5.284851,4.989414,6.107651,22,22
7,4.801254,3.852337,4.457156,3.651178,4.571125,4.291437,4.948194,5.194277,5.783257,0.0,0.0,0.0,0.0,0.0,0.0,0.0,0.0,0.0,23,22
8,0.0,0.0,0.0,0.0,0.0,0.0,0.0,0.0,0.0,6.606335,3.707878,3.707878,6.455149,7.225244,6.726098,6.925423,7.225244,7.194832,24,22
9,0.0,0.0,0.0,0.0,0.0,0.0,0.0,0.0,0.0,3.816325,4.372662,3.405736,3.618214,4.168788,3.866432,4.535052,3.412754,4.918126,25,22
10,2.946008,2.445187,3.206538,2.858932,3.205054,2.858932,4.732835,2.858932,5.499258,0.0,0.0,0.0,0.0,0.0,0.0,0.0,0.0,0.0,26,22
11,4.822388,3.652377,4.621282,2.807858,4.610739,3.489345,3.451328,5.082843,3.542452,0.0,0.0,0.0,0.0,0.0,0.0,0.0,0.0,0.0,27,22
12,0.0,0.0,0.0,0.0,0.0,0.0,0.0,0.0,0.0,4.127647,4.876151,4.876151,4.310264,5.277444,4.840763,5.277444,5.64912,6.370815,28,22
13,0.0,0.0,0.0,0.0,0.0,0.0,0.0,0.0,0.0,3.479799,2.184204,3.533957,3.069485,3.316925,1.864075,3.463979,3.117357,3.419274,29,22
14,0.0,0.0,0.0,0.0,0.0,0.0,0.0,0.0,0.0,4.069343,3.799088,4.527906,2.745127,4.693186,4.693186,3.677266,4.171351,3.797031,30,22
15,1.502997,0.754656,0.55262,0.569384,0.466407,0.992939,1.767989,1.475399,0.216862,0.0,0.0,0.0,0.0,0.0,0.0,0.0,0.0,0.0,31,22
16,0.0,0.0,0.0,0.0,0.0,0.0,0.0,0.0,0.0,1.602336,0.723922,0.572389,0.454631,0.224293,0.160054,0.546023,0.274122,0.200126,32,22
17,0.0,0.0,0.0,0.0,0.0,0.0,0.0,0.0,0.0,0.184511,0.388253,0.337421,0.342866,0.386367,0.740872,1.791019,0.836681,0.331196,33,22
18,0.0,0.0,0.0,0.0,0.0,0.0,0.0,0.0,0.0,0.036055,0.002443,0.068333,0.01567,0.026161,0.360284,0.017503,0.370303,0.166821,34,22
19,0.022604,0.037626,0.042205,0.023775,0.014737,0.041869,0.037139,0.0,0.026378,0.0,0.0,0.0,0.0,0.0,0.0,0.0,0.333131,0.0,35,22
20,0.034402,0.029965,0.047676,0.033284,0.036172,0.052221,0.045408,0.042926,0.041266,0.0,0.0,0.0,0.0,0.0,0.0,0.0,0.0,0.0,36,22
21,0.0,0.0,0.0,0.0,0.0,0.0,0.0,0.0,0.0,0.12007,0.047458,0.125563,0.032295,0.14034,0.053586,0.052255,0.126657,0.03995,37,22
22,0.0,0.0,0.0014,0.0,0.0,0.004601,0.003004,0.0,0.0,0.001209,0.002084,0.0,0.009924,0.006572,0.0,0.0,0.010429,0.003988,38,22
23,0.001081,0.001081,0.001081,0.001081,0.001081,0.001081,0.001081,0.0,0.001081,0.0,0.0,0.0,0.0,0.0,0.0,0.0,0.001081,0.0,39,22
0,0.0,0.0,0.0,0.0,0.0,0.0,0.0,0.0,0.0,0.088163,0.160083,0.008544,0.166488,0.008075,0.008102,0.358234,0.053439,0.009443,16,23
1,0.0,0.0,0.0,0.0,0.0,0.0,0.0,0.0,0.0,0.993596,0.792866,0.415569,1.098795,0.734656,0.493313,1.068117,0.841788,1.043988,17,23
2,0.357796,0.0,0.0,0.877352,1.133172,1.116468,0.720315,0.720315,1.060372,0.0,0.56809,0.181482,0.0,0.0,0.0,0.0,0.0,0.0,18,23
3,0.0,0.0,0.0,0.0,0.0,0.0,0.0,0.0,0.0,2.374745,2.57153,2.22442,2.733707,2.22442,2.22442,2.453921,3.107006,2.756323,19,23
4,2.189417,2.189417,2.189417,2.778447,2.778447,3.66717,2.778447,4.894369,2.778447,0.0,0.0,0.0,0.0,0.0,0.0,0.0,0.0,0.0,20,23
5,0.0,0.0,0.0,0.0,0.0,0.0,0.0,0.0,0.0,5.891791,5.713065,5.131602,4.130484,6.099626,5.769989,6.800869,5.986783,5.231905,21,23
6,2.935584,1.458791,2.600083,2.839789,2.839789,2.839789,4.989414,5.284851,5.785284,0.0,0.0,0.0,0.0,0.0,0.0,0.0,0.0,0.0,22,23
7,0.0,0.0,0.0,0.0,0.0,0.0,0.0,0.0,0.0,4.928319,4.913002,4.87508,4.017144,5.119865,4.666868,5.194277,6.932342,6.349166,23,23
8,3.560369,3.747641,4.619316,3.426785,4.625199,4.574772,4.704238,4.704238,4.704238,0.0,0.0,0.0,0.0,0.0,0.0,0.0,0.0,0.0,24,23
9,3.356291,2.271793,1.444518,0.806864,1.267675,0.319428,1.018679,0.166197,0.086268,0.0,0.0,0.0,0.0,0.0,0.0,0.0,0.0,0.0,25,23
10,0.0,0.0,0.0,0.0,0.0,0.0,0.0,0.0,0.0,6.936723,4.812798,4.422003,6.268753,5.487253,6.606317,5.304119,5.304119,5.660939,26,23
11,0.0,0.0,0.0,0.0,0.0,0.0,0.0,0.0,0.0,4.966005,4.234802,5.228812,5.467577,6.606317,4.443372,5.262814,5.566784,6.723061,27,23
12,0.898852,0.397462,0.397462,1.080032,1.815516,1.68178,3.032006,2.66033,1.073686,0.0,0.0,0.0,0.0,0.0,0.0,0.0,0.0,0.0,28,23
13,0.335841,0.256125,0.274324,0.0,0.0,0.0,0.0,0.0,0.0,0.0,0.0,0.0,0.0,0.0,0.0,0.0,0.0,0.0,29,23
14,3.192312,2.007298,1.161143,0.532541,0.273065,0.688741,1.771747,1.331344,0.290298,0.0,0.0,0.0,0.0,0.0,0.0,0.0,0.0,0.0,30,23
15,0.0,0.0,0.0,0.0,0.0,0.0,0.0,0.0,0.0,3.601227,2.355296,2.609415,1.334521,2.238397,2.900637,3.469038,3.150769,1.589516,31,23
16,0.0,0.0,0.0,0.0,0.0,0.0,0.0,0.0,0.0,1.524066,0.930536,0.629361,0.688731,0.31183,0.717573,1.62146,1.349559,0.330366,32,23
17,0.0,0.0,0.0,0.0,0.0,0.0,0.0,0.0,0.0,0.184511,0.038253,0.337421,0.104967,0.148468,0.040872,1.234595,0.553642,0.331196,33,23
18,0.0,0.0,0.0,0.0,0.0,0.0,0.0,0.0,0.0,0.008641,0.002443,0.014612,0.015394,0.021669,0.360284,0.017503,0.357534,0.166821,34,23
19,0.022604,0.037626,0.042205,0.023775,0.014737,0.041869,0.037139,0.0,0.026378,0.0,0.0,0.0,0.0,0.0,0.0,0.0,0.333131,0.0,35,23
20,0.0,0.0,0.0,0.0,0.0,0.0,0.0,0.0,0.0,0.015117,0.05582,0.060563,0.035812,0.004928,0.0577,0.009973,0.0786,0.064493,36,23
21,0.032566,0.025213,0.032962,0.018397,0.019315,0.024495,0.033345,0.010669,0.033147,0.0,0.0,0.0,0.0,0.0,0.0,0.0,0.0,0.0,37,23
22,0.0,0.0,0.0014,0.0,0.0,0.004601,0.003004,0.0,0.0,0.001209,0.002084,0.0,0.009924,0.006572,0.0,0.0,0.010429,0.003988,38,23
23,0.0,0.0,0.0,0.0,0.0,0.0,0.0,0.0,0.0,0.0,0.0,0.0,0.0,0.0,0.0,0.0,0.001081,0.0,39,23
0,0.0,0.0,0.0,0.0,0.0,0.0,0.0,0.0,0.0,0.207948,0.160083,0.008544,0.166488,0.008075,0.008102,0.358234,0.444453,0.009443,16,24
1,0.582852,0.368223,0.0,0.220036,0.720081,0.29424,0.190647,0.658541,0.307893,0.0,0.0,0.191101,0.0,0.0,0.0,0.0,0.0,0.0,17,24
2,0.0,0.0,0.0,0.0,0.0,0.0,0.0,0.0,0.0,1.671507,1.628101,0.906174,1.71881,1.217768,1.049774,1.97043,1.818305,1.210233,18,24
3,1.5301,1.333315,1.680425,2.718698,2.152332,2.219245,2.556871,3.291579,2.22442,0.0,0.0,0.0,0.0,0.0,0.0,0.0,0.0,0.0,19,24
4,0.0,0.0,0.0,0.0,0.0,0.0,0.0,0.0,0.0,2.778447,2.778447,2.778447,2.778447,2.778447,2.778447,2.778447,5.509432,4.208764,20,24
5,4.181039,2.889895,2.889895,3.495236,4.427274,4.274026,4.995237,5.287137,5.050962,0.0,0.0,0.0,0.0,0.0,0.0,0.0,0.0,0.0,21,24
6,0.0,0.0,0.0,0.0,0.0,0.0,0.0,0.0,0.0,5.188976,5.782863,3.730185,5.284851,5.284851,5.284851,5.284851,4.989414,4.989414,22,24
7,4.419875,3.852337,4.473114,3.651178,4.571125,4.371154,4.900514,5.044277,5.825837,0.0,0.0,0.0,0.0,0.0,0.0,0.0,0.0,0.0,23,24
8,0.0,0.0,0.0,0.0,0.0,0.0,0.0,0.0,0.0,7.210778,3.730185,3.730185,6.434908,7.526933,6.961313,7.345291,7.53536,7.10082,24,24
9,0.0,0.0,0.0,0.0,0.0,0.0,0.0,0.0,0.0,4.918225,4.372662,6.002723,3.638787,4.353256,3.965893,5.034559,3.179486,5.591464,25,24
10,4.442517,2.458034,3.934827,2.274671,3.412438,2.274671,4.581865,4.728484,5.514778,0.0,0.0,0.0,0.0,0.0,0.0,0.0,0.0,0.0,26,24
11,4.095407,3.50699,3.8326,3.356679,4.460739,4.033931,3.465398,3.465398,3.465398,0.0,0.0,0.0,0.0,0.0,0.0,0.0,0.0,0.0,27,24
12,0.0,0.0,0.0,0.0,0.0,0.0,0.0,0.0,0.0,4.127647,4.629037,4.629037,4.310264,5.03033,4.840763,5.03033,5.402006,6.350602,28,24
13,0.0,0.0,0.0,0.0,0.0,0.0,0.0,0.0,0.0,3.723038,2.409406,3.749603,3.069485,3.452452,1.667736,3.409408,3.204584,3.757757,29,24
14,0.0,0.0,0.0,0.0,0.0,0.0,0.0,0.0,0.0,4.069343,3.799088,4.527906,2.374914,4.693186,4.45797,3.243224,4.171351,3.922562,30,24
15,1.502997,0.91082,0.55262,0.412815,0.466407,0.988787,1.900432,1.475399,0.216862,0.0,0.0,0.0,0.0,0.0,0.0,0.0,0.0,0.0,31,24
16,0.0,0.0,0.0,0.0,0.0,0.0,0.0,0.0,0.0,1.66907,0.730898,0.545307,0.237328,0.224293,0.160054,0.656515,0.274122,0.200126,32,24
17,0.0,0.0,0.0,0.0,0.0,0.0,0.0,0.0,0.0,0.184511,0.388253,0.337421,0.342866,0.386367,0.740872,1.594003,0.91305,0.331196,33,24
18,0.0,0.0,0.0,0.0,0.0,0.0,0.0,0.0,0.0,0.053352,0.017584,0.01725,0.01567,0.058041,0.360284,0.017503,0.359653,0.166821,34,24
19,0.022604,0.037626,0.0,0.023775,0.014737,0.041869,0.037139,0.0,0.026378,0.0,0.0,0.011515,0.0,0.0,0.0,0.0,0.266411,0.0,35,24
20,0.034402,0.029965,0.047676,0.038676,0.036172,0.052221,0.045408,0.042926,0.041266,0.0,0.0,0.0,0.0,0.0,0.0,0.0,0.0,0.0,36,24
21,0.0,0.0,0.0,0.0,0.0,0.0,0.0,0.0,0.0,0.120336,0.032317,0.125563,0.032295,0.14034,0.053586,0.052255,0.127456,0.03995,37,24
22,0.0,0.0,0.0014,0.0,0.0,0.004601,0.003004,0.0,0.0,0.001209,0.002084,0.0,0.015316,0.006572,0.0,0.0,0.01805,0.003988,38,24
23,0.001081,0.001081,0.001081,0.001081,0.001081,0.001081,0.001081,0.0,0.001081,0.0,0.0,0.0,0.0,0.0,0.0,0.0,0.001081,0.0,39,24
0,0.0,0.0,0.0,0.0,0.0,0.0,0.0,0.0,0.0,0.088163,0.160083,0.008544,0.166488,0.008075,0.008102,0.358234,0.000456,0.009443,16,25
1,0.0,0.0,0.0,0.0,0.0,0.0,0.0,0.0,0.0,0.993596,0.792866,0.373114,1.098795,0.609231,0.831611,1.068117,0.897203,1.043988,17,25
2,0.357796,0.0,0.512844,0.879471,1.497283,0.888517,1.549298,1.632,1.06564,0.0,0.617208,0.0,0.0,0.0,0.0,0.0,0.0,0.0,18,25
3,0.0,0.0,0.0,0.0,0.0,0.0,0.0,0.0,0.0,2.374745,2.57153,2.22442,2.733707,2.22442,2.22442,2.453921,3.107006,2.60188,19,25
4,1.701507,1.701507,1.701507,2.877908,3.100766,3.66717,3.910693,4.725568,3.852202,0.0,0.0,0.0,0.0,0.0,0.0,0.0,0.0,0.0,20,25
5,0.0,0.0,0.0,0.0,0.0,0.0,0.0,0.0,0.0,5.77979,4.543916,5.100395,4.130484,6.234931,4.806813,5.255124,5.762315,5.260816,21,25
6,4.622338,3.204483,2.780967,2.926418,2.926418,2.926418,4.989414,5.284851,5.772524,0.0,0.0,0.0,0.0,0.0,0.0,0.0,0.0,0.0,22,25
7,0.0,0.0,0.0,0.0,0.0,0.0,0.0,0.0,0.0,5.273006,4.406619,4.999548,4.017144,5.168393,4.666868,5.750052,5.833291,6.349166,23,25
8,3.604983,3.747641,4.619316,3.728474,4.600479,4.574772,3.253849,3.253849,3.253849,0.0,0.0,0.0,0.0,0.0,0.0,0.0,0.0,0.0,24,25
9,2.112833,1.062838,1.062838,0.315285,0.483071,0.460749,0.451619,1.235585,0.377665,0.0,0.0,0.0,0.0,0.0,0.0,0.0,0.0,0.0,25,25
10,0.0,0.0,0.0,0.0,0.0,0.0,0.0,0.0,0.0,7.113164,5.688329,6.188219,5.130013,6.606317,6.606317,4.732705,5.095524,5.660939,26,25
11,0.0,0.0,0.0,0.0,0.0,0.0,0.0,0.0,0.0,4.556879,4.234802,4.561791,6.606317,4.704376,5.821855,7.336166,7.359169,6.848593,27,25
12,0.693561,0.150348,0.520545,1.137658,1.815516,1.68178,3.032006,2.66033,1.006453,0.0,0.0,0.0,0.0,0.0,0.0,0.0,0.0,0.0,28,25
13,0.541132,0.503239,0.184681,0.0,0.0,0.0,0.0,0.0,0.0,0.0,0.0,0.0,0.0,0.0,0.0,0.0,0.0,0.0,29,25
14,3.192312,2.007298,1.161143,0.556927,0.273065,0.688741,1.771747,1.331344,0.290298,0.0,0.0,0.0,0.0,0.0,0.0,0.0,0.0,0.0,30,25
15,0.0,0.0,0.0,0.0,0.0,0.0,0.0,0.0,0.0,3.601227,3.150805,1.462384,1.347534,2.962865,2.18344,2.953994,2.916944,1.579472,31,25
16,0.0,0.0,0.0,0.0,0.0,0.0,0.0,0.0,0.0,1.524066,0.930536,0.629361,0.688731,0.210424,0.717573,1.792135,1.409742,0.330366,32,25
17,0.0,0.0,0.0,0.0,0.0,0.0,0.0,0.0,0.0,0.184511,0.038253,0.337421,0.206373,0.249874,0.040872,1.06392,0.750658,0.168804,33,25
18,0.0,0.0,0.0,0.0,0.0,0.0,0.0,0.0,0.0,0.008641,0.002443,0.014612,0.015394,0.021669,0.360284,0.017503,0.357534,0.166821,34,25
19,0.022604,0.037626,0.042205,0.023775,0.014737,0.041869,0.037139,0.0,0.026378,0.0,0.0,0.0,0.0,0.0,0.0,0.0,0.333131,0.0,35,25
20,0.0,0.0,0.0,0.0,0.0,0.0,0.0,0.0,0.0,0.015117,0.060311,0.057594,0.022799,0.004928,0.021292,0.001613,0.052851,0.074537,36,25
21,0.032566,0.025213,0.032962,0.018397,0.019315,0.024495,0.033345,0.010669,0.033147,0.0,0.0,0.0,0.0,0.0,0.0,0.0,0.0,0.0,37,25
22,0.0,0.0,0.0014,0.0,0.0,0.004601,0.003004,0.0,0.0,0.001209,0.002084,0.0,0.009924,0.006572,0.0,0.0,0.010429,0.003988,38,25
23,0.0,0.0,0.0,0.0,0.0,0.0,0.0,0.0,0.0,0.0,0.0,0.0,0.0,0.0,0.0,0.0,0.001081,0.0,39,25
