Iteration,"DAs_load
E_DAs_L","DAs_generation
E_DAs_G","DAs_demand_bid
b_t","DAs_supply_offer
o_t",EVs_Charge,EVs_Discharge,TCL_Power,SL_Power,Inflexible_loads,Solar_Power,Gen1,Gen2,Gen3,Gen4,CDA1_supply,CDA2_supply,CDA3_supply,CDA4_supply,CDA5_supply,CDA6_supply,CDA7_supply,CDA8_supply,CDA1_demand,CDA2_demand,CDA3_demand,CDA4_demand,CDA5_demand,CDA6_demand,CDA7_demand,CDA8_demand,Bus1_price,Bus2_price,Bus3_price,Bus4_price,Bus5_price,Bus6_price,Theta_bus_1,Theta_bus_2,Theta_bus_3,Theta_bus_4,Theta_bus_5,Theta_bus_6
0,0.029554735839276723,0.0,0.029554735839276723,0.0,0.32000000000000006,0.0,0.0,0.08129066666666668,3.717000352000001,3.842768251762246,0.06484073583927676,0.0,0.0,0.0,0.000834,0.012161,0.017637,0.00706,0.019456,0.009223,0.027219999999999994,0.009855,0.021314,0.021189,0.033204,0.014105,0.013974,0.014119,0.007414,0.013413,15.0,15.000000000000007,15.00000000000001,14.999999999999995,15.0,15.000000000000012,0.0,-0.006424116145553518,-0.007718058565425829,-0.006979235042485228,-0.0069330448703651655,-0.008347542933912336
0,0.23554453755959293,0.0,0.23554453755959293,0.0,1.8337588652482273,0.0,0.0,2.871706666666667,6.117963978666667,2.1278891429495657,0.20620353755959292,0.0,0.0,0.0,0.00744,0.006984,0.028693000000000135,0.024330999999999995,0.031157,0.025704,0.0,0.014015,0.009168,0.012339,0.032369,0.017977,0.017426,0.000118,0.015343,0.004243,15.0,15.000000000000007,15.000000000000007,14.999999999999998,14.999999999999998,15.000000000000009,0.0,-0.017089295973785817,-0.01889768683356929,-0.027264567317697434,-0.025113704115441622,-0.019777442965577006
0,0.5077549165070505,0.0,0.5077549165070505,0.0,1.2743262411347505,0.0,0.0,0.0,8.310061146666667,1.235609167235681,0.5565419165070506,0.0,0.0,0.0,0.022557,0.031222,0.0,0.0,0.023873,0.0,0.0,0.0,0.024549,0.008899,0.000383,0.006705,0.006809,0.021237,0.026512,0.031345,15.0,15.000000000000007,15.000000000000007,14.999999999999998,14.999999999999998,15.000000000000009,0.0,-0.04557690974255148,-0.050080051703652484,-0.07441700274444424,-0.07210226497174743,-0.052270765471169656
0,0.3397876988084323,0.0,0.3397876988084323,0.0,1.6703546099290743,0.0,0.0,0.0,8.714145184000001,0.7090202103860838,0.3892696988084325,0.0,0.0,0.0,0.002898,0.020303999999999656,0.017899,0.02166299999999978,0.013193,0.01838899999999999,0.006438,0.020517,0.029739,0.021601,0.022724,0.033172,0.007956,0.024708,0.000789,0.030094,15.0,15.000000000000002,15.0,15.0,15.0,15.0,0.0,-0.032847659297205505,-0.0366665751331362,-0.05057962532470352,-0.04835948108754442,-0.0385244227362167
0,0.4999370462531792,0.0,0.4999370462531792,0.0,4.0930496453900655,0.0,0.0,0.0,8.407706970666668,0.17533150351820012,0.5310010462531792,0.0,0.0,0.0,0.0,0.024304,0.0,0.017253,0.01,0.0,0.0,0.018265,0.014064,0.005705,0.008894,0.014603,0.02239,0.014256,0.010942,0.010032,15.0,15.000000000000004,15.000000000000005,14.999999999999996,14.999999999999996,15.000000000000005,0.0,-0.04377384489801428,-0.04826957618544605,-0.07056392699305987,-0.0668571844946169,-0.05045668476685672
0,0.2820205900340424,0.0,0.2820205900340424,0.0,1.821276595744679,0.0,0.0,0.0,8.727632112,0.0,0.2625085900340424,0.0,0.0,0.0,0.016845,0.012649,5.551115123125783e-17,0.00749,0.0,0.029437,0.009304,0.009564,0.007288,0.005447,0.003718,0.004033,0.010539,0.002508,0.03223,1.4e-05,15.0,14.999999999999998,15.0,15.000000000000007,15.000000000000009,15.0,0.0,-0.021128914168092667,-0.02299835016057928,-0.035660439972046994,-0.0328070249955814,-0.023907803871257155
0,2.2638528710808514,0.0,2.2638528710808514,0.0,17.75432624113476,0.0,0.0,25.41056533333338,8.213053056,0.0,2.246894871080851,0.0,0.0,0.0,0.006628,0.021333,0.031794,0.01961,0.015276,0.018186,0.013323,0.019333,0.000885,0.032984,0.015124,0.01127,0.002418,0.030131,0.021383,0.01433,15.0,15.000000000000007,15.000000000000007,14.999999999999998,15.0,15.000000000000009,0.0,-0.1841642273938821,-0.20245441560842783,-0.3001979411401134,-0.28206463308244784,-0.21135232899383863
0,0.3251916159858154,0.0,0.3251916159858154,0.0,1.5353191489361693,0.0,0.0,0.0,6.951494426666668,0.0,0.40848061598581564,0.0,0.0,0.0,0.0,0.02282,0.00878,0.007341,0.033203,0.019417,0.017874,0.0,0.021663,0.018565,0.029195,0.00767,0.033282,0.02782,0.032705,0.021824,15.0,15.000000000000004,15.000000000000004,14.999999999999995,14.999999999999993,15.000000000000004,0.0,-0.03473768056184734,-0.038930775663635335,-0.052667617092054926,-0.05154112205686701,-0.04097065609541943
0,0.2242301310070923,0.0,0.2242301310070923,0.0,0.6615602836879434,0.0,0.0,0.0,4.610623680000001,0.0,0.2901871310070923,0.0,0.0,0.0,0.019642,0.0,0.0,0.0,0.007105,0.004248,0.003845,0.007123,0.007348,0.028095,0.016686,0.002366,0.002442,0.004936,0.031308,0.014739,15.0,15.000000000000007,15.000000000000007,15.0,14.999999999999998,15.000000000000009,0.0,-0.02484337041875109,-0.027936455632923938,-0.03716421281110189,-0.03659652812232957,-0.02944119708263287
0,0.10354919781276596,0.0,0.10354919781276596,0.0,0.9668085106382965,0.0,0.0,0.0,1.491187770666667,0.0,0.11693719781276599,0.0,0.0,0.0,0.000217,0.0,0.029017,0.030181,0.031109,0.0,0.005952,0.030039,0.026981,0.007635,0.030421,0.007631,0.00884,0.010275,0.032347,0.015773,15.0,15.000000000000004,15.000000000000004,14.999999999999995,14.999999999999993,15.000000000000004,0.0,-0.010641442103789324,-0.012323069354692236,-0.014019602368791455,-0.014491636271549698,-0.013141156815005023
0,0.06397842336737586,0.0,0.06397842336737586,0.0,0.4527659574468088,0.0,0.0,0.0,1.659278778666667,0.0,0.12611442336737588,0.0,0.0,0.0,0.023271,0.008925,0.021298,0.002362,0.029309,0.02869,0.008849000000000107,0.005656,0.026861,0.010515,0.009948,0.028655,0.029362,0.026537,0.032084,0.026534,15.0,15.000000000000007,15.000000000000007,14.999999999999998,15.0,15.000000000000007,0.0,-0.010415136083395206,-0.011495805653812382,-0.01673076028648399,-0.01697432204029814,-0.012021535849862193
0,0.2568353546411348,0.0,0.2568353546411348,0.0,2.070921985815604,0.0,0.0,0.0,1.4416411360000003,0.0,0.24422935464113493,1.1102230246251565e-16,0.0,0.0,0.005183,0.03142999999999975,0.005095,0.022299,0.005258,0.007003,0.014485,0.017182,0.011342,0.007033,0.020299,0.007933,0.012318,0.029964,0.003613,0.002827,15.0,15.000000000000004,15.000000000000004,14.999999999999995,14.999999999999995,15.000000000000004,0.0,-0.019948740988230573,-0.021889004366577435,-0.032735521324036995,-0.03059915774958995,-0.022832914581327718
0,0.09078165845957464,0.0,0.09078165845957464,0.0,1.1619858156028433,0.0,0.0,0.0,1.5365145653333336,0.0,0.18118265845957474,0.0,0.0,0.0,0.01122,0.01048899999999997,0.017979,0.0,0.023451,0.0,0.010456,0.011173,0.031907,0.029212,0.025417,0.007141,0.027791,0.008318,0.024285,0.021098,15.0,15.000000000000009,15.00000000000001,15.0,15.0,15.00000000000001,0.0,-0.01625063704325627,-0.018692345787324812,-0.022082020411848317,-0.022560354587822695,-0.019880201957106807
0,0.48858069903262175,0.0,0.48858069903262175,0.0,4.183829787234056,0.0,0.0,12.30537066666667,1.4177154506666667,0.0,0.5496096990326218,0.0,0.0,0.0,0.003224,0.0,0.017678,0.019035,0.032908,0.0,0.017047,0.025038,0.003092,0.021848,0.025954,0.031184,0.020389,0.026004,0.020207,0.027281,15.0,15.000000000000007,15.000000000000007,14.999999999999998,14.999999999999998,15.000000000000009,0.0,-0.046041356878586855,-0.05120110934550184,-0.07192363811404091,-0.06903565091889122,-0.053711254676005175
0,0.11393844647375892,0.0,0.11393844647375892,0.0,2.103829787234049,0.0,0.0,0.0,1.5856229653333336,0.0,0.16517844647375898,0.0,0.0,0.0,0.020124,0.015295,0.010805,0.0,0.000261,0.020689,0.01922,0.007488,0.02825,0.030485,1.9e-05,0.015756,0.021799,0.013546,0.01284,0.022427,15.000000000000002,14.999999999999998,14.999999999999998,15.000000000000005,15.000000000000007,14.999999999999998,0.0,-0.013884705554371159,-0.015468233066650457,-0.02154361571742159,-0.020476090721144806,-0.016238596415698484
0,1.138229034096542,0.0,1.138229034096542,0.0,5.29475177304965,0.0,0.0,22.855904000000024,2.457968778666667,0.18527879069144404,1.1219900340965419,0.0,0.0,0.0,0.024324,0.0,0.03097,0.006347,0.009979,0.030996,0.023626,0.000814,0.026904,0.008829,0.000649,0.026917,0.027237,0.005152,0.008491,0.006638,15.000000000000004,15.000000000000009,15.00000000000001,15.0,15.0,15.00000000000001,0.0,-0.09138226379152388,-0.1001147293516609,-0.15078508915616148,-0.14005214259554347,-0.10436294819357465
0,0.065556,0.0,0.065556,0.0,3.789561257387202e-15,0.6413294169940306,0.0,0.0,4.297464010666667,1.0338945936726267,4.336808689942018e-19,1.734723475976807e-18,0.0,0.0,0.03243699999999999,0.008758,0.027722,0.014368,0.031298,0.03254,0.030853,0.015837999999999988,0.017874,0.018712,0.029291,0.003231,0.022113,0.02882,5.6e-05,0.008161,13.999999785335259,13.999999785335264,13.999999785335266,13.999999785335254,13.999999785335259,13.999999785335266,0.0,0.00030658310393396867,0.0005182796984024861,-0.0004652849459703761,0.00099667813322078,0.0006212670454692195
0,0.08520504815034619,0.0,0.08520504815034619,0.0,0.34680709634151585,0.0,0.0,0.767808,5.094132576000001,2.800545746327675,0.12795704815034614,0.0,0.0,0.0,0.0,0.029927,0.001931,0.0,0.003848,0.029381,0.023981,0.002428,0.012618,0.019486,0.01025,0.014119,0.004476,0.027026,0.017948,0.028325,15.0,15.0,14.999999999999996,15.0,14.999999999999998,14.999999999999996,0.0,-0.01086501201475143,-0.012167035894459128,-0.01652340079328492,-0.01625756294976326,-0.012800451776869903
0,0.12854458863507592,0.0,0.12854458863507592,0.0,0.16000000000000017,0.0,0.0,5.313578666666667,4.502656032000001,4.834451153263633,0.16901258863507593,0.0,0.0,0.0,0.0,0.0,0.031565,0.022445,0.018441,0.024552,0.0,0.0,0.027647,0.013313,0.029267,0.024303,0.003568,0.000826,0.024732,0.013815,15.0,15.000000000000007,15.000000000000007,14.999999999999998,14.999999999999998,15.000000000000009,0.0,-0.014947240458107766,-0.017078664032964826,-0.020920263509882044,-0.020767712913897965,-0.018115570932677218
0,0.006507013550970251,0.0,0.006507013550970251,0.0,0.37333333333333396,0.0,0.0,4.572885333333335,3.8288432480000005,8.514781372627855,0.02979001355097026,1.3877787807814457e-17,0.0,0.0,0.019245,0.0,0.0162,0.003281,0.020161,0.031027,0.0,0.023212,0.028724,0.033251,0.002855,0.032806,0.009078,0.011073,0.012141,0.006481,15.0,15.000000000000007,15.000000000000007,14.999999999999998,14.999999999999998,15.000000000000009,0.0,-0.003071282914204653,-0.0037485051801168933,-0.0030246385284965972,-0.0025265334417015365,-0.004077964067804366
0,0.0,0.019236159760832927,0.0,0.019236159760832927,0.0,0.0,0.0,2.0059733333333334,3.378357573333334,6.153777297099985,0.03693884023916706,2.7755575615628914e-17,0.0,0.0,0.001527,0.0015709999999999821,0.025353,0.01131,0.006787,0.028802,0.0,0.0,0.023486,0.00303,0.002307,0.013421,0.02392,0.026741,0.022141,0.016479,15.000000000000002,15.000000000000007,15.000000000000007,14.999999999999998,14.999999999999998,15.000000000000009,0.0,-0.0032380585127474598,-0.0036840355098929248,-0.004615914562379105,-0.005536385931682006,-0.00390099690175712
0,0.0,0.026099709588251113,0.0,0.026099709588251113,0.0,0.0,0.0,0.6769920000000001,3.6202148160000007,5.341195199530041,0.0306262904117489,0.0,0.0,0.0,0.009646,0.020915,0.00428,0.008289,0.008799,0.008894,0.028267,0.000185,0.007597,0.003655,0.025528,0.028722,0.021141,0.027025,0.010464,0.021869,15.0,15.000000000000005,15.000000000000007,14.999999999999993,14.999999999999988,15.000000000000007,0.0,-0.0026820034754096037,-0.003049904343627961,-0.003831185027863635,-0.004349472045833165,-0.0032288828222212535
0,0.0,0.04344192304165087,0.0,0.04344192304165087,0.0,0.0,0.0,1.4521333333333337,3.409117722666667,6.598927977666033,0.052561076958349134,2.7755575615628914e-17,0.0,0.0,0.00776,0.014072,0.0,0.014954,0.0,0.0,0.010011,0.0,0.00266,0.026403,0.015843,0.00634,0.016284,0.026246,0.023992,0.025032,15.0,15.0,15.0,15.0,15.0,15.0,0.0,-0.005261809845583648,-0.006348200640035222,-0.005575079133820404,-0.0077570126076931,-0.006876714129253999
0,0.0,0.04059827804849192,0.0,0.04059827804849192,0.0,0.0,0.0,0.0,3.2847892266666667,4.908720348475537,0.0,0.0,0.0,0.0,0.0,0.012721,0.0,0.009285,0.003077,0.02862,0.005218721951508083,0.0,0.003367,0.002118,0.008835,0.014063,0.028203,0.029072,0.010309,0.003553,12.999999999988582,12.999999999988589,12.999999999988589,12.99999999998858,12.99999999998858,12.999999999988589,0.0,-9.048093481083914e-05,-0.00015295830397436632,0.00013731812459527354,-0.00019589318972408384,-0.00018335264507378114

1,0.08245189044920587,0.0,0.08245189044920587,0.0,0.752340425531915,0.0,0.0,1.1724960000000002,3.717000352000001,3.842768251762247,0.25212189044920597,1.1102230246251565e-16,0.0,0.0,0.0,0.017963,0.0,0.0,0.040586,0.0,0.0,0.0,0.06992,0.0,0.036541,0.016624,0.0,0.082621,0.0,0.022513,15.0,15.000000000000002,15.000000000000002,14.999999999999998,14.999999999999995,14.999999999999998,0.0,-0.02354275087983623,-0.027582247761904592,-0.029317340731077744,-0.03244223501340055,-0.02954740486994881
1,0.5951503673468277,0.0,0.5951503673468277,0.0,4.944113475177304,0.0,0.0,3.5867200000000006,6.117963978666667,2.1278891429495657,1.73008736734683,0.0,0.0,0.0,0.0,0.0,0.0,0.0,0.0,0.0,0.0,0.0,0.127725,0.129684,0.081593,0.180918,0.123935,0.097633,0.075267,0.318182,15.0,15.000000000000005,15.000000000000007,14.999999999999993,14.999999999999988,15.000000000000007,0.0,-0.15337315202784835,-0.17544448814291402,-0.21359265682616485,-0.22223445942423792,-0.18618187557427793
1,0.030973299485774076,0.0,0.030973299485774076,0.0,0.0,5.83552,0.0,0.0,8.310061146666667,1.2356091672356813,3.3333333333333335,2.4999999999999982,0.06259170093314737,0.0,0.0,0.0,0.0,0.0,0.0,0.0,0.0,0.0,0.757204,0.662073,0.789491,0.81365,0.732972,0.834305,0.6310847347807069,0.644172,64.18856840237649,57.189855411558334,60.0,74.81014458844167,72.0,61.36709490657671,0.0,-0.2555129080446701,-0.36292509327728795,-0.4722147066695992,-0.5222649861518057,-0.4163062255342541
1,0.0,0.24565854232631917,0.0,0.24565854232631917,0.0,17.83146666666667,0.0,0.0,8.714145184000001,0.7090202103860836,3.333333333333333,2.4999999999999982,0.5573946293000773,0.0,0.0,0.0,0.0,0.0,0.0,0.0,0.0,0.0,0.894749,1.039063,0.802919,0.808867,0.8991419999999994,0.5898125049597347,0.792329,0.809505,65.5847578698353,56.25314054874443,60.0,79.74685945125557,76.0,61.82279320876896,0.0,-0.2555129080446701,-0.36292509327728795,-0.47221470666959914,-0.5265290495629169,-0.4252126711197024
1,0.0,0.3089106133212885,0.0,0.3089106133212885,0.0,20.588800000000006,0.0,0.0,8.407706970666668,0.17533150351820018,3.333333333333333,2.4999999999999982,0.5826794588492685,0.0,0.0,0.0,0.0,0.0,0.0,0.0,0.0,0.0,1.026058,0.796937,0.92512,0.835248,0.871115,0.943119,0.43616840550389924,0.891158,64.88666313610588,56.721497980151355,60.0,77.27850201984862,74.0,61.59494405767283,0.0,-0.2555129080446701,-0.36292509327728795,-0.47221470666959914,-0.5289302805909617,-0.4256677976874866
1,0.29370133333334003,0.0,0.29370133333334003,0.0,0.6038810925003728,11.724937204500101,0.0,14.141477333333343,8.727632112,0.0,3.333333333333333,2.499999999999999,0.0,0.0,0.0,0.0,0.0,0.0,0.0,0.0,0.0,0.0,0.952466,0.752175,0.714003,0.661096,0.631617,0.761396,0.313725,0.753154,29.999999999999993,30.0,30.0,29.999999999999986,29.99999999999997,30.0,0.0,-0.26120066353697463,-0.37254026176933114,-0.46358270127539575,-0.5093792631791996,-0.42670537422290733
1,0.15383546467607545,0.0,0.15383546467607545,0.0,0.16700165987625287,11.689505462166576,0.0,9.46286933333334,8.213053056,0.0,3.3333333333333335,1.0626251313427435,0.0,0.0,0.0,0.0,0.0,0.0,0.0,0.0,0.0,0.0,0.382921,0.372509,0.74766,0.639739,0.643438,0.423675,0.460831,0.57135,29.99999999999998,30.0,30.0,29.999999999999957,29.99999999999997,30.0,0.0,-0.2842226885162451,-0.3582761438524064,-0.4286433927774441,-0.4640710489223944,-0.39430208430432184
1,0.49060233333333514,0.0,0.49060233333333514,0.0,8.118786781349032,0.0,0.0,0.0,6.951494426666668,0.0,3.333333333333333,1.7763568394002505e-15,0.0,0.0,0.0,0.0,0.0,0.0,0.0,0.0,0.0,0.0,0.361378,0.359164,0.403903,0.337686,0.308987,0.418995,0.347861,0.30475700000000927,15.0,15.000000000000004,15.000000000000004,14.999999999999995,14.999999999999993,15.000000000000004,0.0,-0.308362433030876,-0.35976728846068395,-0.39200778051406304,-0.42185715233848153,-0.38477501095313155
1,0.9985382644007847,0.0,0.9985382644007847,0.0,19.25601327901011,0.0,0.0,0.0,4.610623680000001,0.0,2.814338264400787,0.0,0.0,0.0,0.0,0.0,0.0,0.0,0.0,0.0,0.0,0.0,0.256847,0.234736,0.211106,0.201422,0.186379,0.2124889999999997,0.296098,0.216723,15.0,15.000000000000004,15.000000000000002,14.999999999999995,14.999999999999986,15.000000000000002,0.0,-0.2530045340636119,-0.2913330695781345,-0.34212187647703723,-0.3566293567985306,-0.3099793505894277
1,0.9836794492293932,0.0,0.9836794492293932,0.0,21.77320657914592,0.0,0.0,0.0,1.491187770666667,0.0,1.7416934492293952,0.0,0.0,0.0,0.0,0.0,0.0,0.0,0.0,0.0,0.0,0.0,0.15879,0.181533,0.05434,0.099641,0.092638,0.092822,0.02916,0.04909,15.0,14.999999999999998,14.999999999999998,15.000000000000005,15.000000000000007,14.999999999999998,0.0,-0.15403505236207576,-0.17600104713641399,-0.21558247090163074,-0.21454869205950855,-0.18668718752129038
1,0.8135242208624709,0.0,0.8135242208624709,0.0,18.141831899803833,0.0,0.0,0.0,1.659278778666667,0.0,1.6109282208624718,0.0,0.0,0.0,0.0,0.0,0.0,0.0,0.0,0.0,0.0,0.0,0.071097,0.107532,0.071295,0.100377,0.087836,0.086218,0.19138,0.081669,14.999999999999995,14.999999999999993,14.999999999999991,14.999999999999998,14.999999999999998,14.999999999999991,0.0,-0.14058104245691128,-0.15959337568458917,-0.20226375044219216,-0.20579150675460384,-0.16884260222780803
1,0.908289037571817,0.0,0.908289037571817,0.0,22.95351742870077,0.0,0.0,0.0,1.4416411360000003,0.0,1.4977620375718175,0.0,0.0,0.0,0.0,0.0,0.0,0.0,0.0,0.0,0.0,0.0,0.075533,0.093353,0.064039,0.08641,0.080614,0.048022,0.076132,0.06537,14.99999999999819,14.999999999998188,14.999999999998188,14.999999999998195,14.999999999998195,14.999999999998188,0.0,-0.12993893026796893,-0.1470864448490417,-0.18921807898955548,-0.1877011930391113,-0.1554284639539142
1,1.0107388034724,0.0,1.0107388034724,0.0,21.554030481364126,0.0,0.0,0.0,1.5365145653333336,0.0,2.2497048034724028,0.0,0.0,0.0,0.0,0.0,0.0,0.0,0.0,0.0,0.0,0.0,0.114718,0.161919,0.152809,0.154134,0.180128,0.154584,0.146473,0.174201,14.999999999999998,14.999999999999996,14.999999999999996,15.000000000000002,15.000000000000002,14.999999999999995,0.0,-0.19826103712125592,-0.2261489582519854,-0.27952891607593583,-0.2851150764192879,-0.23971603059753155
1,0.0,0.43028307287020023,0.0,0.43028307287020023,0.37091896785877243,18.99995733333335,0.0,0.0,1.4177154506666667,0.0,3.333333333333334,1.0313545937964683,0.0,0.0,0.0,0.0,0.0,0.0,0.0,0.0,0.0,0.0,0.519993,0.684731,0.468065,0.656432,0.596407,0.578442,0.76062,0.530281,29.999999999999996,30.0,30.000000000000004,30.0,30.000000000000004,30.00000000000001,0.0,-0.2919031751332126,-0.3701030195120977,-0.41698712485286993,-0.4698462955330003,-0.4081461185701247
1,0.23659733333332866,0.0,0.23659733333332866,0.0,7.840772596951873,0.0,0.0,0.0,1.5856229653333336,0.0,3.333333333333334,0.0,0.0,0.0,0.0,0.0,0.0,0.0,0.0,0.0,0.0,0.0,0.438292,0.377718,0.384856,0.352936,0.425074,0.47660500000000106,0.496359,0.144896,15.0,15.000000000000007,15.000000000000007,14.999999999999998,15.0,15.000000000000009,0.0,-0.3105877867235763,-0.36352925585514273,-0.3886304790274946,-0.42148195768887614,-0.38928451880287157
1,0.747139807237073,0.0,0.747139807237073,0.0,11.766317677394182,0.0,0.0,9.847152000000003,2.457968778666667,0.18527879069144404,3.255302807237077,0.0,0.0,0.0,0.0,0.0,0.0,0.0,0.0,0.0,0.0,0.0,0.194864,0.129321,0.568861,0.043669,0.040357,0.426347,0.162674,0.94207,15.0,14.999999999999995,14.999999999999998,15.000000000000009,15.000000000000007,15.000000000000002,0.0,-0.29846117412270473,-0.3468102350996186,-0.3869026822955828,-0.42824678001182775,-0.3703313575611356
1,0.34588574890002843,0.0,0.34588574890002843,0.0,5.440000000000011,0.0,0.0,3.1868960000000004,4.297464010666667,1.0338945936726267,0.9453137489000296,0.0,0.0,0.0,0.0,0.0,0.0,0.0,0.0,0.0,0.0,0.0,0.06856,0.093077,0.084692,0.071986,0.073938,0.079403,0.052326,0.075446,15.0,15.000000000000004,15.000000000000004,14.999999999999996,15.0,15.000000000000004,0.0,-0.08505152264796098,-0.09797363735883557,-0.11481080290909805,-0.11866835297788829,-0.10426006022693182
1,0.09716945797585082,0.0,0.09716945797585082,0.0,0.8533333333333368,0.0,0.0,0.0,5.094132576000001,2.800545746327675,1.1967884579758525,0.0,0.0,0.0,0.0,0.0,0.0,0.0,0.0,0.0,0.0,0.0,0.237989,0.07986,0.164602,0.093772,0.080601,0.277268,0.035679,0.129848,15.0,15.000000000000014,15.000000000000014,14.999999999999986,14.999999999999993,15.000000000000012,0.0,-0.11306228970951726,-0.1331404403768321,-0.13718030056465122,-0.15133628613147265,-0.14290817176818632
1,0.019363899273373744,0.0,0.019363899273373744,0.0,0.5333333333333335,0.0,0.0,0.4606773333333334,4.502656032000001,4.834451153263633,0.11923789927337386,0.0,0.0,0.0,0.0,0.031942000000000054,0.0,0.011832,0.065728,0.0,0.012419999999999987,0.0,0.115044,0.0,0.003962,0.0,0.0,0.102785,0.0,5e-06,15.0,15.000000000000004,15.000000000000004,14.999999999999998,15.0,15.000000000000004,0.0,-0.012522557264154844,-0.015391617384688498,-0.011758309706581377,-0.015454314151112288,-0.01678737384988126
1,0.09053,0.0,0.09053,0.0,0.3713735856207635,0.0,0.0,7.537466666666664,3.8288432480000005,8.514781372627855,0.0,0.0,0.0,0.0,0.0,0.0,0.0,0.0,0.061528,0.022379,0.0,0.065028,0.051172,0.0,0.00048,0.006753,0.0,0.0,0.0,0.0,12.000000000000004,12.000000000000007,12.000000000000007,12.0,12.0,12.000000000000007,0.0,-0.0008628695477323491,-0.0014586836757179231,0.0013095314312643886,0.0032282818821862853,-0.0017485386757011133
1,0.1275758402391671,0.0,0.1275758402391671,0.0,0.0,0.0,0.0,7.878453333333339,3.378357573333334,6.153777297099985,0.0,0.0,0.0,0.0,0.0,0.0,0.019967,0.044182840239167104,0.095222,0.0,0.0,0.0,0.024229,0.0,0.0,0.0,0.0,0.007567,0.0,0.0,14.000000000000004,14.000000000000007,14.000000000000007,14.0,14.0,14.000000000000009,0.0,-0.00015106019499408032,-0.00025536773324277834,0.00022925606063807483,-0.00010410983878666496,-0.0003061118496999413
1,0.13087962374508233,0.0,0.13087962374508233,0.0,0.0,0.0,0.0,6.956165333333332,3.6202148160000007,5.341195199530042,8.673617379884035e-19,0.0,0.0,0.0,0.0,0.0,0.03370262374508234,0.040109,0.097121,0.0,0.0,0.0,0.013488,0.0,0.0,0.0,0.0,0.026565,0.0,0.0,12.999999999999995,12.999999999999993,12.999999999999996,13.0,13.000000000000002,13.0,0.0,0.0003789928537772255,0.0006406886075322125,-0.0005751773898501425,-0.0010718373000012393,0.0007679998261444863
1,0.2723506102916826,0.0,0.2723506102916826,0.0,0.0,0.0,0.0,14.083834666666666,3.409117722666667,6.598927977666034,1.734723475976807e-18,0.0,0.0,0.0,0.03835561029168261,0.0,0.0,0.126041,0.0,0.0,0.107954,0.0,0.0,0.0,0.0,0.0,0.0,0.0,0.0,0.0,12.0,12.000000000000004,12.000000000000004,11.999999999999998,11.999999999999998,12.000000000000005,0.0,0.001574819612750756,0.002662237492743804,-0.0023900203534687947,0.0019360227607914085,0.003191250644299581
1,0.0,0.0,0.0,0.0,0.0,0.0,0.0,0.0,3.2847892266666667,3.2847892266666663,0.0,0.0,3.0814879110195774e-33,0.0,0.0,0.0,0.0,0.0,0.0,0.0,0.0,0.0,0.0,0.0,0.0,0.0,0.0,0.0,0.0,0.0,12.000000000000004,12.000000000000005,12.000000000000007,12.0,11.999999999999995,12.000000000000007,0.0,-2.1401300439588602e-19,-3.6178965490674655e-19,3.247962066714035e-19,-9.928318487583065e-19,-4.336808689942018e-19

2,0.004855802505943901,0.0,0.004855802505943901,0.0,0.32000000000000006,0.0,0.0,0.0,3.717000352000001,3.842768251762247,0.3384698025059444,2.220446049250313e-16,0.0,0.0,0.0,0.0,0.0,0.0,0.004714,0.003112,0.0,0.021238,0.056046,0.102763,0.084204,0.082452,0.0,0.0,0.037213,0.0,15.0,15.000000000000005,15.000000000000007,14.999999999999993,14.999999999999988,15.000000000000007,0.0,-0.03412329068443043,-0.04128459942733926,-0.03553739870584387,-0.037843511430356525,-0.044768473085343076
2,0.0,0.04201183974537039,0.0,0.04201183974537039,0.0,5.824874666666669,0.0,0.0,6.117963978666667,2.1278891429495657,3.333333333333334,0.26159382692130073,0.0,0.0,0.0,0.0,0.0,0.0,0.0,0.0,0.0,0.0,0.487348,0.607614,0.323316,0.59515,0.357791,0.351804,0.470694,0.443222,29.999999999999993,30.0,30.0,30.00000000000003,30.00000000000003,30.0,0.0,-0.30814345633138535,-0.3690760889387266,-0.39234010985799606,-0.4307155025586802,-0.39871893793106244
2,0.3296969783148073,0.0,0.3296969783148073,0.0,3.098306926210956,0.0,0.0,1.8032053333333335,8.310061146666667,1.235609167235681,0.8043829783148075,0.0,0.0,0.0,0.0,0.0,0.0,0.0,0.0,0.0,0.0,0.0,0.020067,0.016528,0.127837,0.030973,0.014207,0.05196,0.146859,0.066255,15.0,15.000000000000005,15.000000000000007,14.999999999999993,14.999999999999988,15.000000000000007,0.0,-0.07168378435321751,-0.08220439098115565,-0.09873846368303428,-0.10410959494683406,-0.08732251472265576
2,0.5607410000000002,0.0,0.5607410000000002,0.0,9.599348121321865,0.0,0.0,0.7690613333333335,8.714145184000001,0.7090202103860838,3.469446951953614e-18,0.0,0.0,0.0,1.3877787807814457e-17,0.0,0.0,0.0,0.0,0.0,0.0,0.560741,0.0,0.0,0.0,0.0,0.0,0.0,0.0,0.0,11.999999999999996,11.999999999999998,12.0,11.999999999999993,11.999999999999993,12.0,0.0,0.003030030863041216,0.005122276673751261,-0.004598517427439022,0.014056674509288684,0.006140124154942363
2,1.6404960000000002,0.0,1.6404960000000002,0.0,21.92746038931644,0.0,0.0,3.2572213333333333,8.407706970666668,0.17533150351820018,0.0,0.0,0.0,0.0,0.0,0.0,0.0,0.308911,0.531746,0.0,0.0,0.799839,0.0,0.0,0.0,0.0,0.0,0.0,0.0,0.0,13.0,13.000000000000005,13.000000000000007,12.999999999999998,12.999999999999998,13.000000000000007,0.0,0.004322025418979568,0.007306397521238028,-0.006559309165274874,0.02005039132653926,0.008758251606294069
2,0.0,0.15111755464680865,0.0,0.15111755464680865,2.852765957446809,19.061695999999987,0.0,0.0,8.727632112,0.0,3.3333333333333335,1.0829721120198492,0.0,0.0,0.0,0.0,0.0,0.0,0.0,0.0,0.0,0.0,0.725683,0.836687,0.773076,0.293701,0.763855,0.325405,0.423372,0.425644,29.99999999999561,29.999999999995605,29.999999999995598,29.99999999999562,29.999999999995616,29.999999999995595,0.0,-0.30352859660456094,-0.39166568104165345,-0.3993438381492942,-0.4410719625774106,-0.4345431043991781
2,2.7057020000000005,0.0,2.7057020000000005,0.0,31.573333333333338,0.0,0.0,22.534074666666708,8.213053056,0.0,0.0,0.0,0.0,0.0,0.613694,0.0,0.0,0.0,0.0,1.003676,0.622933,0.6192340000000001,0.0,0.0,0.0,0.153835,0.0,0.0,0.0,0.0,12.999999999999993,12.999999999999991,12.99999999999999,12.999999999999993,12.999999999999993,12.99999999999999,0.0,0.027999426753825083,0.047333118711396546,-0.04249324766168748,0.04397603518371586,0.05673868165261731
2,0.3320568642127658,0.0,0.3320568642127658,0.0,4.315460992907799,0.0,0.0,0.0,6.951494426666668,0.0,3.3333333333333335,1.1851695308794348,0.0,0.0,0.0,0.0,0.0,0.0,0.0,0.0,0.0,0.0,0.569313,0.526788,0.584405,0.490602,0.524574,0.513271,0.503096,0.4743969999999962,29.999999999999993,30.0,30.0,29.999999999999982,29.99999999999998,30.0,0.0,-0.28484540123434293,-0.36386298897169017,-0.4276983346523309,-0.46601785425209075,-0.4023039084069458
2,0.0,0.19735497452525408,0.0,0.19735497452525408,0.0,12.504822661010632,0.0,0.0,4.610623680000001,0.0,3.3333333333333335,2.499999999999986,1.0245126921414212,0.0,0.0,0.0,0.0,0.0,0.0,0.0,0.0,0.0,1.314815,1.008212,1.114698,0.998538,1.318851,0.0,1.300087,0.0,68.377136804753,54.3797108231165,59.99999999999994,89.62028917688367,84.00000000000024,62.73418981315341,0.0,-0.2555129080446701,-0.3629250932772875,-0.4722147066695992,-0.502194733219961,-0.43362078952435124
2,0.04309881483404251,0.0,0.04309881483404251,0.0,0.31432624113475144,0.5070933333333347,0.0,0.0,1.491187770666667,0.0,3.333333333333333,2.4999999999999982,0.6917536991692508,0.0,0.0,0.0,0.0,0.0,0.0,0.0,0.0,0.0,1.028362,0.895323,0.900567,0.0,1.176664,1.176453,0.08074121766855291,1.223878,65.2357105029706,56.48731926444791,60.0,78.51268073555211,75.0,61.708868633220895,0.0,-0.2555129080446701,-0.36292509327728795,-0.47221470666959914,-0.5355048013237352,-0.4276311324425785
2,0.0,0.22598119734140137,0.0,0.22598119734140137,0.0,10.698526672322721,0.0,0.0,1.659278778666667,0.0,3.333333333333334,2.5000000000000018,1.1501337550370585,0.0,0.0,0.0,0.0,0.0,0.0,0.0,0.0,0.0,1.116933,0.997474,0.937513,0.0,0.34979028571179527,1.175632,1.281475,1.350631,67.07043806588726,55.25638562868118,60.00000000000003,85.0,80.25638562868117,62.307700134885344,0.0,-0.2555129080446702,-0.3629250932772882,-0.472214706669599,-0.5760551297532182,-0.4358819668475319
2,0.0,0.007196327628368845,0.0,0.007196327628368845,0.0,1.841834666666668,0.0,0.0,1.4416411360000003,0.0,3.333333333333334,2.4999999999999982,0.548813870484512,0.0,0.0,0.0,0.0,0.0,0.0,0.0,0.0,0.0,1.110544,0.926093,0.852403,0.908289,1.1742,0.09714153144621272,0.0,1.320673,66.63189997042934,55.55060440163389,60.0,83.44939559836598,79.0,62.164566935413234,0.0,-0.2555129080446702,-0.36292509327728806,-0.472214706669599,-0.5038501649402076,-0.4250582175845852
2,0.0,0.6794308692000011,0.0,0.6794308692000011,2.1221543041368327e-15,28.713749333333357,0.0,0.0,1.5365145653333336,0.0,3.333333333333333,2.4999999999999947,0.8843535134846308,0.0,0.0,0.0,0.0,0.0,0.0,0.0,0.0,0.0,1.01752,1.014418,0.965929,1.010739,0.722923716017956,0.0,1.356065,1.309523,69.61579576960663,53.54868445500635,59.99999999999999,94.00000000000003,87.54868445500641,63.13847218344402,0.0,-0.25551290804467025,-0.36292509327728817,-0.4722147066695988,-0.5416294532649816,-0.4310979263268204
2,1.2627470000000007,0.0,1.2627470000000007,0.0,29.973333333333347,0.0,0.0,11.781045333333335,1.4177154506666667,0.0,0.0,0.0,0.0,0.0,0.0,0.0,0.0,0.0,0.269045,0.0,0.4605550000000006,0.533147,0.0,0.0,0.0,0.0,0.0,0.0,0.0,0.0,12.999999999999996,13.000000000000004,13.000000000000004,12.999999999999995,12.999999999999995,13.000000000000004,0.0,0.005369587258049231,0.009077304094510618,-0.008149138309274715,0.02491015562127469,0.01088105498441266
2,0.36264654292766024,0.0,0.36264654292766024,0.0,13.84737588652483,1.2142293333333352,0.0,0.0,1.5856229653333336,0.0,3.333333333333334,1.0763632095943265,0.0,0.0,0.0,0.0,0.0,0.0,0.0,0.0,0.0,0.0,0.507515,0.560951,0.599264,0.236597,0.500377,0.6190179999999987,0.475595,0.547733,29.99999999999998,30.0,29.99999999999999,29.999999999999943,29.999999999999957,29.999999999999993,0.0,-0.28902081447335665,-0.3668957002296491,-0.421361531030769,-0.465959579747411,-0.4047807115936757
2,0.9651335577648651,0.0,0.9651335577648651,0.0,14.453333333333346,0.0,0.0,17.15650666666668,2.457968778666667,0.18527879069144404,1.4150805577648586,0.0,0.0,0.0,0.0,0.11203699999999889,0.0,0.0,0.045312,0.09371,0.178812,0.236412,0.255802,0.0,0.113288,0.74714,0.0,0.0,0.0,0.0,15.0,15.0,15.000000000000004,15.0,15.0,15.000000000000005,0.0,-0.12000427934183404,-0.1342983093080754,-0.18296372161105626,-0.15935008532520833,-0.1412521492071604
2,0.17939277947191812,0.0,0.17939277947191812,0.0,3.8544137618832126,0.10227200000000047,0.0,0.0,4.297464010666667,1.0338945936726265,3.333333333333333,1.0377164461385888,0.0,0.0,0.0,0.0,0.0,0.0,0.0,0.0,0.0,0.0,0.459748,0.493533,0.409343,0.345886,0.57193,0.574497,0.66627,0.67045,29.99999999999997,30.0,29.999999999999993,29.99999999999993,29.999999999999943,29.999999999999993,0.0,-0.2838962518472668,-0.3568026793658754,-0.42913880842801116,-0.47736461904164096,-0.3922706072893509
2,0.20620883386237532,0.0,0.20620883386237532,0.0,1.3866666666666703,0.0,0.0,3.85888,5.094132576000001,2.800545746327675,1.690610833862376,0.0,0.0,0.0,0.0,0.0,0.0,0.0,0.0,0.0,0.0,0.0,0.157865,0.214496,0.228089,0.097169,0.180712,0.18034,0.230715,0.195016,15.0,15.000000000000002,15.000000000000004,15.0,15.000000000000002,15.000000000000004,0.0,-0.1575137224384738,-0.18435701470813892,-0.19712386816055155,-0.21492189753220808,-0.1974158901441389
2,0.13003,0.0,0.13003,0.0,0.5333333333333335,0.0,0.0,4.995845333333334,4.502656032000001,4.834451153263633,0.0,0.0,0.0,0.0,0.0,0.0,0.0,0.0,0.106749,0.105016,0.0,0.0,0.0,0.021551,0.04082,0.019364,0.0,0.0,0.0,0.0,14.000000000000004,14.000000000000005,14.000000000000007,14.0,14.0,14.000000000000007,0.0,-0.0010447991111996711,-0.001766236173146639,0.0015856362981736185,0.003884939937987165,-0.002117204922889972
2,0.008894080217636966,0.0,0.008894080217636966,0.0,0.37333333333333396,0.0,0.0,4.668368,3.8288432480000005,8.514781372627855,0.16293608021763706,0.0,0.0,0.0,0.0,0.0,0.0,0.0,0.064912,0.064912,0.0,0.064912,0.065,0.131604,0.061644,0.09053,0.0,0.0,0.0,0.0,14.999999999999996,15.0,15.000000000000002,14.999999999999995,15.0,15.000000000000004,0.0,-0.019343257545478557,-0.024804588670442246,-0.012680934476809595,-0.011971296103538661,-0.027461447678614123
2,0.01156917357250045,0.0,0.01156917357250045,0.0,0.0,0.0,0.0,3.2381866666666674,3.378357573333334,6.153777297099985,0.30352417357250006,0.0,0.0,0.0,0.0,0.0,0.0,0.0,0.031796,0.031796,0.0,0.0,0.018867,0.118478,0.090626,0.127576,0.0,0.0,0.0,0.0,15.0,15.000000000000002,15.000000000000002,14.999999999999998,14.999999999999995,14.999999999999998,0.0,-0.030625795388463172,-0.037065401952935714,-0.031829462017390175,-0.0326483377113999,-0.04019817788583896
2,0.01228549041174895,0.0,0.01228549041174895,0.0,0.0,0.0,0.0,2.2124,3.6202148160000007,5.341195199530042,2.490411748935252e-06,0.0,0.0,0.0,0.040033,0.026382999999999993,0.0,0.0,0.040053,0.040053,0.040053,0.040053,0.0,0.0,0.083465,0.13088,0.0,0.0,0.0,0.0,14.000002687345999,14.000002687345997,14.000002687345997,14.000002687345999,14.000002687345999,14.000002687345999,0.0,0.00020837926134699826,0.00035238647028879705,-0.000316888694194148,0.0033541779119378684,0.00042244390529210896
2,0.0,0.028759923041650766,0.0,0.028759923041650766,0.0,0.0,0.0,2.0394133333333335,3.409117722666667,6.598927977666034,0.9477210769583502,0.0,0.0,0.0,0.0,0.0,0.0,0.0,0.0,0.0,0.0,0.0,0.180348,0.251379,0.272403,0.272351,0.0,0.0,0.0,0.0,15.0,14.999999999999996,14.99999999999999,15.000000000000005,15.000000000000007,15.0,0.0,-0.09596352710413962,-0.11630376534683169,-0.09887131711067063,-0.10458391492081465,-0.1261989985723794
2,0.0,0.0,0.0,0.0,0.0,0.0,0.0,0.0,3.2847892266666667,3.2847892266666663,-0.0,0.0,0.0,0.0,0.0,0.0,0.0,0.0,0.0,0.0,0.0,0.0,0.0,0.0,0.0,0.0,0.0,0.0,0.0,0.0,13.000000000001819,13.000000000001817,13.00000000000182,13.0,13.000000000000348,13.000000000001652,0.0,0.0,0.0,0.0,0.0,0.0

3,0.09521784789601437,0.0,0.09521784789601437,0.0,1.2629787234042555,0.0,0.0,1.1724960000000002,3.717000352000001,3.842768251762247,0.0,6.938893903907228e-18,0.0,0.0,0.01067,0.0,0.013639,0.0,0.0,0.08789084789601434,0.0,0.0,0.0,0.010901,0.0,0.0,0.001225,0.0,0.004856,0.0,12.000000000000004,12.000000000000007,12.000000000000007,12.0,12.0,12.000000000000007,0.0,0.0007952801801109538,0.0013444236378471592,-0.0012069546262860357,0.0018122908565192308,0.0016115740283071025
3,0.3233773177014367,0.0,0.3233773177014367,0.0,4.433475177304965,0.0,0.0,3.5867200000000006,6.117963978666667,2.1278891429495657,0.0,0.0,0.0,0.0,0.069253,0.03268,0.070615,0.0,0.0,0.023747317701436826,0.0,0.14503599999999983,0.0,0.0,0.0,0.0,0.017954,0.0,0.0,0.0,13.999999999999998,14.000000000000004,14.000000000000005,13.999999999999996,13.999999999999996,14.000000000000005,0.0,0.005372338088568358,0.009081954382127631,-0.00815331309912139,0.00076634199154388,0.010886629330576148
3,0.5048158541862418,0.0,0.5048158541862418,0.0,5.593239776671193,0.0,0.0,6.568346666666668,8.310061146666667,1.235609167235681,2.7099128541862365,0.0,0.0,0.0,0.0,0.0,0.0,0.0,0.0,0.0,0.0,0.0,0.347728,0.275197,0.203357,0.282351,0.228265,0.190479,0.329697,0.348023,15.0,15.000000000000004,15.000000000000004,14.999999999999993,14.999999999999991,15.000000000000004,0.0,-0.24840320811607816,-0.2886145629488515,-0.32216352496496864,-0.34464802982805454,-0.3081768084662317
3,0.0,0.1073229093098715,0.0,0.1073229093098715,0.36862532065791004,12.666666666666673,0.0,0.0,8.714145184000001,0.7090202103860838,3.333333333333333,1.8051967573567849,0.0,0.0,0.0,0.0,0.0,0.0,0.0,0.0,0.0,0.0,0.560741,0.560741,0.637134,0.560741,0.560741,1.2442729999999944,0.560741,0.560741,30.000000000000004,30.0,30.000000000000007,30.000000000000007,30.000000000000007,30.00000000000001,0.0,-0.2705848661698119,-0.3626965400560347,-0.4493407937502662,-0.509830999465923,-0.40750754398944444
3,0.0,0.4321266133154725,0.0,0.4321266133154725,0.0,25.517440000000004,0.0,2.3264945525625083e-10,8.407706970666668,0.17533150351820018,3.333333333333333,2.5,1.6666666666666667,0.10503111582978253,0.0,0.0,0.0,0.0,0.0,0.0,0.0,0.0,1.80312,1.68458172914527,1.388886,0.0,1.580285,1.580285,0.0,0.0,93.11548893086615,91.27255302262785,90.0,95.91241519160425,97.18496821423207,102.0,0.0,-0.27294239626657624,-0.392389697761509,-0.4457628951328239,-0.49966724001554363,-0.48238962576156663
3,0.8991509999999993,0.0,0.8991509999999993,0.0,14.626226044967556,4.423818156967615,0.0,17.036000000000023,8.727632112,0.0,0.0,0.0,0.0,0.0,0.301644,0.109118,0.0,0.488389,0.0,0.0,0.0,0.0,0.0,0.0,0.0,0.0,0.0,0.0,0.0,0.0,12.0,12.000000000000004,12.000000000000004,11.999999999999998,11.999999999999998,12.000000000000005,0.0,0.010618034639769113,0.01794982084828764,-0.016114429041531948,-0.008248006051841268,0.021516629340278186
3,0.0,0.5840070069391503,0.0,0.5840070069391503,0.0,31.573333333333338,0.0,-2.2598278858958416e-10,8.213053056,0.0,3.333333333333334,2.4999999999999956,1.6666666666666572,0.0,0.0,0.0,0.0,0.0,0.0,0.0,0.0,0.0,0.0,2.557745,0.8900526395279496,0.0,0.0,1.9305073674111926,2.705702,0.0,86.10311949868881,70.96422778711083,77.04284176572601,109.07861397861305,103.0,80.0,0.0,-0.25551290804467025,-0.36292509327728817,-0.47221470666959897,-0.602244351468893,-0.44517955181879654
3,0.4812346216944966,0.0,0.4812346216944966,0.0,11.722697476574185,0.04211199999999989,0.0,0.0,6.951494426666668,0.0,2.954703621694497,0.0,0.0,0.0,0.0,0.0,0.0,0.0,0.0,0.0,0.0,0.0,0.338485,0.2643,0.33131,0.31223,0.289719,0.296845,0.332057,0.3085229999999992,15.0,15.000000000000007,15.000000000000007,14.99999999999999,14.999999999999986,15.000000000000009,0.0,-0.27164968043206916,-0.31605118857964987,-0.3500390973996113,-0.3748838984983399,-0.33765188339177793
3,0.5570050000000001,0.0,0.5570050000000001,0.0,11.632696887375895,0.0,0.0,0.0,4.610623680000001,0.0,0.0,0.0,0.0,0.0,0.0,0.0,0.0,0.0,0.276887,0.0,0.0,0.280118,0.0,0.0,0.0,0.0,0.0,0.0,0.0,0.0,12.0,12.000000000000004,12.000000000000004,11.999999999999998,11.999999999999998,12.000000000000005,0.0,0.0015136510176594522,0.0025588317909656243,-0.00229718801503611,0.007022007576034083,0.003067297197875925
3,0.25655795248166563,0.0,0.25655795248166563,0.0,7.533116144202797,0.0,0.0,0.0,1.491187770666667,0.0,0.3830359524816659,1.1102230246251565e-16,0.0,0.0,0.10007999999999995,0.0,0.0,0.0,0.0,0.0,0.0,0.0,0.0,0.019167,0.031989,0.037829,0.064264,0.0107,0.043099,0.01951,15.000000000000002,15.000000000000002,15.0,15.000000000000005,15.000000000000007,14.999999999999998,0.0,-0.0305601869297412,-0.033101659030730375,-0.05244290734936951,-0.050803681150626244,-0.03433804863814051
3,1.4941911893248239,0.0,1.4941911893248239,0.0,32.26666666666667,0.0,0.0,0.0,1.659278778666667,0.0,5.551115123125783e-17,0.0,0.0,0.0,0.12088718932482365,0.150164,0.16641399999999987,0.0,0.0,0.308771,0.0,0.747955,0.0,0.0,0.0,0.0,0.0,0.0,0.0,0.0,12.99999999999999,12.999999999999988,12.999999999999993,12.999999999999995,12.999999999999996,12.999999999999993,0.0,0.017018446441241654,0.028769737065305768,-0.025827995187296168,0.017705843478787488,0.03448657086237719
3,0.334734,0.0,0.334734,0.0,12.002534637049653,2.280064,0.0,0.0,1.4416411360000003,0.0,0.0,0.0,0.0,0.0,0.244145,0.0,0.0,0.0,0.0,0.083393,0.007196,0.0,0.0,0.0,0.0,0.0,0.0,0.0,0.0,0.0,12.000000000000004,12.000000000000007,12.000000000000007,12.0,12.0,12.000000000000007,0.0,0.006800559796164114,0.011496367656591832,-0.010320849573002007,-0.0026314870482593397,0.013780810611825508
3,2.3524270485305006,0.0,2.3524270485305006,0.0,32.26666666666667,0.0,0.0,0.0,1.5365145653333336,0.0,0.0,0.0,0.0,0.0,0.0,0.0,0.4610790485305003,0.0,0.0,0.0,0.679431,1.2119169999999997,0.0,0.0,0.0,0.0,0.0,0.0,0.0,0.0,12.999999999999995,12.999999999999998,12.999999999999998,12.999999999999991,12.999999999999991,13.0,0.0,0.02213883483513775,0.037425769698674984,-0.03359893757332671,0.0381540153986524,0.04486264354319869
3,0.0,0.43189471373333466,0.0,0.43189471373333466,6.063298011819523e-15,18.693504000000008,0.0,0.0,1.4177154506666667,0.0,3.333333333333333,2.4999999999999982,1.6666666666666667,0.0,0.0,0.0,0.0,0.0,0.0,0.0,0.0,0.0,1.2365236600496474,1.262747,1.369983,1.442575,0.0,1.509006,0.0,1.1110600536836976,81.32676510840825,78.0357016928455,79.35713951428428,86.32143782143878,85.0,79.99999999999638,0.0,-0.2555129080446701,-0.36292509327728795,-0.47221470666959914,-0.5432408626167895,-0.4451795518187964
3,0.654985892135447,0.0,0.654985892135447,0.0,19.269364720084514,0.4774613333333336,0.0,5.821909333333334,1.5856229653333336,0.0,3.333333333333333,1.3299055588021087,0.0,0.0,0.0,0.0,0.0,0.0,0.0,0.0,0.0,0.0,0.541216,0.339796,0.437611,0.551883,0.406774,0.685065999999992,0.362647,0.68326,29.999999999999993,30.0,30.0,29.999999999999982,29.999999999999982,30.0,0.0,-0.27188492045362583,-0.3473084939664491,-0.447367770190125,-0.4847793615124658,-0.3840009771964218
3,0.0,0.07298221696728616,0.0,0.07298221696728616,5.45696821063757e-15,5.191978666666673,0.0,0.0,2.457968778666667,0.18527879069144404,3.333333333333334,2.5000000000000027,0.43282364109027904,0.0,0.0,0.0,0.0,0.0,0.0,0.0,0.0,0.0,0.976911,0.681513,0.835432,1.148301,0.0,1.261719,0.6907021913909036,0.744561,66.98094733729413,55.31642568593074,60.0000000000001,84.68357431406915,79.99999999999976,62.278491510961246,0.0,-0.2555129080446703,-0.3629250932772885,-0.47221470666959897,-0.5408492358448184,-0.4229703951257476
3,0.4000152609567671,0.0,0.4000152609567671,0.0,6.235460992907813,0.0,0.0,5.790090666666666,4.297464010666667,1.0338945936726267,1.9107422609567686,1.7763568394002505e-15,0.0,0.0,0.0,0.0,0.0,0.0,0.0,0.0,0.0,0.0,0.220392,0.143918,0.143657,0.198469,0.158692,0.205736,0.179393,0.26047,15.0,15.0,14.999999999999996,15.0,15.000000000000007,15.000000000000007,0.0,-0.17339880724471568,-0.2005440874205504,-0.22980936976791874,-0.2453460742740688,-0.21374987562754097
3,0.13907447074180856,0.0,0.13907447074180856,0.0,1.3866666666666712,0.0,0.0,1.8827253333333334,5.094132576000001,2.800545746327674,2.4832414707418113,0.0,0.0,0.0,0.0,0.0,0.0,0.0,0.0,0.0,0.0,0.0,0.401723,0.404354,0.277645,0.311016,0.249392,0.297938,0.206209,0.19589,14.99999999999999,14.99999999999999,14.999999999999988,14.999999999999993,14.999999999999993,14.999999999999988,0.0,-0.23555049312921297,-0.2778706217767076,-0.2831886609800127,-0.3068676813316672,-0.29845875541140576
3,0.005038455301742538,0.0,0.005038455301742538,0.0,0.5333333333333337,0.0,0.0,0.0,4.502656032000001,4.834451153263633,0.47498345530174324,2.220446049250313e-16,0.0,0.0,0.0,0.0,0.0,0.0,0.0,0.0,0.0,0.0,0.065834,0.1303,0.025284,0.025284,0.025284,0.023551,0.13003,0.044378,15.0,15.000000000000005,15.000000000000007,14.999999999999993,14.999999999999988,15.000000000000007,0.0,-0.045766422668759146,-0.054352429781966624,-0.05308747435372406,-0.06001843175748112,-0.058529398696867345
3,0.23158072703011134,0.0,0.23158072703011134,0.0,0.37333333333333396,0.0,0.0,13.177536000158545,3.8288432480000005,8.514781372627855,0.0,0.0,0.0,0.0,0.0,0.0,0.0,0.0,0.0,0.1447277270301113,0.0,0.095747,0.0,0.0,0.0,0.0,0.0,0.0,0.008894,0.0,12.000000000000004,12.000000000000007,12.000000000000007,12.0,12.0,12.000000000000007,0.0,0.0012513740749949803,0.002115451797098299,-0.0018991441844041464,0.005805273562102123,0.002535813175524351
3,0.15386370690583379,0.0,0.15386370690583379,0.0,0.0,0.0,0.0,8.929967999999999,3.378357573333334,6.153777297099985,0.0,0.0,0.0,0.0,0.120073,0.0,0.04535970690583371,0.0,0.0,0.0,0.0,0.0,0.0,0.0,0.0,0.0,0.0,0.0,0.011569,0.0,11.999999999999995,11.999999999999998,12.0,11.999999999999993,11.999999999999993,12.0,0.0,0.004213855330550601,0.007123535647613022,-0.00639514514871797,-0.003611862617301691,0.008539053253925365
3,0.0,0.0430245095922146,0.0,0.0430245095922146,0.0,0.0,0.0,-1.5187429147283034e-10,3.6202148160000007,5.341195199530042,0.045781490407785425,0.0,0.0,0.0,0.0,0.006447,0.0,0.074249,0.0,0.037919,0.0,0.0,0.038678,0.0,0.001375,0.0,0.069099,0.0,0.012285,0.085984,15.0,15.000000000000005,15.000000000000007,14.999999999999993,14.999999999999988,15.000000000000007,0.0,-0.004951255463776403,-0.006151719885128808,-0.004297271740884189,-0.00657318279590726,-0.00673572855240792
3,0.27896514362501595,0.0,0.27896514362501595,0.0,0.0,0.0,0.0,14.348415999999999,3.409117722666667,6.598927977666034,6.938893903907228e-18,0.0,0.0,0.0,0.143503,0.0,0.0,0.11969814362501588,0.0,0.0,0.02876,0.0,0.0,0.0,0.0,0.0,0.012996,0.0,0.0,0.0,12.0,12.000000000000004,12.000000000000004,11.999999999999998,11.999999999999998,12.000000000000005,0.0,0.0038649036732905685,0.006533631776978555,-0.005865559692405688,-0.002160550422356299,0.007831929598591051
3,0.0,0.0,0.0,0.0,0.0,0.0,0.0,0.0,3.2847892266666667,3.284789226666665,-0.0,0.0,0.0,0.0,0.0,0.0,0.0,0.0,0.0,0.0,0.0,0.0,0.0,0.0,0.0,0.0,0.0,0.0,0.0,0.0,15.0,14.999999999999998,15.000000000000002,15.0,15.000000000000002,15.000000000000004,0.0,0.0,0.0,0.0,0.0,0.0

4,0.00568882764552437,0.0,0.00568882764552437,0.0,0.4268356722498872,0.07351466666666671,0.0,0.0,3.717000352000001,3.842768251762247,0.3291048276455249,0.0,0.0,0.0,0.0,0.0,0.0,0.0,0.0,0.0,0.0,0.0,0.114517,0.004708,0.007327,0.027637,0.005258,0.095218,0.065465,0.003286,15.0,15.000000000000005,15.000000000000007,14.999999999999993,14.999999999999988,15.000000000000007,0.0,-0.03116092803319427,-0.03673050634296436,-0.03761707548582635,-0.042796784925344014,-0.03944002604895541
4,0.15776571389881255,0.0,0.15776571389881255,0.0,2.2618017202354013,0.10124800000000016,0.0,0.0,6.117963978666667,2.1278891429495657,1.8856067138988153,8.881784197001252e-16,0.0,0.0,0.0,0.0,0.0,0.0,0.0,0.0,0.0,0.0,0.382186,0.162786,0.162786,0.162786,0.18074,0.323377,0.231266,0.121914,15.0,15.000000000000005,15.000000000000007,14.999999999999993,14.999999999999988,15.000000000000007,0.0,-0.1766681982669286,-0.2072889740623569,-0.21836266883731542,-0.23896159926159338,-0.22218554087871817
4,0.0,0.06807947588769746,0.0,0.06807947588769746,0.33540365172777964,10.133034666666667,0.0,0.0,8.310061146666667,1.2356091672356813,3.333333333333333,0.5988171907789699,0.0,0.0,0.0,0.0,0.0,0.0,0.0,0.0,0.0,0.0,0.414503,0.606765,0.552229,0.573246,0.693062,0.504816,0.27381,0.381799,29.99999999999994,30.0,29.999999999999975,29.999999999999858,29.99999999999983,29.99999999999995,0.0,-0.3001610279752955,-0.3680590457161861,-0.4044546187748853,-0.4377118161892099,-0.40109045434975416
4,0.5970940000000001,0.0,0.5970940000000001,0.0,12.868936889209738,0.0,0.0,0.0,8.714145184000001,0.7090202103860838,0.0,1.1102230246251565e-16,0.0,0.0,0.134121,0.0,0.212184,0.0,0.0,0.0,0.0,0.250789,0.0,0.0,0.0,0.0,0.0,0.0,0.0,0.0,13.000000000000002,13.000000000000007,13.000000000000009,13.0,13.0,13.000000000000009,0.0,0.010307015045885284,0.017424041249715586,-0.015642411069637666,-0.0006669371809678714,0.020886372089647505
4,1.0645040000000001,0.0,1.0645040000000001,0.0,22.839480192426,0.0,0.0,3.023765333333334,8.407706970666668,0.17533150351820012,0.0,2.7755575615628914e-17,0.0,0.0,0.0,0.0,0.0,0.327276,0.0,0.0,0.0,0.737228,0.0,0.0,0.0,0.0,0.0,0.0,0.0,0.0,13.0,13.000000000000005,13.000000000000007,12.999999999999998,12.999999999999998,13.000000000000007,0.0,0.003983699413986402,0.006734456349074338,-0.00604584969887348,0.018480856643501863,0.008072660016834593
4,0.0,0.5348577305334175,0.0,0.5348577305334175,0.0,30.121941333333346,0.0,0.0,8.727632112,0.0,3.3333333333333344,2.5000000000000195,0.3257686936075501,0.0,0.0,0.0,0.0,0.0,0.0,0.0,0.0,0.0,0.624454,0.899151,0.899151,0.899151,0.899151,0.0,0.5279607574743181,1.944941,68.72618417162002,54.145532107426114,60.00000000000002,90.85446789257311,84.9999999999992,62.84811438870136,0.0,-0.2555129080446704,-0.3629250932772893,-0.47221470666959886,-0.5338885858861149,-0.4210434076126495
4,2.388471962074135,0.0,2.388471962074135,0.0,31.573333333333338,0.0,0.0,25.339797333333387,8.213053056,0.0,0.0,0.0,0.0,0.0,5.551115123125783e-17,0.0,0.0,0.0,0.0,0.4313199620741346,0.826324,1.130828,0.0,0.0,0.0,0.0,0.0,0.0,0.0,0.0,13.0,13.0,12.999999999999996,13.0,13.0,12.999999999999996,0.0,0.012906393077362341,0.021818297961520995,-0.019587349493879316,0.05987429659225599,0.02615381145258501
4,0.10270398924671807,0.0,0.10270398924671807,0.0,4.075762788592127,7.786047999999997,0.0,0.0,6.951494426666668,0.0,3.3333333333333335,0.24547065591339212,0.0,0.0,0.0,0.0,0.0,0.0,0.0,0.0,0.0,0.0,0.384037,0.501362,0.330999,0.272674,0.793171,0.481235,0.293232,0.4193900000000017,30.000000000000014,30.0,30.000000000000014,30.000000000000036,30.000000000000043,30.00000000000002,0.0,-0.30308290354684825,-0.3599246506667254,-0.40002024290746996,-0.4323580199671172,-0.3875773427339323
4,0.014572375763392303,0.0,0.014572375763392303,0.0,3.378952768975406,7.992213333333332,0.0,0.0,4.610623680000001,0.0,3.3333333333333335,2.330060042430059,0.0,0.0,0.0,0.0,0.0,0.0,0.0,0.0,0.0,0.0,0.557005,1.351175,1.268412,0.400607,0.400607,0.557005,0.557005,0.557005,29.999999999999993,30.0,30.0,29.99999999999998,29.99999999999997,30.0,0.0,-0.28570145183282236,-0.40767113648068165,-0.4263991519793445,-0.48379110569312367,-0.4670076330170829
4,0.9202087127429676,0.0,0.9202087127429676,0.0,32.26666666666667,0.0,0.0,0.0,1.491187770666667,0.0,3.0284217127429707,0.0,0.0,0.0,0.0,0.0,0.0,0.0,0.0,0.0,0.0,0.0,0.356127,0.021945,0.101949,0.272191,0.708622,0.256558,0.122259,0.268562,15.0,14.999999999999998,14.999999999999998,15.000000000000005,15.000000000000007,14.999999999999998,0.0,-0.2643934381539832,-0.30021239622610824,-0.38007062748864295,-0.38596551113035976,-0.3176378039224579
4,0.0,0.7104150972000006,0.0,0.7104150972000006,0.0,30.075882666666626,0.0,0.0,1.659278778666667,0.0,3.333333333333333,2.500000000000007,1.6666666666666667,0.0,0.0,0.0,0.0,0.0,0.0,0.0,0.0,0.0,1.40366,1.0147295532467706,0.996,0.0,0.0,1.2691685439533158,1.728941,1.797916,85.71494230355096,76.49996473998218,80.19999064000774,99.70002590002593,96.00000000000004,82.00000000000007,0.0,-0.25551290804467,-0.36292509327728817,-0.4722147066695992,-0.6069214554856487,-0.44517955181879826
4,0.8075225434143353,0.0,0.8075225434143353,0.0,30.390608118303906,0.0,0.0,0.0,1.4416411360000003,0.0,3.333333333333334,1.8145942100809824,0.0,0.0,0.0,0.0,0.0,0.0,0.0,0.0,0.0,0.0,0.612872,0.698083,0.698083,0.621886,0.705279,0.334734,0.3347339999999761,0.334734,29.99999999999999,30.0,30.0,29.99999999999997,29.99999999999998,30.0,0.0,-0.2693824569132575,-0.3610115695365266,-0.4511656266219783,-0.47102650548869995,-0.4055878143591743
4,0.0,0.6828292692001883,0.0,0.6828292692001883,2.1221543041368327e-15,28.849685333340883,0.0,0.0,1.5365145653333336,0.0,3.333333333333333,2.5000000000000018,1.6666666666666667,0.0,0.0,0.0,0.0,0.0,0.0,0.0,0.0,0.0,1.011762144537537,2.409918,0.0,0.0,0.0,0.0,2.443958,2.3171911246626182,84.75664971551186,63.03563117281332,71.75712079430342,117.72148962148962,109.0,76.0,0.0,-0.25551290804466986,-0.36292509327728767,-0.47221470666959947,-0.6059007788289797,-0.4451795518187953
4,2.490822,0.0,2.490822,0.0,29.973333333333347,0.0,0.0,15.99160000000001,1.4177154506666667,0.0,6.938893903907228e-18,0.0,0.0,0.0,0.0,0.0,0.0,0.0,0.9657759999999997,0.0,0.708905,0.816141,0.0,0.0,0.0,0.0,0.0,0.0,0.0,0.0,13.0,13.0,12.999999999999996,13.0,13.0,12.999999999999996,0.0,0.008240767925936488,0.013931044015325546,-0.01250657720524479,0.038229905132124584,0.016699281454358124
4,0.0,0.23160059948951123,0.0,0.23160059948951123,0.772838388419565,11.622485333333339,0.0,0.0,1.5856229653333336,0.0,3.333333333333334,2.500000000000007,0.09161054104261623,0.0,0.0,0.0,0.0,0.0,0.0,0.0,0.0,0.0,0.576884,0.947682,0.67594,0.736914,0.917103,0.28454647386547194,0.919318,1.098157,69.07523153848237,53.91135339170971,60.0,92.0886466082903,86.0,62.962038964249544,0.0,-0.2555129080446702,-0.3629250932772884,-0.472214706669599,-0.528006611155516,-0.4168285642383543
4,0.5381370000000001,0.0,0.5381370000000001,0.0,14.453333333333346,0.0,0.0,3.363338666666667,2.457968778666667,0.18527879069144404,3.469446951953614e-18,0.0,0.0,0.0,0.112388,0.0,0.0,0.0,0.18117,0.072982,0.171597,0.0,0.0,0.0,0.0,0.0,0.0,0.0,0.0,0.0,12.000000000000004,12.000000000000007,12.000000000000007,12.0,12.0,12.000000000000007,0.0,0.004226796978383873,0.007145413543849939,-0.006414786002488466,0.003874389639837678,0.008565278506425293
4,0.15559428917466,0.0,0.15559428917466,0.0,3.442378149992467,0.48217600000000027,0.0,0.0,4.297464010666667,1.0338945936726267,3.333333333333334,0.4356799558413318,0.0,0.0,0.0,0.0,0.0,0.0,0.0,0.0,0.0,0.0,0.393507,0.499202,0.389927,0.385735,0.646244,0.400015,0.388924,0.509865,29.99999999999997,30.0,29.999999999999996,29.999999999999932,29.99999999999995,29.999999999999996,0.0,-0.2989175506747805,-0.35992085971232785,-0.4063417784427258,-0.4408518449185541,-0.3895980917709824
4,0.29074527074180834,0.0,0.29074527074180834,0.0,1.3866666666666703,0.0,0.0,7.949557333333333,5.094132576000001,2.800545746327675,1.6578912707418088,8.881784197001252e-16,0.0,0.0,0.0,0.0,0.0,0.0,0.0,0.0,0.0,0.0,0.206758,0.154825,0.171566,0.205462,0.163903,0.139074,0.145127,0.180431,15.0,15.000000000000004,15.000000000000007,14.999999999999996,15.0,15.000000000000007,0.0,-0.1523250427643837,-0.17717099824727278,-0.19655687285464352,-0.20862885128968844,-0.18925819807656158
4,0.05962899999999999,0.0,0.05962899999999999,0.0,0.5333333333333335,0.0,0.0,2.1652693333333337,4.502656032000001,4.834451153263633,0.0,2.168404344971009e-19,0.0,0.0,0.0,0.0,0.017874,0.0,0.09246,0.0,0.0,0.0,0.015926,0.0,0.0,0.029741,0.0,0.005038,0.0,0.0,11.999999999987198,11.999999999987203,11.999999999987203,11.999999999987196,11.999999999987196,11.999999999987203,0.0,2.3131592910177046e-05,3.910403033703298e-05,-3.51055939460334e-05,-0.0001654081457030036,4.687439131478563e-05
4,0.0,0.10781511978236301,0.0,0.10781511978236301,0.37333333333333457,0.0,0.0,0.0,3.8288432480000005,8.514781372627855,0.5448738802176376,0.0,0.0,0.0,0.0,0.0,0.0,0.0,0.008894,0.0,0.0,0.008894,0.141216,0.0,0.090019,0.169157,0.0,0.231581,0.038504,0.0,15.0,15.000000000000005,15.000000000000007,14.999999999999993,14.999999999999988,15.000000000000007,0.0,-0.05209649219930102,-0.061666813953389105,-0.06151224832416648,-0.07016170678985864,-0.06632263777758934
4,0.0,0.01021735976083285,0.0,0.01021735976083285,0.0,0.0,0.0,2.3667253333333336,3.378357573333334,6.153777297099985,0.7633016402391659,0.0,0.0,0.0,0.0,0.0,0.0,0.0,0.011569,0.0,0.0,0.0,0.139784,0.0,0.107892,0.171562,0.0,0.153864,0.211986,0.0,15.0,15.000000000000002,15.000000000000002,14.999999999999998,14.999999999999995,14.999999999999998,0.0,-0.07100937365459278,-0.08305493947527892,-0.08916308066392915,-0.09981799954372769,-0.08891493392112569
4,0.40982935707841583,0.0,0.40982935707841583,0.0,0.0,0.0,0.0,18.114154666666682,3.6202148160000007,5.341195199530042,3.469446951953614e-18,0.0,0.0,0.0,0.06193,0.0,0.113094,0.05346,0.13832035707841575,0.043025,0.0,0.0,0.0,0.0,0.0,0.0,0.0,0.0,0.0,0.0,12.999999999999998,13.000000000000002,13.0,13.000000000000002,13.000000000000002,12.999999999999998,0.0,0.0047567916390273395,0.00804137117931176,-0.0072191308404061984,-0.0024358893128695477,0.00963927186322602
4,0.0,0.07974525637498418,0.0,0.07974525637498418,0.0,0.0,0.0,0.0,3.409117722666667,6.598927977666033,0.9965727436250174,0.0,0.0,0.0,0.0,0.0,0.0,0.0,0.0,0.0,0.0,0.0,0.256007,0.0,0.217369,0.235238,0.0,0.278965,0.088739,0.0,15.0,15.000000000000005,15.000000000000007,14.999999999999993,14.999999999999988,15.000000000000007,0.0,-0.09599391842676722,-0.11398798017056946,-0.11142882298023783,-0.12455475235642674,-0.12274183228898315
4,0.0,0.0,0.0,0.0,0.0,0.0,0.0,0.0,3.2847892266666667,3.2847892266666663,-0.0,0.0,0.0,0.0,0.0,0.0,0.0,0.0,0.0,0.0,0.0,0.0,0.0,0.0,0.0,0.0,0.0,0.0,0.0,0.0,15.0,14.999999999999998,15.000000000000002,15.0,15.000000000000002,15.000000000000004,0.0,0.0,0.0,0.0,0.0,0.0

5,0.09521784789601435,0.0,0.09521784789601435,0.0,1.2629787234042555,0.0,0.0,1.1724960000000002,3.717000352000001,3.8427682517622457,8.673617379884035e-19,0.0,0.0,0.0,0.004608847896014342,0.0,0.0,0.0,0.0,0.101006,0.0,0.0,0.0,0.004708,0.0,0.0,0.0,0.0,0.005689,0.0,11.999999999999993,11.999999999999996,11.999999999999996,11.99999999999999,11.999999999999986,11.999999999999996,0.0,0.0005124937337247059,0.000866372263636591,-0.0007777846076527892,0.002391400757651752,0.001038529076413854
5,0.1760639276305149,0.0,0.1760639276305149,0.0,2.919716312056738,0.0,0.0,0.0,6.117963978666667,2.1278891429495657,1.2767429276305156,0.0,0.0,0.0,0.0,0.0,0.0,0.0,0.0,0.0,0.0,0.0,0.180605,0.162786,0.167703,0.129651,0.090708,0.083695,0.157766,0.127765,15.0,15.000000000000005,15.000000000000007,14.999999999999993,14.999999999999988,15.000000000000007,0.0,-0.11996555448626522,-0.14093614843597999,-0.14733166922613755,-0.1589329478482954,-0.15113804064268713
5,0.3850031434574053,0.0,0.3850031434574053,0.0,7.5801418439716315,0.0,0.0,0.0,8.310061146666667,1.2356091672356813,0.410989143457402,0.0,0.0,0.0,0.101183,0.0,0.0,0.0,0.248083,0.231513,0.0,0.0,0.0,0.606765,0.0,0.0,0.0,0.0,0.0,0.0,15.0,15.000000000000007,15.000000000000007,14.999999999999998,14.999999999999998,15.000000000000009,0.0,-0.04554040937880153,-0.057071269110876954,-0.03692008238584621,-0.03552978579433386,-0.06268086645081754
5,0.1314182586394269,0.0,0.1314182586394269,0.0,3.0238720386298445,5.7722666666666695,0.0,0.0,8.714145184000001,0.7090202103860838,3.333333333333334,1.9028569253060974,0.0,0.0,0.0,0.3378779999999968,0.0,0.0,0.0,0.0,0.0,0.0,0.876835,0.0,0.863903,0.847882,0.813802,0.9211450000000028,0.597094,0.521989,29.999999999998188,29.99999999999818,29.999999999998167,29.999999999998202,29.999999999998188,29.999999999998167,0.0,-0.2563207685025119,-0.3421964680560907,-0.47098865962181574,-0.5125073434626204,-0.3839737602072794
5,0.0,0.43293247998795525,0.0,0.43293247998795525,0.0,25.549674666666668,0.0,0.0,8.407706970666668,0.17533150351820018,3.333333333333334,1.7054062363485176,0.0,0.0,0.0,0.851206,0.0,0.0,0.0,0.0,0.0,0.0,0.897255,0.0,0.897255,0.0,1.6773030496697992,1.871978,0.0,0.979087,59.78971962616822,30.0,41.96125909270719,105.0,93.03874090729283,47.780239528497574,0.0,-0.25551290804467014,-0.3335250946221846,-0.4722147066695991,-0.5345943134838784,-0.3714769008600881
5,2.385425928295037,0.0,2.385425928295037,0.0,29.671489361702132,0.0,0.0,27.191066666666714,8.727632112,0.0,6.938893903907228e-18,0.0,0.0,0.0,0.998779,0.0,0.0,1.055835,0.0,0.780780949418909,0.0,0.44918197887612776,0.0,0.899151,0.0,0.0,0.0,0.0,0.0,0.0,13.999999905945176,13.99999990594518,13.999999905945177,13.99999990594517,13.999999905945174,13.99999990594518,0.0,0.009221595609366254,0.015589136289263367,-0.01399512745421467,0.028832245407718126,0.01868685320629026
5,0.0,0.5840070069333341,0.0,0.5840070069333341,0.0,31.573333333333338,0.0,0.0,8.213053056,0.0,3.333333333333333,2.500000000000007,1.6666666666666679,0.0,0.0,1.080197,0.0,0.0,0.0,0.0,0.0,0.0,1.8646926395295047,0.0,2.663302,0.0,0.0,2.2477373674038503,2.388472,0.0,82.42988460710114,63.99992947996316,71.39998128001494,110.40005180005174,103.0,75.0,0.0,-0.2555129080446701,-0.3629250932772883,-0.47221470666959914,-0.6022443514686784,-0.445179551818797
5,0.9827639715011324,0.0,0.9827639715011324,0.0,30.43225592274031,0.0,0.0,0.0,6.951494426666668,0.0,1.4430189715011292,0.0,0.0,0.0,0.0,0.0,0.0,0.088516,0.093405,0.08547900000000652,0.0,0.0,0.040474,0.501362,0.020725,0.0,0.0,0.0,0.102704,0.06239,15.0,15.000000000000005,15.000000000000007,14.999999999999996,15.0,15.000000000000007,0.0,-0.1333742265741395,-0.15554646013331033,-0.1698809135968553,-0.17146921579821983,-0.16633293271939903
5,0.8654924594530843,0.0,0.8654924594530843,0.0,28.846404104421303,0.0,0.0,0.0,4.610623680000001,0.0,2.036858459453086,8.881784197001252e-16,0.0,0.0,0.0,0.0,0.05845699999999532,0.0,0.159985,0.0,0.0,0.0,0.022288,1.351175,0.0,0.0,0.0,0.0,0.014572,0.001773,14.999999999999986,14.999999999999984,14.999999999999984,14.999999999999991,14.999999999999991,14.999999999999984,0.0,-0.20120823391797588,-0.2414449098354205,-0.22014219407997546,-0.22916555442256722,-0.26101947369614337
5,0.0,0.5645716394891809,0.0,0.5645716394891809,1.2737226497661047,25.347775999999993,0.0,0.0,1.491187770666667,0.0,3.333333333333333,2.4999999999999982,0.37531725675493277,0.0,0.0,0.0,0.0,0.0,0.0,0.0,0.0,0.0,1.145514,0.021945,1.225518,0.0,1.503755,1.245828,0.920209,0.7104532295774582,65.23571050297059,56.48731926444791,60.0,78.51268073555208,75.0,61.708868633220895,0.0,-0.2555129080446701,-0.36292509327728795,-0.47221470666959914,-0.5458862515151447,-0.4219352810358019
5,2.1712150000000006,0.0,2.1712150000000006,0.0,32.26666666666667,0.0,0.0,0.0,1.659278778666667,0.0,0.0,0.0,0.0,0.0,0.67847,0.0,1.031634,0.0,0.0,1.300875,0.0,0.67821,0.0,1.517974,0.0,0.0,0.0,0.0,0.0,0.0,13.000000000000004,13.000000000000007,13.000000000000009,13.0,13.0,13.000000000000009,0.0,0.015660706037675554,0.026474472656277316,-0.023767424457178193,0.0457538442592554,0.031735214514900925
5,0.0,0.6491470866445153,0.0,0.6491470866445153,0.24124339821940394,27.64876799999998,0.0,0.0,1.4416411360000003,0.0,3.333333333333333,2.4999999999999964,0.20816550765827735,0.0,0.0,0.0,0.0,0.0,0.0,0.0,0.0,0.0,0.742131,0.698083,0.994272,1.261906999999999,1.197262,1.098688927636136,0.0,0.698302,66.63189997042966,55.55060440163446,60.00000000000037,83.44939559836588,79.0,62.16456693541346,0.0,-0.25551290804467003,-0.36292509327728784,-0.4722147066695992,-0.5136651928388335,-0.41892655195904516
5,1.0018,0.0,1.0018,0.0,32.26666666666667,0.0,0.0,0.0,1.5365145653333336,0.0,0.0,1.3877787807814457e-17,0.0,0.0,1.11628,0.0,0.960919,0.0,0.0,0.0,0.682829,0.65169,0.0,2.409918,0.0,0.0,0.0,0.0,0.0,0.0,13.000000000000002,13.000000000000007,13.000000000000005,13.0,12.999999999999998,13.000000000000005,0.0,-0.0013894215098145366,-0.0023488214184683213,0.002108651467836179,0.04013468844312704,-0.0028155556690422656
5,0.0,0.4534376205086487,0.0,0.4534376205086487,0.03648106232081409,19.591701333333358,4.547473508864641e-16,0.0,1.4177154506666667,0.0,3.333333333333334,2.5000000000000053,1.6666666666666927,0.0,0.0,0.783205,0.0,0.0,0.0,0.0,0.0,0.0,2.3220919268944002,0.0,2.490822,2.071241693614278,0.0,1.852487,0.0,0.0,82.30871782729977,76.58190399257481,78.88135175215261,91.0,88.70055224042214,80.0,0.0,-0.2555129080446702,-0.36292509327728834,-0.472214706669599,-0.5207772600401447,-0.4451795518187974
5,1.0315051613673771,0.0,1.0315051613673771,0.0,20.320000000000007,0.0,0.0,13.494725333333342,1.5856229653333336,0.0,0.0,0.0,0.0,0.0,0.532227,0.0,0.0,0.0,0.5082181613673771,0.545214,0.231601,0.161927,0.0,0.947682,0.0,0.0,0.0,0.0,0.0,0.0,14.000000000000004,14.000000000000007,14.000000000000007,14.0,14.0,14.000000000000009,0.0,-0.005666742482834577,-0.009579645933653985,0.00860011506218424,0.03187465687464201,-0.011483217158972336
5,0.12045089581376091,0.0,0.12045089581376091,0.0,4.936556511241906,2.3912106666666704,0.0,0.0,2.457968778666667,0.18527879069144404,3.3333333333333335,1.8968105624804252,0.0,0.0,0.0,0.215511,0.0,0.0,0.0,0.0,0.0,0.0,0.817633,0.0,0.747546,0.786459,0.857339,0.859548,0.5381370000000025,0.718542,30.0,30.0,30.000000000000004,29.999999999999993,30.0,30.000000000000007,0.0,-0.2555613089749572,-0.34068888369542966,-0.4721412511401046,-0.5152519196578754,-0.38210222388022125
5,0.23206818517587013,0.0,0.23206818517587013,0.0,6.019157990040753,0.0,0.0,0.0,4.297464010666667,1.0338945936726267,2.191263185175872,0.0,0.0,0.0,0.0,0.0,0.0,0.0,0.0,0.0,0.0,0.0,0.227699,0.499202,0.254092,0.219479,0.288955,0.150428,0.155594,0.163746,14.999999999999984,14.999999999999984,14.999999999999982,14.999999999999988,14.99999999999999,14.999999999999982,0.0,-0.207693413016149,-0.2449262728417897,-0.2501360816433636,-0.2665814324959337,-0.26303952339632586
5,0.092006337408475,0.0,0.092006337408475,0.0,1.3866666666666705,0.0,0.0,0.0,5.094132576000001,2.800545746327675,1.4138863374084765,0.0,0.0,0.0,0.0,0.0,0.0,0.0,0.0,0.0,0.0,0.0,0.144711,0.154825,0.131413,0.179493,0.148544,0.125239,0.290745,0.14691,15.0,15.000000000000002,14.999999999999986,15.0,15.0,14.999999999999993,0.0,-0.1301931846156559,-0.15158055289245306,-0.1671924531025135,-0.18257731259794419,-0.16198519981224146
5,0.005038455301742517,0.0,0.005038455301742517,0.0,0.5333333333333335,0.0,0.0,0.0,4.502656032000001,4.834451153263633,0.307517455301743,0.0,0.0,0.0,0.0,0.0,0.0,0.0,0.0,0.0,0.0,0.0,0.041755,0.0,0.041755,0.08937,0.021644,0.021644,0.059629,0.026682,15.0,15.0,14.999999999999996,15.0,15.000000000000007,15.000000000000007,0.0,-0.027974352299303534,-0.032389630193528904,-0.03688367526736839,-0.039552609457355115,-0.03453759935680369
5,0.034688060359480896,0.0,0.034688060359480896,0.0,0.37333333333333396,0.0,0.0,5.301829333333335,3.8288432480000005,8.514781372627855,-0.0,0.0,0.0,0.0,0.0,0.0,0.0,0.0,0.034688060359480896,0.0,0.0,0.0,0.0,0.0,0.0,0.0,0.0,0.0,0.0,0.0,11.999999999999748,11.99999999999975,11.99999999999975,11.999999999999742,11.999999999999737,11.99999999999975,0.0,0.0,0.0,0.0,0.0,0.0
5,0.33998557357646403,0.0,0.33998557357646403,0.0,0.0,0.0,0.0,16.374842666825216,3.378357573333334,6.153777297099985,0.0,0.0,0.0,0.0,0.20411357357646398,0.0,0.135872,0.0,0.0,0.0,0.0,0.0,0.0,0.0,0.0,0.0,0.0,0.0,0.0,0.0,12.000000000000002,12.000000000000007,12.000000000000007,12.0,12.0,12.000000000000007,0.0,0.008788492112845549,0.014856973470525125,-0.013337829206553832,-0.006826831762425438,0.017809202330514147
5,0.0,0.0430245095922146,0.0,0.0430245095922146,0.0,0.0,0.0,-1.518742914728303e-10,3.6202148160000007,5.341195199530042,2.5898584904077877,0.0,0.0,0.0,0.0,0.19513599999999798,0.0,0.0,0.0,0.0,0.0,0.0,0.351272,0.0,0.389766,0.359803,0.374713,0.454431,0.409829,0.488205,14.999999999999982,14.99999999999998,14.999999999999979,14.999999999999988,14.99999999999999,14.99999999999998,0.0,-0.23392163091288815,-0.2699507789103053,-0.3131676699499006,-0.34737817119213277,-0.28747844098084707
5,0.2897359436250159,0.0,0.2897359436250159,0.0,0.0,0.0,0.0,14.779248000000006,3.409117722666667,6.598927977666034,0.0,0.0,0.0,0.0,0.281446,0.0,0.0,0.0,0.0,0.0,0.008289943625015866,0.0,0.0,0.0,0.0,0.0,0.0,0.0,0.0,0.0,12.0,12.000000000000004,12.000000000000004,11.999999999999998,11.999999999999998,12.000000000000005,0.0,0.007320063073325093,0.012374589575383827,-0.011109272193634554,-0.005443558061327066,0.014833543988100844
5,0.0,0.0,0.0,0.0,0.0,0.0,0.0,0.0,3.2847892266666667,3.2847892266666663,-0.0,0.0,0.0,0.0,0.0,0.0,0.0,0.0,0.0,0.0,0.0,0.0,0.0,0.0,0.0,0.0,0.0,0.0,0.0,0.0,15.0,14.999999999999998,15.000000000000002,15.0,15.000000000000002,15.000000000000004,0.0,0.0,0.0,0.0,0.0,0.0

6,0.07564337981090793,0.0,0.07564337981090793,0.0,0.48000000000000004,0.0,0.0,1.1724960000000002,3.717000352000001,3.842768251762246,0.2541123798109083,0.0,0.0,0.0,0.078268,0.0,0.006255,0.0,0.0,0.0,0.0,0.0,0.0,0.088743,0.0,0.095218,0.065779,0.004708,0.003286,0.005258,15.0,15.000000000000005,15.000000000000007,14.999999999999993,14.999999999999988,15.000000000000007,0.0,-0.021031025560825343,-0.02323971686106651,-0.03364279542102923,-0.03208056876725271,-0.024314213397358408
6,0.4178472552900895,0.0,0.4178472552900895,0.0,3.3770212765957446,0.0,0.0,2.883248,6.117963978666667,2.1278891429495657,1.7322872552900916,0.0,0.0,0.0,0.0,0.0,0.0,0.0,0.0,0.0,0.0,0.0,0.180605,0.131925,0.167703,0.176064,0.210456,0.105707,0.176498,0.165482,15.0,15.000000000000005,15.000000000000007,14.999999999999993,14.999999999999988,15.000000000000007,0.0,-0.1569699316172427,-0.18141825730017808,-0.2087015814099131,-0.21858633006005213,-0.19331201595335967
6,0.6581259264361292,0.0,0.6581259264361292,0.0,4.207659574468086,0.0,0.0,5.387322666666666,8.310061146666667,1.2356091672356813,2.8953479264361324,0.0,0.0,0.0,0.101183,0.0,0.1257100000000002,0.0,0.0,0.0,0.0,0.0,0.0,0.381021,0.0,0.385003,0.416334,0.45123,0.349266,0.481261,15.000000000000002,15.0,15.000000000000002,15.000000000000007,15.000000000000007,15.000000000000004,0.0,-0.2484782514001122,-0.27975596133596864,-0.3698915016512158,-0.39174158984315766,-0.29497211715889904
6,0.9661368051914113,0.0,0.9661368051914113,0.0,7.231773049645389,0.0,0.0,5.957226666666666,8.714145184000001,0.7090202103860836,2.5081748051914055,0.0,0.0,0.0,0.0,0.0,0.0,0.0,0.006652,0.0756370000000075,0.24199,0.01843,0.876835,0.012591,0.863903,0.131418,0.0,0.0,0.0,0.0,15.0,15.000000000000004,15.000000000000005,14.999999999999995,15.0,15.000000000000005,0.0,-0.24930673117007113,-0.29991741288160717,-0.2687442956028326,-0.2705727303304122,-0.3245387812876308
6,1.12919874554396,0.0,1.12919874554396,0.0,13.53645390070922,0.0,0.0,9.188623999999999,8.407706970666668,0.17533150351820012,0.0,0.0,0.0,0.0,0.0,0.182689,0.0,0.432932,0.297273,0.42401774554395977,0.705586,0.881211,0.897255,0.0,0.897255,0.0,0.0,0.0,0.0,0.0,15.0,14.999999999999998,15.000000000000002,15.000000000000007,15.000000000000009,15.000000000000004,0.0,-0.030799255733835865,-0.05206623838015384,0.04674239987840972,0.08277216587263755,-0.062412319422965656
6,0.0,0.5324118638666673,0.0,0.5324118638666673,0.0,30.02410666666668,0.0,0.0,8.727632112,0.0,3.333333333333334,1.3752331901382888,0.0,0.0,0.998779,0.0,0.759084,0.0,0.0,0.0,0.0,0.0,0.0,2.271016999999999,0.0,0.0,1.8892913873382882,0.0,0.0,2.8385330000000017,59.392523364485626,30.0,41.8017756381376,103.99999999999909,92.1982243618615,47.54316966811738,0.0,-0.25551290804467014,-0.3213086796959912,-0.4722147066695991,-0.5304314780308211,-0.35331737585659884
6,1.1066995519319152,0.0,1.1066995519319152,0.0,31.200000000000003,0.0,0.0,3.774645333333333,8.213053056,0.0,1.552314551931914,0.0,0.0,0.0,0.0,0.510516,0.0,0.584007,0.699631,1.080197,1.130828,1.175194,2.962686,0.0,2.663302,0.0,0.0,0.0,0.0,0.0,15.0,14.999999999999998,15.000000000000004,15.000000000000007,15.000000000000009,15.000000000000005,0.0,-0.2413050002514373,-0.3327077325986039,-0.034278126535825404,-0.006857819171083713,-0.3771738466743564
6,0.0,0.5132473060000006,0.0,0.5132473060000006,0.0,27.481386666666676,0.0,0.0,6.951494426666668,0.0,3.333333333333334,1.7094279967699828,0.0,0.0,0.0,0.0,0.0,0.0,0.0,0.0,0.0,0.0,0.040474,0.884813,0.020725,0.982764,0.7639046361033142,1.431459,1.431869,0.0,57.40654205608416,30.0,41.0043583652906,99.0,87.99564163470941,46.357820366217766,0.0,-0.2555129080446703,-0.33367389990658436,-0.47221470666959897,-0.534999435753406,-0.37169809777416113
6,0.14082482930194629,0.0,0.14082482930194629,0.0,2.0499652934962946,1.314688000000006,0.0,0.0,4.610623680000001,0.0,3.333333333333334,1.6257365099591077,0.0,0.0,0.0,0.0,0.058457,0.0,0.0,0.0,0.0,0.0,0.022288,0.877294,0.0,0.865492,0.2713120139904917,0.0,1.380733,1.459583,53.831775700936035,30.0,39.56900727416634,90.00000000000368,80.43099272583737,44.22419162279894,0.0,-0.2555129080446702,-0.33057731179799366,-0.472214706669599,-0.5333637561297289,-0.3670950641081311
6,1.0511236658978726,0.0,1.0511236658978726,0.0,32.10666666666667,0.0,0.0,0.0,1.491187770666667,0.0,0.0,0.0,0.0,0.0,0.0,0.2583436658978735,0.0,0.564572,0.801221,0.0,0.43315,1.364869,1.145514,0.0,1.225518,0.0,0.0,0.0,0.0,0.0,15.0,15.000000000000007,15.000000000000007,15.000000000000007,15.000000000000007,15.0,0.0,-0.04489634467840785,-0.07589741143827315,0.06813680545311311,0.08749509520842272,-0.09097898433675465
6,0.0,0.7651846972123231,0.0,0.7651846972123231,0.0,32.26666666715959,0.0,0.0,1.659278778666667,0.0,3.333333333333333,1.7310789353137341,0.0,0.0,0.67847,0.0,1.031634,0.0,0.0,0.0,0.0,0.0,0.0,2.158066,0.0,0.0,0.0,0.8779109658593909,2.332509,2.171215,61.18909843422261,29.99999999999727,42.52314194027954,108.52314194028224,96.0,48.61547029637701,0.0,-0.2555129080446703,-0.33447498543378873,-0.47221470666959875,-0.6089479327125812,-0.3728888998833798
6,1.3806130000000008,0.0,1.3806130000000008,0.0,31.9061198648093,0.0,0.0,0.0,1.4416411360000003,0.0,0.0,0.0,0.0,0.0,0.0,2.220446049250313e-16,0.0,0.0,0.855638,1.164773,1.096605,0.0,0.742131,0.0,0.994272,0.0,0.0,0.0,0.0,0.0,12.999999999999995,12.999999999999993,12.999999999999996,13.000000000000002,13.000000000000004,12.999999999999998,0.0,-0.03266570255286004,-0.05522147257941511,0.04957500740375229,0.09155487185440181,-0.06619453013810772
6,0.0,0.287787754896028,0.0,0.287787754896028,0.47135657215888394,13.519381333333325,0.0,0.0,1.5365145653333336,0.0,3.3333333333333344,0.26456393728314076,0.0,0.0,1.11628,0.0,0.960919,0.0,0.0,0.0,0.0,0.0,0.0,1.0018,0.0,1.0018,0.4856650255124979,7.105427357601002e-15,1.862314,1.611305,55.42056074766244,29.99999999999818,40.206941092441916,94.0,83.79305890755626,45.17247106431654,0.0,-0.2555129080446704,-0.2802138762455477,-0.47221470666959886,-0.5362479672029505,-0.2922305418483872
6,1.2146642224368775,0.0,1.2146642224368775,0.0,29.973333333333347,0.0,0.0,9.709562666666667,1.4177154506666667,0.0,1.9199322224368778,0.0,0.0,0.0,0.0,0.495953,0.0,0.453438,0.572448,0.821755,0.875635,1.00023,2.433905,0.0,2.490822,0.0,0.0,0.0,0.0,0.0,15.0,15.0,14.999999999999993,15.000000000000002,15.0,14.999999999999996,0.0,-0.2574386803919561,-0.34216844666121665,-0.10463749455604622,-0.08396049033954772,-0.38338825875863447
6,0.0,0.2450511592000007,0.0,0.2450511592000007,4.0927261579781776e-15,11.38766933333335,0.0,0.0,1.5856229653333336,0.0,3.333333333333334,1.3032922843209782,0.0,0.0,0.532227,0.0,0.306357,0.0,0.0,0.0,0.0,0.0,0.0,1.100778,0.0,1.031505,0.0,0.9874017768543105,1.239368,1.361208,56.46347745934133,30.0,40.6256961917541,96.62569619175348,85.9999999999994,45.79494449389715,0.0,-0.25551290804467036,-0.3186468635189349,-0.47221470666959875,-0.5515372493954419,-0.34936062441077925
6,0.679828271200007,0.0,0.679828271200007,0.0,13.608665313925759,0.0,0.0,4.615605333333334,2.457968778666667,0.18527879069144404,2.4131632712,0.0,0.0,0.0,0.0,0.0,0.0,0.0,0.0,0.0,0.158043,0.12926,0.817633,0.136191,0.747546,0.120451,0.088029,0.110788,0.0,0.0,15.000000000000002,15.000000000000005,15.000000000000007,14.999999999999998,15.000000000000005,15.000000000000009,0.0,-0.24102986594216408,-0.29052923574022305,-0.2567928761046993,-0.26371319772633095,-0.3146099668912167
6,0.395762937552508,0.0,0.395762937552508,0.0,6.2354609929078135,0.0,0.0,4.085813333333334,4.297464010666667,1.0338945936726267,2.96868393755251,0.0,0.0,0.0,0.0,0.0,0.0,0.0,0.0,0.0,0.0,0.0,0.227699,0.240809,0.254092,0.232068,0.298802,0.32703,0.514623,0.477798,14.999999999999998,15.000000000000002,15.000000000000002,14.999999999999991,14.999999999999988,15.000000000000002,0.0,-0.2693940491995577,-0.3115606051664843,-0.3570692421416491,-0.39045864873068503,-0.3320740279018724
6,0.4420833851237422,0.0,0.4420833851237422,0.0,1.3866666666666703,0.0,0.0,11.138848000000007,5.094132576000001,2.800545746327675,1.5502263851237434,0.0,0.0,0.0,0.0,0.0,0.0,0.0,0.0,0.0,0.0,0.0,0.144711,0.136133,0.131413,0.092006,0.135113,0.108316,0.189881,0.17057,15.0,15.000000000000004,15.000000000000004,14.999999999999996,15.0,15.000000000000004,0.0,-0.14038829864170402,-0.16220891657589126,-0.1868953191934427,-0.19767262185717616,-0.17282433321988896
6,0.04107700000000006,0.0,0.04107700000000006,0.0,0.5263097879303025,0.0,0.0,1.1285653333333332,4.502656032000001,4.834451153263633,9.540979117872439e-17,0.0,0.0,0.0,0.0,0.0,0.0,0.0,0.034429,0.12290399999999997,0.0,0.0,0.041755,0.027708,0.041755,0.005038,0.0,0.0,0.0,0.0,13.99999999999637,13.999999999996371,13.999999999996371,13.999999999996366,13.999999999996362,13.999999999996371,0.0,-0.0022108147292198162,-0.0037373892311123695,0.003355236471404167,0.005314193405679153,-0.004480045760114847
6,0.24844499999999997,0.0,0.24844499999999997,0.0,0.32995679129452526,0.0,0.0,14.133781333333339,3.8288432480000005,8.514781372627855,0.0,0.0,0.0,0.0,0.365263,0.0,0.205835,0.0,0.0,0.0,0.0,0.0,0.0,0.160565,0.0,0.034688,0.1274,0.0,0.0,0.0,12.999999999999998,12.999999999999998,12.999999999999995,13.0,13.0,12.999999999999995,0.0,0.010612115080675263,0.01793981381508043,-0.01610544524008363,-0.008243407784752604,0.021504633809730264
6,0.0,0.05055255976083292,0.0,0.05055255976083292,0.0,0.0,0.0,0.7533173333333335,3.378357573333334,6.153777297099985,0.2106074402391671,0.0,0.0,0.0,0.220268,0.0,0.135872,0.0,0.0,0.0,0.0,0.0,0.0,0.151396,0.0,0.339986,0.125918,0.0,0.0,0.0,15.0,14.999999999999996,14.99999999999999,15.000000000000005,15.000000000000007,15.0,0.0,-0.011988129744049027,-0.010060753330107175,-0.03614253504457511,-0.030494375882981394,-0.009123112438106972
6,0.05015322374508227,0.0,0.05015322374508227,0.0,0.0,0.0,0.0,3.727109333333333,3.6202148160000007,5.341195199530042,0.0,0.0,0.0,0.0,0.0,0.05346,0.0,0.043025,0.113094,0.226719,0.12924522374508118,0.225648,0.351272,0.0,0.389766,0.0,0.0,0.0,0.0,0.0,13.999999999993163,13.999999999993166,13.999999999993168,13.99999999999316,13.999999999993157,13.999999999993166,0.0,-0.01463080734260979,-0.024733425683320966,0.022204401731725457,0.028386282430267085,-0.02964820413759742
6,0.0,0.06329418970831743,0.0,0.06329418970831743,0.0,0.0,0.0,0.6580426666666668,3.409117722666667,6.598927977666034,0.37095481029168276,0.0,0.0,0.0,0.281446,0.0,0.0,0.0,0.0,0.0,0.0,0.0,0.0,0.263996,0.0,0.289736,0.161963,0.0,0.0,0.0,15.0,14.999999999999996,14.99999999999999,15.000000000000005,15.000000000000007,15.0,0.0,-0.029986366168866192,-0.032717018407312115,-0.05019685498966571,-0.046820552105569145,-0.0340454414294463
6,0.0,0.0,0.0,0.0,0.0,0.0,0.0,0.0,3.2847892266666667,3.284789226666666,-0.0,0.0,0.0,0.0,0.0,0.0,0.0,0.0,0.0,0.0,0.0,0.0,0.0,0.0,0.0,0.0,0.0,0.0,0.0,0.0,15.0,14.999999999999998,15.000000000000002,15.0,15.000000000000002,15.000000000000004,0.0,0.0,0.0,0.0,0.0,0.0

7,0.009742000000000015,0.0,0.009742000000000015,0.0,0.2723404255319149,0.0,0.0,0.0,3.717000352000001,3.8427682517622457,1.1058862159352145e-17,0.0,0.0,0.0,0.078268,0.0,0.006255,0.0,0.102857,0.0,0.0,0.0,0.0,0.088743,0.0,0.075643,0.0,0.004708,0.003286,0.005258,13.999999999988969,13.99999999998897,13.999999999988969,13.999999999988972,13.999999999988972,13.999999999988967,0.0,-0.00018069408711500782,-0.0003054639207816515,0.00027422984985689137,-0.0002474649629411115,-0.0003661626495238194
7,0.6211163049354795,0.0,0.6211163049354795,0.0,4.719432624113476,0.0,0.0,4.5164213333333345,6.117963978666667,2.1278891429495648,2.0682123049354826,0.0,0.0,0.0,0.0,0.0,0.0,0.0,0.0,0.0,0.0,0.0,0.180605,0.131925,0.167703,0.417847,0.101329,0.105707,0.176498,0.165482,15.0,15.000000000000005,15.000000000000007,14.999999999999993,14.999999999999988,15.000000000000007,0.0,-0.1845331248809514,-0.21173630029862642,-0.25353835168621625,-0.26066825060161564,-0.22497025370770674
7,0.8244910696985407,0.0,0.8244910696985407,0.0,6.771063829787234,0.0,0.0,2.561077333333334,8.310061146666667,1.2356091672356813,3.333333333333334,0.0,0.0,0.0,0.101183,0.0,0.12454373636520799,0.0,0.0,0.0,0.0,0.0,0.0,0.381021,0.0,0.658126,0.413665,0.45123,0.349266,0.481261,15.000000000000002,15.0,15.000000000000002,15.000000000000007,15.000000000000007,15.000000000000004,0.0,-0.2844458093838102,-0.31933616120170505,-0.42830477404902184,-0.44658537215656435,-0.3363098153172622
7,0.0,0.048161343538118496,0.0,0.048161343538118496,0.6205910437266056,10.706496000000003,0.0,0.0,8.714145184000001,0.7090202103860838,3.333333333333334,0.08181732312853995,0.0,0.0,0.0,0.0,0.0,0.0,0.0,0.07563699999997198,0.24199,0.01843,0.876835,0.012591,0.863903,0.966137,1.079903,0.0,0.0,0.0,29.999999999999993,30.0,30.0,29.999999999999982,29.99999999999998,30.0,0.0,-0.31424018709471246,-0.37273089411658694,-0.3830874243465937,-0.3770358337638351,-0.40118578144892075
7,1.8169849242673657,0.0,1.8169849242673657,0.0,24.127092198581565,0.0,0.0,17.511418666666685,8.407706970666668,0.17533150351820018,2.930859924267366,0.0,0.0,0.0,0.0,0.18268899999999788,0.0,0.0,0.0,0.633507,0.705586,0.881211,0.897255,0.0,0.897255,1.129199,0.593159,0.0,0.0,0.0,15.0,15.0,15.0,14.999999999999995,14.999999999999995,15.000000000000002,0.0,-0.27014904936642775,-0.3146697399172893,-0.34616490099955927,-0.27913031693480417,-0.3363284152536755
7,0.0,0.5192637969486258,0.0,0.5192637969486258,0.0,29.49818398994501,0.0,0.0,8.727632112,0.0,3.3333333333333437,2.0254072675123593,0.0,0.0,0.998779,0.0,0.759084,0.532412,1.01802,0.0,0.0,0.0,0.0,2.271017,0.0,0.0,0.0,1.862688397794333,2.214061,2.838533,51.73785648445918,30.0,38.7282504432266,84.72825044322667,76.0,42.974418691415586,0.0,-0.2555129080446712,-0.3453651446152981,-0.4722147066696,-0.6572148916697851,-0.38907696480613996
7,0.24570071504384863,0.0,0.24570071504384863,0.0,0.1567979364097605,3.231077653067171,0.0,3.774645333333333,8.213053056,0.0,3.333333333333333,1.4594743817105211,0.0,0.0,0.0,0.510516,0.0,0.0,0.0,1.080197,1.130828,1.175194,2.962686,0.0,2.663302,1.1067,1.711154,0.0,0.0,0.0,30.0,30.0,29.999999999999996,29.999999999999996,29.999999999999996,29.999999999999996,0.0,-0.33799055111644555,-0.46385432109857766,-0.3470427542430221,-0.2851614092433152,-0.5250852341173747
7,0.0943294902577334,0.0,0.0943294902577334,0.0,0.1481696091745871,4.120810666666669,0.0,0.0,6.951494426666668,0.0,3.3333333333333335,0.5202611569244056,0.0,0.0,0.0,0.0,0.0,0.513247,1.088109,0.0,0.0,0.0,0.040474,0.884813,0.020725,0.0,0.0,1.431459,1.431869,1.551281000000003,29.999999999999986,30.0,30.0,29.99999999999997,29.999999999999986,30.000000000000007,0.0,-0.3041867970853206,-0.3719580448591161,-0.3983449221255531,-0.5289168496949331,-0.4049277817278093
7,0.0,0.007675117737150572,0.0,0.007675117737150572,0.0,5.050394346932831,0.0,0.0,4.610623680000001,0.0,3.3333333333333335,1.8401205489295176,0.0,0.0,0.0,0.0,0.058457,0.0,0.0,0.0,0.0,0.0,0.022288,0.877294,0.0,0.140825,0.014623,1.34424,1.380733,1.459583,48.90248389952972,30.0,37.58978299411015,77.58978299411012,70.0,41.28210320992665,0.0,-0.2555129080446701,-0.3385095291721161,-0.4722147066695992,-0.5751684684925364,-0.3788861910965932
7,1.3342442332737612,0.0,1.3342442332737612,0.0,32.26666666666667,0.0,0.0,0.0,1.491187770666667,0.0,3.2560782332737603,1.7763568394002505e-15,0.0,0.0,0.0,0.6101550000000002,0.0,0.0,0.0,1.1218990000000009,0.43315,1.364869,1.145514,0.0,1.225518,1.051124,2.029751,0.0,0.0,0.0,15.0,15.000000000000007,15.000000000000004,15.000000000000002,15.0,15.0,0.0,-0.2969063280056784,-0.3441441887335962,-0.3894624482490088,-0.2993400276365311,-0.3671247282632464
7,0.0,0.10476176386666668,0.0,0.10476176386666668,0.0,5.849749333333333,0.0,0.0,1.659278778666667,0.0,3.333333333333334,1.782345902800003,0.0,0.0,0.67847,0.0,1.031634,0.765185,1.124126,0.0,0.0,0.0,0.0,2.158066,0.0,0.0,0.0,2.158066,2.332509,2.171215,30.0,30.0,29.999999999999996,29.999999999999996,29.999999999999996,29.999999999999996,0.0,-0.26069335076902367,-0.34512941979495043,-0.4643526230055803,-0.6429776410407406,-0.38620635240955137
7,1.3337080223953064,0.0,1.3337080223953064,0.0,32.26666666666667,0.0,0.0,0.0,1.4416411360000003,0.0,2.896816022395307,0.0,0.0,0.0,0.0,0.6526399999999981,0.0,0.0,0.0,1.164773,1.096605,0.827542,0.742131,0.0,0.994272,1.380613,2.187652,0.0,0.0,0.0,15.0,15.000000000000004,15.000000000000002,14.999999999999995,14.999999999999993,15.0,0.0,-0.24901193237717684,-0.28058701247954304,-0.36946032801336487,-0.26369436472011554,-0.2959478346095651
7,0.18137133333332933,0.0,0.18137133333332933,0.0,3.911076377429272,0.0,0.0,0.0,1.5365145653333336,0.0,3.333333333333334,0.0,0.0,0.0,1.11628,0.0,0.960919,0.287788,0.598402,0.0,0.0,0.0,0.0,1.0018,0.0,0.0,0.0,1.639932,1.862314,1.611305,15.0,14.999999999999991,14.999999999999979,15.000000000000021,15.000000000000014,14.999999999999977,0.0,-0.2733384328957521,-0.30055910642469585,-0.4451618513073689,-0.5673529511901988,-0.3138015724131248
7,0.024790421139157085,0.0,0.024790421139157085,0.0,0.7815301041195193,1.3403946666666684,0.0,0.0,1.4177154506666667,0.0,3.333333333333333,1.055858087805829,0.0,0.0,0.0,0.495953,0.0,0.0,0.0,0.821755,0.875635,1.00023,2.433905,0.0,2.490822,1.214664,1.418583,0.0,0.0,0.0,30.0,30.0,29.999999999999996,29.999999999999996,29.999999999999996,29.999999999999996,0.0,-0.3376359366353992,-0.44832102639828686,-0.3475809338671984,-0.30094860615707303,-0.5021677298993121
7,0.01051310746666662,0.0,0.01051310746666662,0.0,4.0927261579781776e-15,1.1650986666666685,0.0,0.0,1.5856229653333336,0.0,3.3333333333333335,0.13078077413333666,0.0,0.0,0.532227,0.0,0.306357,0.245051,0.510529,0.0,0.0,0.0,0.0,1.100778,0.0,0.0,0.0,1.3464109999999998,1.239368,1.361208,29.999999999999993,30.0,30.0,29.999999999999982,29.99999999999998,30.0,0.0,-0.2971798983905255,-0.34570207207341497,-0.4089789213211833,-0.5161966003781467,-0.36930741137543766
7,0.2767313333333362,0.0,0.2767313333333362,0.0,1.7759589557869389,0.0,0.0,5.821909333333334,2.457968778666667,0.18527879069144404,3.333333333333334,0.0,0.0,0.0,0.0,0.0,0.0,0.0,0.0,0.0,0.158043,0.12926000000000037,0.817633,0.136191,0.747546,0.679828,0.851919,0.110788,0.0,0.0,15.0,14.999999999999998,14.999999999999993,15.000000000000004,15.0,15.000000000000004,0.0,-0.31653130676901936,-0.37357679512614184,-0.37961031331146916,-0.3789845163740382,-0.4013286043735975
7,0.4782222481908054,0.0,0.4782222481908054,0.0,6.346666666666677,0.0,0.0,6.845178666666667,4.297464010666667,1.0338945936726267,3.313253248190808,0.0,0.0,0.0,0.0,0.0,0.0,0.0,0.0,0.0,0.0,0.0,0.227699,0.240809,0.254092,0.395763,0.397217,0.32703,0.514623,0.477798,14.999999999999991,14.999999999999991,14.999999999999995,14.999999999999995,14.999999999999996,14.999999999999995,0.0,-0.2976665180490583,-0.3426588134927325,-0.4030597839058378,-0.43362345101812627,-0.36454691782346027
7,0.4336974267701771,0.0,0.4336974267701771,0.0,1.2754609929078045,0.0,0.0,12.019984000000006,5.094132576000001,2.800545746327675,1.9064404267701787,0.0,0.0,0.0,0.0,0.0,0.0,0.0,0.0,0.0,0.0,0.0,0.144711,0.136133,0.131413,0.442083,0.149636,0.108316,0.189881,0.17057,15.0,15.000000000000002,15.000000000000002,15.0,15.000000000000002,15.000000000000004,0.0,-0.1696162364912688,-0.19435808985930098,-0.23444011280545382,-0.24229618003534237,-0.20639464550765693
7,0.12838045813862203,0.0,0.12838045813862203,0.0,0.5333333333333335,0.0,0.0,4.2743893333333345,4.502656032000001,4.8344511532636325,0.15777145813862212,0.0,0.0,0.0,0.0,0.0,0.0,0.0,0.0,0.122904,0.0,0.0,0.041755,0.027708,0.041755,0.041077,0.0,0.0,0.0,0.0,15.0,15.000000000000004,15.000000000000004,14.999999999999995,14.999999999999991,15.000000000000004,0.0,-0.01515621786829062,-0.01797664247175042,-0.017702921091380133,-0.014450114055537902,-0.019348738457712376
7,0.0,0.06698411269016444,0.0,0.06698411269016444,0.37333333333333396,0.0,0.0,1.6116800000000002,3.8288432480000005,8.514781372627855,0.013824887309835547,0.0,0.0,0.0,0.365263,0.0,0.205835,0.0,0.0,0.0,0.0,0.0,0.0,0.160565,0.0,0.248445,0.242897,0.0,0.0,0.0,15.000000000000002,15.000000000000002,15.0,15.000000000000005,15.000000000000007,14.999999999999998,0.0,0.00947776073236976,0.01669208451251501,-0.017950688091312544,-0.009975275681721603,0.020201749223290984
7,0.20434184023916713,0.0,0.20434184023916713,0.0,0.0,0.0,0.0,10.949093333333334,3.378357573333334,6.153777297099985,0.0,0.0,0.0,0.0,0.21986584023916697,0.0,0.135872,0.0,0.0,0.0,0.0,0.0,0.0,0.151396,0.0,0.0,0.0,0.0,0.0,0.0,11.999999999999996,11.999999999999998,12.0,11.999999999999991,11.999999999999995,12.0,0.0,0.005282155452582375,0.008929500353251912,-0.00801644768686031,-0.004103136938025015,0.010703881165094383
7,0.007415890411748897,0.0,0.007415890411748897,0.0,0.0,0.0,0.0,2.0176160000000007,3.6202148160000007,5.341195199530042,0.16464689041174652,0.0,0.0,0.0,0.0,0.05346,0.0,0.0,0.0,0.226719,0.129483,0.225648,0.351272,0.0,0.389766,0.050153,0.00135,0.0,0.0,0.0,15.0,15.000000000000004,15.000000000000004,14.999999999999998,14.99999999999999,15.000000000000004,0.0,-0.02813906595978863,-0.039591031162168236,0.000226612794147079,0.007766638084586941,-0.04516224744864005
7,0.08052461029168259,0.0,0.08052461029168259,0.0,0.0,0.0,0.0,6.410794666666666,3.409117722666667,6.598927977666034,0.0,0.0,0.0,0.0,0.281446,0.0,0.0,0.06307461029168263,0.0,0.0,0.0,0.0,0.0,0.263996,0.0,0.0,0.0,0.0,0.0,0.0,11.99999991223357,11.999999912233573,11.999999912233575,11.999999912233564,11.999999912233568,11.999999912233575,0.0,0.0004510755728718105,0.0007625446701559993,-0.0006845735164760417,-0.00035039196810958607,0.0009140699041972079
7,0.0,0.0,0.0,0.0,0.0,0.0,0.0,0.0,3.2847892266666667,3.2847892266666663,-0.0,0.0,0.0,0.0,0.0,0.0,0.0,0.0,0.0,0.0,0.0,0.0,0.0,0.0,0.0,0.0,0.0,0.0,0.0,0.0,13.0,12.999999999999998,13.000000000000002,13.0,13.000000000000002,13.000000000000002,0.0,0.0,0.0,0.0,0.0,0.0

8,0.009742000000000015,0.0,0.009742000000000015,0.0,0.2723404255319149,0.0,0.0,0.0,3.717000352000001,3.8427682517622457,1.1058862159352145e-17,0.0,0.0,0.0,0.078268,0.0,0.006255,0.0,0.102857,0.0,0.0,0.0,0.0,0.088743,0.0,0.075643,0.0,0.004708,0.003286,0.005258,13.999999999988969,13.99999999998897,13.999999999988969,13.999999999988972,13.999999999988972,13.999999999988967,0.0,-0.00018069408711500782,-0.0003054639207816515,0.00027422984985689137,-0.0002474649629411115,-0.0003661626495238194
8,0.6211163049354795,0.0,0.6211163049354795,0.0,4.719432624113476,0.0,0.0,4.5164213333333345,6.117963978666667,2.1278891429495648,2.0682123049354826,0.0,0.0,0.0,0.0,0.0,0.0,0.0,0.0,0.0,0.0,0.0,0.180605,0.131925,0.167703,0.417847,0.101329,0.105707,0.176498,0.165482,15.0,15.000000000000005,15.000000000000007,14.999999999999993,14.999999999999988,15.000000000000007,0.0,-0.1845331248809514,-0.21173630029862642,-0.25353835168621625,-0.26066825060161564,-0.22497025370770674
8,0.8244910696985407,0.0,0.8244910696985407,0.0,6.771063829787234,0.0,0.0,2.561077333333334,8.310061146666667,1.2356091672356813,3.333333333333334,0.0,0.0,0.0,0.101183,0.0,0.12454373636520799,0.0,0.0,0.0,0.0,0.0,0.0,0.381021,0.0,0.658126,0.413665,0.45123,0.349266,0.481261,15.000000000000002,15.0,15.000000000000002,15.000000000000007,15.000000000000007,15.000000000000004,0.0,-0.2844458093838102,-0.31933616120170505,-0.42830477404902184,-0.44658537215656435,-0.3363098153172622
8,0.0,0.048161343538118496,0.0,0.048161343538118496,0.6205910437266056,10.706496000000003,0.0,0.0,8.714145184000001,0.7090202103860838,3.333333333333334,0.08181732312853995,0.0,0.0,0.0,0.0,0.0,0.0,0.0,0.07563699999997198,0.24199,0.01843,0.876835,0.012591,0.863903,0.966137,1.079903,0.0,0.0,0.0,29.999999999999993,30.0,30.0,29.999999999999982,29.99999999999998,30.0,0.0,-0.31424018709471246,-0.37273089411658694,-0.3830874243465937,-0.3770358337638351,-0.40118578144892075
8,1.8169849242673657,0.0,1.8169849242673657,0.0,24.127092198581565,0.0,0.0,17.511418666666685,8.407706970666668,0.17533150351820018,2.930859924267366,0.0,0.0,0.0,0.0,0.18268899999999788,0.0,0.0,0.0,0.633507,0.705586,0.881211,0.897255,0.0,0.897255,1.129199,0.593159,0.0,0.0,0.0,15.0,15.0,15.0,14.999999999999995,14.999999999999995,15.000000000000002,0.0,-0.27014904936642775,-0.3146697399172893,-0.34616490099955927,-0.27913031693480417,-0.3363284152536755
8,0.0,0.5192637969486258,0.0,0.5192637969486258,0.0,29.49818398994501,0.0,0.0,8.727632112,0.0,3.3333333333333437,2.0254072675123593,0.0,0.0,0.998779,0.0,0.759084,0.532412,1.01802,0.0,0.0,0.0,0.0,2.271017,0.0,0.0,0.0,1.862688397794333,2.214061,2.838533,51.73785648445918,30.0,38.7282504432266,84.72825044322667,76.0,42.974418691415586,0.0,-0.2555129080446712,-0.3453651446152981,-0.4722147066696,-0.6572148916697851,-0.38907696480613996
8,0.24570071504384863,0.0,0.24570071504384863,0.0,0.1567979364097605,3.231077653067171,0.0,3.774645333333333,8.213053056,0.0,3.333333333333333,1.4594743817105211,0.0,0.0,0.0,0.510516,0.0,0.0,0.0,1.080197,1.130828,1.175194,2.962686,0.0,2.663302,1.1067,1.711154,0.0,0.0,0.0,30.0,30.0,29.999999999999996,29.999999999999996,29.999999999999996,29.999999999999996,0.0,-0.33799055111644555,-0.46385432109857766,-0.3470427542430221,-0.2851614092433152,-0.5250852341173747
8,0.0943294902577334,0.0,0.0943294902577334,0.0,0.1481696091745871,4.120810666666669,0.0,0.0,6.951494426666668,0.0,3.3333333333333335,0.5202611569244056,0.0,0.0,0.0,0.0,0.0,0.513247,1.088109,0.0,0.0,0.0,0.040474,0.884813,0.020725,0.0,0.0,1.431459,1.431869,1.551281000000003,29.999999999999986,30.0,30.0,29.99999999999997,29.999999999999986,30.000000000000007,0.0,-0.3041867970853206,-0.3719580448591161,-0.3983449221255531,-0.5289168496949331,-0.4049277817278093
8,0.0,0.007675117737150572,0.0,0.007675117737150572,0.0,5.050394346932831,0.0,0.0,4.610623680000001,0.0,3.3333333333333335,1.8401205489295176,0.0,0.0,0.0,0.0,0.058457,0.0,0.0,0.0,0.0,0.0,0.022288,0.877294,0.0,0.140825,0.014623,1.34424,1.380733,1.459583,48.90248389952972,30.0,37.58978299411015,77.58978299411012,70.0,41.28210320992665,0.0,-0.2555129080446701,-0.3385095291721161,-0.4722147066695992,-0.5751684684925364,-0.3788861910965932
8,1.3342442332737612,0.0,1.3342442332737612,0.0,32.26666666666667,0.0,0.0,0.0,1.491187770666667,0.0,3.2560782332737603,1.7763568394002505e-15,0.0,0.0,0.0,0.6101550000000002,0.0,0.0,0.0,1.1218990000000009,0.43315,1.364869,1.145514,0.0,1.225518,1.051124,2.029751,0.0,0.0,0.0,15.0,15.000000000000007,15.000000000000004,15.000000000000002,15.0,15.0,0.0,-0.2969063280056784,-0.3441441887335962,-0.3894624482490088,-0.2993400276365311,-0.3671247282632464
8,0.0,0.10476176386666668,0.0,0.10476176386666668,0.0,5.849749333333333,0.0,0.0,1.659278778666667,0.0,3.333333333333334,1.782345902800003,0.0,0.0,0.67847,0.0,1.031634,0.765185,1.124126,0.0,0.0,0.0,0.0,2.158066,0.0,0.0,0.0,2.158066,2.332509,2.171215,30.0,30.0,29.999999999999996,29.999999999999996,29.999999999999996,29.999999999999996,0.0,-0.26069335076902367,-0.34512941979495043,-0.4643526230055803,-0.6429776410407406,-0.38620635240955137
8,1.3337080223953064,0.0,1.3337080223953064,0.0,32.26666666666667,0.0,0.0,0.0,1.4416411360000003,0.0,2.896816022395307,0.0,0.0,0.0,0.0,0.6526399999999981,0.0,0.0,0.0,1.164773,1.096605,0.827542,0.742131,0.0,0.994272,1.380613,2.187652,0.0,0.0,0.0,15.0,15.000000000000004,15.000000000000002,14.999999999999995,14.999999999999993,15.0,0.0,-0.24901193237717684,-0.28058701247954304,-0.36946032801336487,-0.26369436472011554,-0.2959478346095651
8,0.18137133333332933,0.0,0.18137133333332933,0.0,3.911076377429272,0.0,0.0,0.0,1.5365145653333336,0.0,3.333333333333334,0.0,0.0,0.0,1.11628,0.0,0.960919,0.287788,0.598402,0.0,0.0,0.0,0.0,1.0018,0.0,0.0,0.0,1.639932,1.862314,1.611305,15.0,14.999999999999991,14.999999999999979,15.000000000000021,15.000000000000014,14.999999999999977,0.0,-0.2733384328957521,-0.30055910642469585,-0.4451618513073689,-0.5673529511901988,-0.3138015724131248
8,0.024790421139157085,0.0,0.024790421139157085,0.0,0.7815301041195193,1.3403946666666684,0.0,0.0,1.4177154506666667,0.0,3.333333333333333,1.055858087805829,0.0,0.0,0.0,0.495953,0.0,0.0,0.0,0.821755,0.875635,1.00023,2.433905,0.0,2.490822,1.214664,1.418583,0.0,0.0,0.0,30.0,30.0,29.999999999999996,29.999999999999996,29.999999999999996,29.999999999999996,0.0,-0.3376359366353992,-0.44832102639828686,-0.3475809338671984,-0.30094860615707303,-0.5021677298993121
8,0.01051310746666662,0.0,0.01051310746666662,0.0,4.0927261579781776e-15,1.1650986666666685,0.0,0.0,1.5856229653333336,0.0,3.3333333333333335,0.13078077413333666,0.0,0.0,0.532227,0.0,0.306357,0.245051,0.510529,0.0,0.0,0.0,0.0,1.100778,0.0,0.0,0.0,1.3464109999999998,1.239368,1.361208,29.999999999999993,30.0,30.0,29.999999999999982,29.99999999999998,30.0,0.0,-0.2971798983905255,-0.34570207207341497,-0.4089789213211833,-0.5161966003781467,-0.36930741137543766
8,0.2767313333333362,0.0,0.2767313333333362,0.0,1.7759589557869389,0.0,0.0,5.821909333333334,2.457968778666667,0.18527879069144404,3.333333333333334,0.0,0.0,0.0,0.0,0.0,0.0,0.0,0.0,0.0,0.158043,0.12926000000000037,0.817633,0.136191,0.747546,0.679828,0.851919,0.110788,0.0,0.0,15.0,14.999999999999998,14.999999999999993,15.000000000000004,15.0,15.000000000000004,0.0,-0.31653130676901936,-0.37357679512614184,-0.37961031331146916,-0.3789845163740382,-0.4013286043735975
8,0.4782222481908054,0.0,0.4782222481908054,0.0,6.346666666666677,0.0,0.0,6.845178666666667,4.297464010666667,1.0338945936726267,3.313253248190808,0.0,0.0,0.0,0.0,0.0,0.0,0.0,0.0,0.0,0.0,0.0,0.227699,0.240809,0.254092,0.395763,0.397217,0.32703,0.514623,0.477798,14.999999999999991,14.999999999999991,14.999999999999995,14.999999999999995,14.999999999999996,14.999999999999995,0.0,-0.2976665180490583,-0.3426588134927325,-0.4030597839058378,-0.43362345101812627,-0.36454691782346027
8,0.4336974267701771,0.0,0.4336974267701771,0.0,1.2754609929078045,0.0,0.0,12.019984000000006,5.094132576000001,2.800545746327675,1.9064404267701787,0.0,0.0,0.0,0.0,0.0,0.0,0.0,0.0,0.0,0.0,0.0,0.144711,0.136133,0.131413,0.442083,0.149636,0.108316,0.189881,0.17057,15.0,15.000000000000002,15.000000000000002,15.0,15.000000000000002,15.000000000000004,0.0,-0.1696162364912688,-0.19435808985930098,-0.23444011280545382,-0.24229618003534237,-0.20639464550765693
8,0.12838045813862203,0.0,0.12838045813862203,0.0,0.5333333333333335,0.0,0.0,4.2743893333333345,4.502656032000001,4.8344511532636325,0.15777145813862212,0.0,0.0,0.0,0.0,0.0,0.0,0.0,0.0,0.122904,0.0,0.0,0.041755,0.027708,0.041755,0.041077,0.0,0.0,0.0,0.0,15.0,15.000000000000004,15.000000000000004,14.999999999999995,14.999999999999991,15.000000000000004,0.0,-0.01515621786829062,-0.01797664247175042,-0.017702921091380133,-0.014450114055537902,-0.019348738457712376
8,0.0,0.06698411269016444,0.0,0.06698411269016444,0.37333333333333396,0.0,0.0,1.6116800000000002,3.8288432480000005,8.514781372627855,0.013824887309835547,0.0,0.0,0.0,0.365263,0.0,0.205835,0.0,0.0,0.0,0.0,0.0,0.0,0.160565,0.0,0.248445,0.242897,0.0,0.0,0.0,15.000000000000002,15.000000000000002,15.0,15.000000000000005,15.000000000000007,14.999999999999998,0.0,0.00947776073236976,0.01669208451251501,-0.017950688091312544,-0.009975275681721603,0.020201749223290984
8,0.20434184023916713,0.0,0.20434184023916713,0.0,0.0,0.0,0.0,10.949093333333334,3.378357573333334,6.153777297099985,0.0,0.0,0.0,0.0,0.21986584023916697,0.0,0.135872,0.0,0.0,0.0,0.0,0.0,0.0,0.151396,0.0,0.0,0.0,0.0,0.0,0.0,11.999999999999996,11.999999999999998,12.0,11.999999999999991,11.999999999999995,12.0,0.0,0.005282155452582375,0.008929500353251912,-0.00801644768686031,-0.004103136938025015,0.010703881165094383
8,0.007415890411748897,0.0,0.007415890411748897,0.0,0.0,0.0,0.0,2.0176160000000007,3.6202148160000007,5.341195199530042,0.16464689041174652,0.0,0.0,0.0,0.0,0.05346,0.0,0.0,0.0,0.226719,0.129483,0.225648,0.351272,0.0,0.389766,0.050153,0.00135,0.0,0.0,0.0,15.0,15.000000000000004,15.000000000000004,14.999999999999998,14.99999999999999,15.000000000000004,0.0,-0.02813906595978863,-0.039591031162168236,0.000226612794147079,0.007766638084586941,-0.04516224744864005
8,0.08052461029168259,0.0,0.08052461029168259,0.0,0.0,0.0,0.0,6.410794666666666,3.409117722666667,6.598927977666034,0.0,0.0,0.0,0.0,0.281446,0.0,0.0,0.06307461029168263,0.0,0.0,0.0,0.0,0.0,0.263996,0.0,0.0,0.0,0.0,0.0,0.0,11.99999991223357,11.999999912233573,11.999999912233575,11.999999912233564,11.999999912233568,11.999999912233575,0.0,0.0004510755728718105,0.0007625446701559993,-0.0006845735164760417,-0.00035039196810958607,0.0009140699041972079
8,0.0,0.0,0.0,0.0,0.0,0.0,0.0,0.0,3.2847892266666667,3.2847892266666663,-0.0,0.0,0.0,0.0,0.0,0.0,0.0,0.0,0.0,0.0,0.0,0.0,0.0,0.0,0.0,0.0,0.0,0.0,0.0,0.0,13.0,12.999999999999998,13.000000000000002,13.0,13.000000000000002,13.000000000000002,0.0,0.0,0.0,0.0,0.0,0.0
