NO_Residents,EV_Type,Arrival,Depart,EV_demand,EV_Power,EV_Distance,EV_soc_low,EV_soc_up,EV_soc_arr,SL_loads1,SL_loads2,SL_low,SL_up,TCL_R,TCL_C,TCL_COP,TCL_MAX,TCL_Beta,TCL_temp_low,TCL_temp_up
3,SUV,18,34,13.5,7,8.733,13.5,51.3,40.5,3.045,0,34,39,46.49,0.89,4.74,0.96,0.976,21,21
2,Sedan,21,29,6.0,7,14.786,6.0,22.8,18.0,10.783,0,29,39,9.71,0.66,4.68,0.9,0.856,19,22
3,SUV,19,30,13.5,7,7.661,13.5,51.3,40.5,57.822,0,30,39,36.02,1.56,4.64,0.9,0.982,20,22
5,SUV,19,31,13.5,7,12.777,13.5,51.3,40.5,24.344,0,31,39,40.82,1.7,4.68,0.98,0.986,19,21
1,Sedan,19,30,6.0,3,12.58,6.0,22.8,18.0,5.938,0,30,39,33.01,1.14,4.77,1.04,0.974,21,22
3,Small,17,31,4.0,3,10.416,4.0,15.2,12.0,15.242,0,31,39,30.84,3.49,4.67,0.93,0.991,19,22
5,SUV,20,34,13.5,3,9.72,13.5,51.3,40.5,3.045,0,29,34,17.69,2.02,4.75,1.03,0.972,21,22
1,Small,19,34,4.0,7,11.131,4.0,15.2,12.0,3.045,0,34,39,39.14,2.77,4.8,0.96,0.991,19,23
3,Sedan,23,32,6.0,3,8.451,6.0,22.8,18.0,3.045,0,32,39,31.8,2.66,4.67,1.19,0.988,20,23
5,Truck,24,32,17.5,7,14.981,17.5,66.5,52.5,86.377,0,29,32,22.42,1.21,4.76,1.0,0.964,20,23
1,SUV,18,30,13.5,7,8.503,13.5,51.3,40.5,10.783,0,30,39,22.3,1.68,4.75,1.13,0.974,20,22
1,Small,18,32,4.0,7,6.921,4.0,15.2,12.0,10.783,0,32,39,28.33,2.07,4.74,0.92,0.983,21,21
2,Small,18,29,4.0,3,7.754,4.0,15.2,12.0,15.242,0,29,39,44.75,3.24,4.76,1.04,0.993,19,21
1,Truck,18,31,17.5,7,12.002,17.5,66.5,52.5,83.097,0,31,39,34.44,1.58,4.7,1.12,0.982,20,23
5,Small,19,31,4.0,3,7.293,4.0,15.2,12.0,3.045,0,19,23,46.08,2.99,4.61,0.94,0.993,21,23
3,Small,21,30,4.0,3,6.54,4.0,15.2,12.0,24.344,0,21,23,29.18,2.45,4.68,0.96,0.986,21,22
5,Small,24,35,4.0,3,9.52,4.0,15.2,12.0,57.822,0,35,39,28.99,1.02,4.62,1.2,0.967,21,21
2,Sedan,20,33,6.0,7,8.579,6.0,22.8,18.0,86.377,0,20,23,14.43,1.95,4.7,1.23,0.965,21,21
2,SUV,18,33,13.5,3,3.255,13.5,51.3,40.5,15.242,0,29,33,35.37,0.66,4.64,0.92,0.958,21,22
1,Truck,16,32,17.5,7,12.436,17.5,66.5,52.5,24.344,0,32,39,38.51,0.65,4.71,1.19,0.961,21,22
5,Small,18,32,4.0,3,5.343,4.0,15.2,12.0,24.344,0,29,32,42.12,0.75,4.68,1.03,0.969,20,22
5,Small,16,30,4.0,7,9.453,4.0,15.2,12.0,86.377,0,16,23,10.81,1.75,4.64,0.9,0.949,21,23
2,Sedan,17,30,6.0,3,9.499,6.0,22.8,18.0,86.377,0,17,23,30.94,3.1,4.72,0.97,0.99,19,23
5,Sedan,19,32,6.0,7,8.133,6.0,22.8,18.0,3.045,0,29,32,27.96,1.55,4.69,1.14,0.977,20,23
2,Sedan,18,36,7.0,3,15.848,6.0,22.8,17.0,24.344,0,18,23,43.84,2.28,4.6,1.18,0.99,21,23
4,Sedan,19,31,6.0,7,11.474,6.0,22.8,18.0,3.045,0,19,23,29.85,1.96,4.69,1.05,0.983,19,23
5,Sedan,20,30,6.0,3,4.092,6.0,22.8,18.0,15.242,0,20,23,22.24,2.32,4.68,1.01,0.981,21,21
3,Small,19,34,6.0,7,15.562,4.0,15.2,10.0,3.045,0,34,39,48.84,2.46,4.69,1.1,0.992,19,22
5,Small,21,30,4.0,7,5.257,4.0,15.2,12.0,15.242,0,30,39,46.01,1.94,4.62,0.98,0.989,21,21
2,SUV,17,30,13.5,7,8.117,13.5,51.3,40.5,57.822,0,17,23,37.84,3.46,4.77,0.94,0.992,20,23
1,Small,18,30,4.0,7,6.519,4.0,15.2,12.0,57.822,0,18,23,31.97,2.69,4.68,1.12,0.988,20,21
3,Sedan,20,32,6.0,7,7.292,6.0,22.8,18.0,3.045,0,29,32,26.36,2.88,4.71,0.95,0.987,20,23
4,Small,21,29,4.0,7,10.928,4.0,15.2,12.0,10.783,0,21,23,26.17,1.26,4.68,1.12,0.97,21,23
3,Sedan,22,32,6.0,3,9.604,6.0,22.8,18.0,86.377,0,29,32,44.83,3.32,4.74,1.22,0.993,19,23
5,Small,20,32,4.0,3,9.814,4.0,15.2,12.0,5.938,0,20,23,37.91,1.48,4.69,1.24,0.982,20,21
5,SUV,19,31,13.5,3,10.413,13.5,51.3,40.5,10.783,0,31,39,12.97,2.6,4.69,1.22,0.971,20,22
3,SUV,21,30,13.5,7,16.285,13.5,51.3,40.5,83.097,0,21,23,35.03,3.31,4.73,1.13,0.991,21,21
2,Small,17,33,4.0,7,8.033,4.0,15.2,12.0,57.822,0,33,39,42.45,1.34,4.63,1.23,0.983,21,22
4,SUV,19,33,13.5,7,11.701,13.5,51.3,40.5,10.783,0,19,23,27.04,2.92,4.64,1.01,0.987,19,23
5,Small,17,30,4.0,3,7.487,4.0,15.2,12.0,24.344,0,17,23,13.25,2.37,4.62,1.11,0.969,19,21
3,Small,18,32,5.0,3,13.395,4.0,15.2,11.0,15.242,0,18,23,41.7,0.82,4.73,1.14,0.971,20,21
3,Sedan,18,31,6.0,7,5.015,6.0,22.8,18.0,24.344,0,31,39,19.59,1.99,4.74,1.22,0.975,21,23
3,SUV,19,30,13.5,3,7.058,13.5,51.3,40.5,86.377,0,19,23,13.39,3.05,4.7,1.02,0.976,21,21
1,Small,20,32,4.0,3,3.585,4.0,15.2,12.0,83.097,0,32,39,48.22,2.16,4.64,1.08,0.99,19,22
4,Small,17,32,4.0,3,10.869,4.0,15.2,12.0,15.242,0,17,23,48.74,0.74,4.63,0.91,0.973,20,23
4,SUV,18,29,13.5,3,8.153,13.5,51.3,40.5,5.938,0,18,23,40.75,1.91,4.69,1.14,0.987,19,22
3,Small,20,30,4.0,3,5.969,4.0,15.2,12.0,57.822,0,30,39,48.39,2.04,4.67,0.94,0.99,20,22
5,SUV,19,33,13.5,7,10.251,13.5,51.3,40.5,24.344,0,19,23,10.69,0.86,4.6,1.25,0.897,21,22
4,SUV,19,31,13.5,7,10.227,13.5,51.3,40.5,83.097,0,31,39,27.31,3.35,4.69,1.2,0.989,21,23
4,Small,22,35,4.0,3,9.034,4.0,15.2,12.0,5.938,0,29,35,32.96,1.2,4.75,1.05,0.975,21,22
2,Small,20,30,5.0,3,13.937,4.0,15.2,11.0,3.045,0,20,23,17.09,0.67,4.63,0.94,0.916,19,23
4,Small,19,35,5.0,7,13.478,4.0,15.2,11.0,3.045,0,35,39,40.73,2.26,4.69,1.22,0.989,19,21
4,Small,19,32,4.0,3,10.216,4.0,15.2,12.0,15.242,0,32,39,8.24,1.45,4.76,0.92,0.92,19,21
2,Small,19,31,4.0,3,8.779,4.0,15.2,12.0,5.938,0,19,23,17.47,1.48,4.64,1.21,0.962,20,22
5,SUV,20,29,13.5,3,5.542,13.5,51.3,40.5,24.344,0,20,23,20.7,2.38,4.78,1.13,0.98,20,23
2,Sedan,16,31,6.0,7,11.383,6.0,22.8,18.0,15.242,0,31,39,18.98,3.54,4.72,1.04,0.985,21,21
1,Sedan,20,29,6.0,7,8.015,6.0,22.8,18.0,3.045,0,20,23,15.47,1.22,4.66,1.04,0.948,20,23
2,Small,20,34,7.0,3,19.201,4.0,15.2,9.0,86.377,0,29,34,17.32,3.35,4.64,1.0,0.983,21,22
5,Sedan,19,30,6.0,3,4.55,6.0,22.8,18.0,83.097,0,19,23,12.25,1.3,4.71,1.11,0.939,19,23
2,Sedan,19,30,7.0,7,15.745,6.0,22.8,17.0,57.822,0,19,23,29.38,1.23,4.71,0.94,0.973,19,21
1,Sedan,23,30,6.0,3,8.303,6.0,22.8,18.0,10.783,0,30,39,28.19,2.36,4.77,0.99,0.985,19,21
2,Small,19,33,4.0,3,10.401,4.0,15.2,12.0,86.377,0,33,39,48.48,2.31,4.66,1.12,0.991,20,21
1,Small,22,30,5.0,7,11.877,4.0,15.2,11.0,15.242,0,30,39,21.34,1.79,4.66,0.98,0.974,21,21
3,Truck,16,32,17.5,7,6.364,17.5,66.5,52.5,57.822,0,16,23,16.37,3.4,4.75,1.16,0.982,21,21
2,Small,21,30,4.0,7,8.268,4.0,15.2,12.0,57.822,0,30,39,39.42,1.13,4.64,1.04,0.978,19,22
1,Small,19,29,4.0,7,11.36,4.0,15.2,12.0,24.344,0,19,23,41.2,3.3,4.75,1.18,0.993,19,21
3,SUV,20,32,13.5,3,13.299,13.5,51.3,40.5,57.822,0,20,23,44.12,3.54,4.64,1.11,0.994,21,21
1,Truck,17,32,17.5,7,10.619,17.5,66.5,52.5,15.242,0,17,23,29.84,1.65,4.66,0.91,0.98,21,22
3,Small,18,30,6.0,3,15.272,4.0,15.2,10.0,3.045,0,18,23,27.87,3.17,4.61,1.11,0.989,20,23
3,SUV,18,33,13.5,7,6.994,13.5,51.3,40.5,57.822,0,18,23,42.33,1.91,4.65,1.05,0.988,19,21
1,Sedan,20,31,6.0,3,8.312,6.0,22.8,18.0,57.822,0,31,39,14.93,3.05,4.73,1.1,0.978,19,21
5,SUV,20,33,13.5,3,14.248,13.5,51.3,40.5,24.344,0,29,33,44.72,2.47,4.68,1.09,0.991,21,21
1,Small,19,31,4.0,3,11.496,4.0,15.2,12.0,83.097,0,31,39,36.09,2.97,4.79,1.12,0.991,21,23
4,Small,22,29,4.0,7,11.645,4.0,15.2,12.0,3.045,0,29,39,38.93,1.49,4.66,1.08,0.983,19,21
4,Sedan,21,33,6.0,3,4.606,6.0,22.8,18.0,15.242,0,33,39,26.34,3.45,4.74,0.92,0.989,19,21
3,Small,17,33,4.0,7,8.895,4.0,15.2,12.0,57.822,0,33,39,47.28,2.76,4.75,0.9,0.992,19,23
2,SUV,19,35,13.5,7,10.175,13.5,51.3,40.5,57.822,0,19,23,24.07,0.62,4.69,1.06,0.935,20,22
3,Sedan,17,31,6.0,3,11.797,6.0,22.8,18.0,83.097,0,17,23,34.4,2.03,4.72,1.21,0.986,21,22
4,Sedan,20,31,6.0,7,10.413,6.0,22.8,18.0,3.045,0,20,23,24.29,2.0,4.79,1.1,0.98,20,23
4,SUV,18,29,13.5,7,9.871,13.5,51.3,40.5,57.822,0,29,39,43.47,0.58,4.79,1.21,0.961,19,22
1,Sedan,19,29,6.0,7,10.198,6.0,22.8,18.0,3.045,0,29,39,42.3,1.78,4.75,1.08,0.987,20,23
5,Small,20,30,4.0,3,10.216,4.0,15.2,12.0,57.822,0,30,39,49.12,1.29,4.78,1.12,0.984,19,23
2,Sedan,20,31,6.0,7,6.478,6.0,22.8,18.0,24.344,0,31,39,27.99,1.83,4.69,0.94,0.981,20,22
4,Truck,22,32,17.5,7,11.247,17.5,66.5,52.5,3.045,0,29,32,7.31,2.16,4.76,1.19,0.939,20,23
4,Small,20,30,5.0,7,13.285,4.0,15.2,11.0,57.822,0,30,39,39.5,1.6,4.69,1.09,0.984,21,22
4,Sedan,17,31,6.0,7,7.825,6.0,22.8,18.0,24.344,0,17,23,13.1,3.3,4.68,1.22,0.977,20,21
3,Sedan,18,31,6.0,3,7.632,6.0,22.8,18.0,83.097,0,31,39,33.82,2.16,4.77,1.23,0.986,20,22
2,SUV,24,30,13.5,3,5.392,13.5,51.3,40.5,83.097,0,30,39,49.69,2.21,4.77,0.92,0.991,19,23
5,SUV,22,34,13.5,3,9.742,13.5,51.3,40.5,5.938,0,29,34,29.95,1.14,4.64,1.15,0.971,21,23
3,SUV,21,29,13.5,3,3.747,13.5,51.3,40.5,5.938,0,21,23,44.32,0.81,4.79,0.95,0.973,19,21
2,Truck,21,31,17.5,3,11.093,17.5,66.5,52.5,10.783,0,21,23,9.81,2.63,4.68,1.22,0.962,19,22
5,Small,20,32,4.0,3,4.635,4.0,15.2,12.0,10.783,0,29,32,10.06,3.37,4.74,1.24,0.971,21,23
1,Small,19,30,4.0,7,6.081,4.0,15.2,12.0,10.783,0,19,23,11.41,1.55,4.69,0.94,0.945,21,22
2,Sedan,21,32,6.0,3,5.52,6.0,22.8,18.0,57.822,0,29,32,14.16,1.36,4.77,1.17,0.949,19,22
1,Sedan,20,33,6.0,7,6.402,6.0,22.8,18.0,5.938,0,33,39,39.31,2.11,4.63,1.04,0.988,19,21
2,Sedan,17,30,6.0,3,11.145,6.0,22.8,18.0,57.822,0,30,39,35.29,2.4,4.61,1.19,0.988,20,21
4,SUV,20,31,13.5,3,6.997,13.5,51.3,40.5,5.938,0,31,39,49.11,3.12,4.62,0.98,0.993,19,21
2,SUV,18,33,13.5,7,12.407,13.5,51.3,40.5,57.822,0,33,39,22.49,2.23,4.76,1.18,0.98,20,22
5,SUV,20,30,13.5,3,13.347,13.5,51.3,40.5,57.822,0,20,23,30.64,1.12,4.71,1.22,0.971,21,21
1,SUV,20,30,13.5,3,8.34,13.5,51.3,40.5,3.045,0,20,23,37.13,2.35,4.79,0.98,0.989,21,23
5,SUV,20,31,13.5,3,5.741,13.5,51.3,40.5,57.822,0,31,39,17.71,1.73,4.76,0.92,0.968,19,21
3,Small,19,31,4.0,7,9.964,4.0,15.2,12.0,3.045,0,19,23,24.4,1.65,4.67,1.05,0.975,19,21
1,Sedan,21,34,7.0,7,15.227,6.0,22.8,17.0,15.242,0,29,34,34.44,2.37,4.7,1.0,0.988,20,21
4,Sedan,18,32,6.0,7,7.896,6.0,22.8,18.0,57.822,0,18,23,9.33,2.31,4.68,1.05,0.955,20,22
4,Truck,17,30,17.5,3,13.261,17.5,66.5,52.5,3.045,0,17,23,26.47,1.37,4.6,1.11,0.973,21,22
2,Sedan,18,30,6.0,3,14.423,6.0,22.8,18.0,24.344,0,30,39,10.69,0.82,4.76,1.01,0.892,20,23
2,Small,17,33,4.0,3,4.426,4.0,15.2,12.0,15.242,0,29,33,43.61,1.93,4.74,1.08,0.988,19,21
2,Sedan,17,32,6.0,7,15.095,6.0,22.8,18.0,24.344,0,17,23,9.92,1.22,4.64,1.24,0.921,21,23
2,Truck,21,32,17.5,7,11.279,17.5,66.5,52.5,83.097,0,29,32,11.16,2.61,4.7,1.21,0.966,21,22
1,Small,18,31,5.0,3,13.39,4.0,15.2,11.0,86.377,0,31,39,23.62,1.75,4.64,1.02,0.976,19,21
4,Small,20,32,4.0,7,6.006,4.0,15.2,12.0,83.097,0,20,23,32.37,2.74,4.78,1.02,0.989,19,21
2,Truck,20,31,17.5,7,6.152,17.5,66.5,52.5,57.822,0,20,23,33.46,1.82,4.68,1.15,0.984,20,21
4,Truck,18,33,17.5,7,4.469,17.5,66.5,52.5,3.045,0,29,33,16.39,1.27,4.71,1.22,0.953,21,23
1,Small,19,34,4.0,7,10.145,4.0,15.2,12.0,3.045,0,19,23,16.57,0.53,4.65,1.0,0.892,19,22
3,Small,19,32,5.0,3,12.035,4.0,15.2,11.0,3.045,0,32,39,32.09,0.83,4.74,1.12,0.963,21,22
5,Small,22,33,4.0,7,9.66,4.0,15.2,12.0,3.045,0,29,33,36.17,2.94,4.67,1.22,0.991,19,21
4,Small,17,33,4.0,3,7.113,4.0,15.2,12.0,83.097,0,17,23,43.44,2.93,4.6,0.99,0.992,19,21
2,SUV,18,31,13.5,3,9.747,13.5,51.3,40.5,24.344,0,18,23,40.79,1.94,4.67,1.15,0.987,19,21
3,Small,20,32,4.0,3,11.31,4.0,15.2,12.0,57.822,0,32,39,40.75,1.33,4.73,1.07,0.982,19,23
4,Small,18,30,4.0,7,11.615,4.0,15.2,12.0,86.377,0,30,39,25.79,2.44,4.73,1.11,0.984,21,23
4,Truck,18,31,17.5,3,11.245,17.5,66.5,52.5,5.938,0,31,39,44.93,3.27,4.77,1.1,0.993,19,22
2,Small,23,30,4.0,7,10.092,4.0,15.2,12.0,15.242,0,30,39,34.86,1.66,4.6,0.94,0.983,20,23
3,Small,19,35,4.0,7,4.487,4.0,15.2,12.0,86.377,0,29,35,6.93,3.27,4.61,0.94,0.957,20,21
5,SUV,16,31,13.5,3,11.526,13.5,51.3,40.5,24.344,0,31,39,15.77,0.51,4.63,1.22,0.883,21,22
2,Sedan,18,34,6.0,3,6.71,6.0,22.8,18.0,3.045,0,29,34,25.88,2.85,4.61,0.96,0.987,19,22
2,Sedan,20,31,6.0,3,12.281,6.0,22.8,18.0,57.822,0,31,39,30.62,2.16,4.64,1.06,0.985,20,22
3,Small,20,30,4.0,7,5.707,4.0,15.2,12.0,3.045,0,20,23,41.0,1.15,4.66,1.11,0.979,21,21
5,Small,18,31,4.0,3,10.291,4.0,15.2,12.0,86.377,0,31,39,36.17,0.75,4.62,1.21,0.964,20,22
2,Sedan,23,31,6.0,7,12.16,6.0,22.8,18.0,57.822,0,31,39,25.51,1.29,4.67,1.04,0.97,20,21
4,Small,19,32,5.0,7,11.985,4.0,15.2,11.0,10.783,0,19,23,41.74,2.09,4.79,0.94,0.989,20,21
5,Sedan,18,34,6.0,3,8.37,6.0,22.8,18.0,3.045,0,18,23,33.48,1.48,4.61,1.08,0.98,20,23
1,SUV,21,32,13.5,7,12.941,13.5,51.3,40.5,15.242,0,21,23,13.19,1.73,4.61,0.9,0.957,20,23
4,SUV,19,32,13.5,3,12.628,13.5,51.3,40.5,83.097,0,19,23,18.72,2.32,4.78,0.94,0.977,21,21
4,Truck,18,34,17.5,7,8.665,17.5,66.5,52.5,10.783,0,29,34,21.07,3.39,4.67,1.01,0.986,21,23
5,Small,18,31,4.0,3,11.869,4.0,15.2,12.0,57.822,0,31,39,14.47,1.76,4.7,1.2,0.961,19,23
3,Sedan,18,30,6.0,3,12.875,6.0,22.8,18.0,86.377,0,30,39,42.11,1.93,4.64,0.93,0.988,19,21
3,Truck,18,30,17.5,3,6.399,17.5,66.5,52.5,57.822,0,30,39,44.06,3.49,4.67,0.95,0.994,21,22
1,Sedan,20,33,6.0,3,7.027,6.0,22.8,18.0,57.822,0,20,23,29.26,2.83,4.78,1.03,0.988,21,23
1,Small,19,33,5.0,7,12.015,4.0,15.2,11.0,86.377,0,29,33,27.11,3.57,4.73,0.95,0.99,20,21
5,Sedan,19,33,6.0,7,3.376,6.0,22.8,18.0,86.377,0,19,23,25.15,2.73,4.71,1.13,0.986,19,23
2,SUV,19,34,13.5,7,15.24,13.5,51.3,40.5,57.822,0,19,23,11.76,2.76,4.68,1.07,0.97,19,23
1,Sedan,16,35,6.0,7,13.097,6.0,22.8,18.0,57.822,0,29,35,45.12,3.11,4.7,1.23,0.993,19,21
2,Small,17,33,4.0,3,8.668,4.0,15.2,12.0,24.344,0,29,33,30.04,3.04,4.77,1.16,0.989,21,21
5,SUV,20,31,13.5,3,6.487,13.5,51.3,40.5,3.045,0,20,23,14.6,1.77,4.75,1.02,0.962,19,21
3,Truck,18,31,17.5,3,14.312,17.5,66.5,52.5,83.097,0,18,23,32.0,1.57,4.61,1.03,0.98,20,23
5,Small,21,32,4.0,7,8.742,4.0,15.2,12.0,5.938,0,29,32,37.84,1.85,4.75,1.04,0.986,20,21
3,Small,21,33,4.0,7,7.802,4.0,15.2,12.0,15.242,0,21,23,45.93,0.75,4.77,1.25,0.971,20,22
2,SUV,19,30,13.5,7,7.089,13.5,51.3,40.5,86.377,0,30,39,9.01,3.01,4.77,1.06,0.964,20,22
5,Small,20,32,4.0,7,7.267,4.0,15.2,12.0,86.377,0,32,39,35.72,1.27,4.78,1.0,0.978,21,23
3,Small,20,30,4.0,7,10.944,4.0,15.2,12.0,57.822,0,30,39,44.39,2.39,4.62,1.22,0.991,19,21
3,Small,18,34,4.0,7,2.015,4.0,15.2,12.0,83.097,0,29,34,45.41,1.59,4.74,0.96,0.986,21,22
3,Sedan,20,32,6.0,3,11.769,6.0,22.8,18.0,24.344,0,32,39,47.35,1.41,4.8,1.25,0.985,20,21
2,Small,19,33,5.0,7,11.886,4.0,15.2,11.0,15.242,0,33,39,11.25,1.36,4.75,1.19,0.937,19,22
3,Sedan,18,31,6.0,7,9.267,6.0,22.8,18.0,83.097,0,31,39,12.89,2.68,4.79,1.07,0.971,19,22
1,Sedan,18,33,6.0,3,9.837,6.0,22.8,18.0,10.783,0,29,33,28.11,2.11,4.7,1.25,0.983,19,21
4,Small,21,35,4.0,3,10.873,4.0,15.2,12.0,10.783,0,21,23,39.66,1.1,4.67,1.09,0.977,21,21
4,Small,19,32,4.0,3,10.651,4.0,15.2,12.0,83.097,0,32,39,30.23,1.18,4.78,1.14,0.972,21,21
5,Small,18,32,4.0,7,2.906,4.0,15.2,12.0,5.938,0,29,32,20.87,3.19,4.7,1.08,0.985,21,21
5,Small,20,31,4.0,3,6.482,4.0,15.2,12.0,86.377,0,20,23,25.57,2.67,4.8,1.18,0.985,21,21
5,Small,17,31,4.0,3,8.88,4.0,15.2,12.0,5.938,0,17,23,33.26,2.35,4.62,1.12,0.987,20,23
1,Small,18,30,4.0,7,10.288,4.0,15.2,12.0,24.344,0,30,39,28.41,2.98,4.72,0.92,0.988,19,22
4,SUV,20,30,13.5,3,7.752,13.5,51.3,40.5,5.938,0,30,39,18.1,1.8,4.61,1.23,0.97,21,21
2,Small,19,35,4.0,7,8.449,4.0,15.2,12.0,5.938,0,35,39,9.55,1.11,4.77,1.23,0.91,19,21
4,Small,21,31,4.0,3,10.78,4.0,15.2,12.0,3.045,0,31,39,49.81,1.99,4.65,0.99,0.99,21,22
5,SUV,18,32,13.5,7,17.297,13.5,51.3,40.5,86.377,0,18,23,25.78,2.45,4.75,0.98,0.984,20,22
5,Truck,21,32,17.5,3,9.898,17.5,66.5,52.5,83.097,0,21,23,29.66,0.76,4.73,1.16,0.957,19,21
1,Sedan,19,35,6.0,7,10.652,6.0,22.8,18.0,15.242,0,35,39,30.45,0.97,4.74,1.03,0.967,20,23
1,Small,19,32,6.0,7,14.622,4.0,15.2,10.0,86.377,0,32,39,6.8,1.68,4.65,1.09,0.916,21,21
4,Small,21,32,4.0,3,5.301,4.0,15.2,12.0,15.242,0,32,39,21.17,1.8,4.63,1.18,0.974,19,22
4,Sedan,20,29,6.0,3,14.143,6.0,22.8,18.0,86.377,0,29,39,39.19,2.41,4.67,1.23,0.989,19,21
5,Sedan,17,32,6.0,7,8.89,6.0,22.8,18.0,57.822,0,29,32,23.62,3.24,4.79,1.04,0.987,21,21
2,Sedan,21,30,6.0,7,11.931,6.0,22.8,18.0,86.377,0,21,23,10.55,3.3,4.72,1.08,0.972,20,22
1,Small,17,29,4.0,7,9.599,4.0,15.2,12.0,3.045,0,17,23,32.28,2.38,4.64,1.13,0.987,19,23
2,SUV,22,30,13.5,7,6.913,13.5,51.3,40.5,5.938,0,30,39,25.29,0.98,4.71,1.14,0.96,21,23
1,Sedan,19,30,6.0,3,9.233,6.0,22.8,18.0,83.097,0,30,39,13.42,2.43,4.65,0.93,0.97,19,22
4,Small,17,30,6.0,7,14.858,4.0,15.2,10.0,5.938,0,30,39,11.36,2.1,4.61,1.16,0.959,20,21
1,Small,17,33,5.0,7,13.095,4.0,15.2,11.0,5.938,0,17,23,42.8,0.82,4.72,1.18,0.972,20,23
1,Truck,22,31,17.5,7,7.503,17.5,66.5,52.5,15.242,0,31,39,48.09,3.41,4.67,1.09,0.994,19,23
4,Small,20,36,4.0,7,11.415,4.0,15.2,12.0,86.377,0,36,39,21.01,2.65,4.62,0.98,0.982,20,21
2,Truck,19,34,17.5,3,9.264,17.5,66.5,52.5,57.822,0,19,23,43.55,2.43,4.79,1.03,0.991,19,23
2,SUV,22,36,13.5,7,3.316,13.5,51.3,40.5,86.377,0,29,36,20.01,1.82,4.7,1.07,0.973,21,23
5,SUV,17,33,13.5,3,9.064,13.5,51.3,40.5,10.783,0,29,33,27.24,3.04,4.65,0.93,0.988,20,22
3,SUV,18,32,13.5,3,13.216,13.5,51.3,40.5,83.097,0,18,23,27.26,1.68,4.71,1.04,0.978,19,23
5,Small,18,30,5.0,7,12.137,4.0,15.2,11.0,3.045,0,18,23,31.49,1.17,4.68,1.18,0.973,20,22
2,Truck,20,31,17.5,7,12.531,17.5,66.5,52.5,15.242,0,31,39,40.3,1.63,4.69,1.21,0.985,21,23
3,Sedan,20,31,6.0,7,10.097,6.0,22.8,18.0,5.938,0,31,39,31.88,3.42,4.66,1.2,0.991,20,21
4,SUV,22,31,13.5,3,10.934,13.5,51.3,40.5,3.045,0,31,39,21.82,2.94,4.67,1.06,0.985,19,22
4,SUV,22,32,13.5,3,10.604,13.5,51.3,40.5,83.097,0,29,32,18.83,0.93,4.79,1.08,0.944,21,23
4,Small,18,33,4.0,3,5.885,4.0,15.2,12.0,86.377,0,29,33,25.12,1.64,4.66,1.11,0.976,20,22
1,Small,17,29,4.0,7,10.4,4.0,15.2,12.0,57.822,0,29,39,46.45,1.5,4.74,1.11,0.986,19,22
2,Small,19,32,4.0,3,3.624,4.0,15.2,12.0,24.344,0,29,32,36.72,1.65,4.65,1.01,0.984,19,21
2,SUV,20,32,13.5,3,11.373,13.5,51.3,40.5,83.097,0,20,23,36.07,3.47,4.72,1.04,0.992,21,21
3,Truck,20,29,17.5,3,11.483,17.5,66.5,52.5,5.938,0,20,23,38.19,3.14,4.65,1.03,0.992,19,23
4,Sedan,17,33,6.0,7,12.529,6.0,22.8,18.0,5.938,0,33,39,28.57,2.87,4.78,0.95,0.988,21,23
2,Small,16,31,4.0,3,7.276,4.0,15.2,12.0,57.822,0,31,39,45.72,1.84,4.68,1.06,0.988,19,22
1,SUV,17,30,13.5,7,4.115,13.5,51.3,40.5,24.344,0,17,23,22.79,0.65,4.75,1.22,0.935,19,21
3,Sedan,18,29,6.0,7,15.044,6.0,22.8,18.0,15.242,0,18,23,44.31,1.43,4.73,1.16,0.984,19,22
1,Small,20,32,4.0,3,4.71,4.0,15.2,12.0,10.783,0,29,32,42.54,0.8,4.66,0.94,0.971,19,23
4,Sedan,21,30,6.0,7,7.589,6.0,22.8,18.0,3.045,0,30,39,42.58,3.19,4.69,1.11,0.993,20,22
4,SUV,19,33,13.5,3,8.055,13.5,51.3,40.5,83.097,0,33,39,26.97,2.73,4.78,1.16,0.987,21,21
4,Sedan,16,33,6.0,7,2.319,6.0,22.8,18.0,15.242,0,29,33,48.57,2.16,4.76,1.08,0.991,21,21
4,Sedan,18,31,6.0,7,7.924,6.0,22.8,18.0,15.242,0,31,39,9.65,2.09,4.66,0.96,0.952,21,22
2,Sedan,21,31,6.0,3,6.99,6.0,22.8,18.0,15.242,0,31,39,36.19,1.21,4.64,1.01,0.977,20,23
5,Small,21,31,4.0,3,9.359,4.0,15.2,12.0,15.242,0,21,23,44.12,2.71,4.65,0.91,0.992,21,23
1,Sedan,20,31,6.0,3,3.381,6.0,22.8,18.0,83.097,0,31,39,11.43,0.58,4.77,0.91,0.86,19,23
1,Truck,16,31,17.5,3,9.291,17.5,66.5,52.5,83.097,0,31,39,15.3,1.22,4.74,1.19,0.948,20,22
3,Sedan,20,33,6.0,3,13.862,6.0,22.8,18.0,10.783,0,20,23,49.42,1.09,4.66,1.09,0.982,19,22
4,SUV,17,31,13.5,7,4.61,13.5,51.3,40.5,86.377,0,31,39,34.36,2.57,4.63,1.02,0.989,21,23
3,Small,19,30,5.0,7,14.244,4.0,15.2,11.0,5.938,0,19,23,21.08,0.82,4.75,1.2,0.944,19,22
2,SUV,17,33,13.5,7,6.863,13.5,51.3,40.5,10.783,0,17,23,6.91,1.87,4.76,1.2,0.926,19,21
5,Small,17,30,4.0,3,11.34,4.0,15.2,12.0,83.097,0,30,39,45.98,3.41,4.74,1.21,0.994,19,21
2,Sedan,20,31,6.0,7,7.831,6.0,22.8,18.0,83.097,0,20,23,8.12,3.09,4.64,1.03,0.961,19,21
5,SUV,20,30,13.5,3,10.231,13.5,51.3,40.5,5.938,0,20,23,50.09,1.99,4.78,1.05,0.99,21,22
2,Sedan,17,31,6.0,7,9.091,6.0,22.8,18.0,5.938,0,17,23,44.68,3.12,4.68,0.93,0.993,20,23
5,Sedan,17,31,6.0,7,5.957,6.0,22.8,18.0,5.938,0,17,23,26.37,0.52,4.76,0.98,0.93,21,22
2,Sedan,19,30,7.0,7,15.741,6.0,22.8,17.0,57.822,0,19,23,24.84,3.28,4.76,1.14,0.988,21,23
4,Small,18,34,4.0,7,9.512,4.0,15.2,12.0,83.097,0,29,34,38.39,0.53,4.74,0.91,0.952,21,21
2,SUV,18,31,13.5,7,4.645,13.5,51.3,40.5,86.377,0,18,23,32.76,2.72,4.77,1.25,0.989,19,22
2,SUV,20,30,13.5,7,13.222,13.5,51.3,40.5,5.938,0,20,23,47.88,3.2,4.77,0.97,0.993,21,23
3,Truck,22,32,17.5,3,5.634,17.5,66.5,52.5,3.045,0,32,39,17.21,2.36,4.79,1.14,0.976,20,22
2,Small,21,31,4.0,7,11.703,4.0,15.2,12.0,57.822,0,31,39,25.19,1.41,4.63,0.98,0.972,21,22
2,SUV,18,32,13.5,3,11.271,13.5,51.3,40.5,83.097,0,32,39,29.16,2.95,4.68,1.12,0.988,19,21
3,Small,22,31,4.0,7,10.054,4.0,15.2,12.0,83.097,0,31,39,49.92,3.36,4.61,1.03,0.994,19,21
5,Small,24,32,6.0,3,16.978,4.0,15.2,10.0,86.377,0,32,39,21.37,1.57,4.63,0.94,0.971,20,21
4,Small,18,29,5.0,7,14.204,4.0,15.2,11.0,83.097,0,18,23,23.81,1.25,4.76,1.2,0.967,21,22
1,Small,20,29,6.0,7,15.733,4.0,15.2,10.0,86.377,0,20,23,8.4,1.84,4.62,0.97,0.937,21,23
3,Small,21,31,4.0,3,8.523,4.0,15.2,12.0,24.344,0,31,39,27.91,1.0,4.7,1.06,0.965,19,22
3,Sedan,18,31,6.0,3,10.356,6.0,22.8,18.0,86.377,0,18,23,34.73,0.84,4.67,1.19,0.966,19,21
4,SUV,17,33,13.5,3,14.429,13.5,51.3,40.5,3.045,0,17,23,45.81,1.97,4.69,1.01,0.989,21,21
1,Small,20,32,4.0,3,6.89,4.0,15.2,12.0,83.097,0,20,23,9.21,0.85,4.71,1.06,0.88,20,23
1,SUV,16,30,13.5,3,9.953,13.5,51.3,40.5,57.822,0,16,23,26.26,2.89,4.73,1.13,0.987,20,22
5,Sedan,20,34,6.0,7,9.437,6.0,22.8,18.0,15.242,0,29,34,14.59,2.32,4.73,0.99,0.971,21,21
1,SUV,23,31,13.5,7,8.226,13.5,51.3,40.5,24.344,0,31,39,43.79,2.4,4.79,1.25,0.991,19,21
5,Small,20,32,4.0,7,5.187,4.0,15.2,12.0,3.045,0,20,23,18.83,1.66,4.61,1.23,0.969,20,23
5,Small,19,31,7.0,3,19.684,4.0,15.2,9.0,24.344,0,31,39,7.61,3.4,4.78,0.91,0.962,20,22
1,Truck,16,34,17.5,7,9.571,17.5,66.5,52.5,15.242,0,29,34,50.06,3.29,4.66,0.95,0.994,19,22
5,Small,17,32,5.0,3,13.609,4.0,15.2,11.0,10.783,0,32,39,33.97,1.13,4.62,1.23,0.974,21,22
3,Small,20,33,6.0,7,14.562,4.0,15.2,10.0,15.242,0,20,23,40.09,1.71,4.61,1.17,0.986,20,23
2,Small,19,30,4.0,3,3.065,4.0,15.2,12.0,3.045,0,19,23,45.18,2.03,4.62,1.06,0.989,20,21
1,Sedan,17,31,6.0,7,10.367,6.0,22.8,18.0,86.377,0,17,23,46.78,0.8,4.65,1.15,0.974,20,22
4,Sedan,19,31,6.0,3,13.233,6.0,22.8,18.0,15.242,0,31,39,28.96,3.47,4.7,1.13,0.99,19,23
1,Small,20,32,4.0,7,7.438,4.0,15.2,12.0,10.783,0,20,23,49.16,2.31,4.76,1.1,0.991,19,22
1,Small,18,35,4.0,3,10.003,4.0,15.2,12.0,5.938,0,18,23,38.98,0.82,4.6,1.02,0.969,19,23
5,Small,18,35,4.0,3,10.671,4.0,15.2,12.0,3.045,0,35,39,23.66,2.52,4.62,1.22,0.983,21,22
2,Small,19,32,4.0,3,5.872,4.0,15.2,12.0,5.938,0,29,32,8.74,3.2,4.62,1.14,0.965,19,22
5,Truck,19,31,17.5,3,7.561,17.5,66.5,52.5,83.097,0,31,39,8.92,1.39,4.66,1.08,0.923,19,21
4,Small,17,32,4.0,7,10.341,4.0,15.2,12.0,10.783,0,17,23,34.83,0.89,4.79,1.14,0.968,20,23
1,SUV,21,34,13.5,7,8.062,13.5,51.3,40.5,57.822,0,29,34,8.37,3.4,4.61,0.9,0.965,19,22
3,Sedan,19,30,6.0,3,9.378,6.0,22.8,18.0,3.045,0,19,23,39.26,1.77,4.62,1.03,0.986,19,21
2,Truck,18,31,17.5,7,11.084,17.5,66.5,52.5,83.097,0,18,23,35.79,3.31,4.76,0.98,0.992,21,21
3,Small,22,32,5.0,7,13.066,4.0,15.2,11.0,3.045,0,32,39,22.12,0.92,4.73,1.21,0.952,19,23
2,Small,20,32,4.0,7,9.205,4.0,15.2,12.0,15.242,0,29,32,11.87,2.81,4.78,1.09,0.97,20,21
4,Small,16,29,4.0,7,9.993,4.0,15.2,12.0,5.938,0,29,39,48.26,1.95,4.7,0.98,0.989,20,23
3,SUV,19,32,13.5,7,7.247,13.5,51.3,40.5,15.242,0,29,32,47.46,2.85,4.61,0.95,0.993,19,23
1,Truck,18,33,17.5,3,12.202,17.5,66.5,52.5,83.097,0,33,39,31.35,0.85,4.72,1.16,0.963,21,23
1,Small,20,31,7.0,7,17.278,4.0,15.2,9.0,15.242,0,20,23,49.28,3.48,4.73,1.24,0.994,21,21
4,Sedan,17,32,6.0,7,10.367,6.0,22.8,18.0,15.242,0,32,39,37.87,1.25,4.69,1.23,0.979,20,23
4,Sedan,21,29,6.0,3,6.228,6.0,22.8,18.0,3.045,0,21,23,28.74,0.76,4.76,1.03,0.955,21,22
4,Sedan,19,32,6.0,3,12.434,6.0,22.8,18.0,5.938,0,19,23,45.4,1.47,4.65,1.11,0.985,19,22
2,SUV,20,31,13.5,3,5.391,13.5,51.3,40.5,3.045,0,20,23,31.69,3.49,4.68,1.16,0.991,19,22
5,Sedan,20,29,6.0,7,8.527,6.0,22.8,18.0,5.938,0,29,39,37.84,3.56,4.66,1.1,0.993,21,22
5,Sedan,19,29,6.0,7,10.265,6.0,22.8,18.0,24.344,0,29,39,35.56,0.66,4.76,1.21,0.958,19,22
5,Small,18,32,4.0,3,10.624,4.0,15.2,12.0,83.097,0,29,32,25.34,1.25,4.71,1.25,0.969,19,21
2,Small,16,31,6.0,3,16.899,4.0,15.2,10.0,86.377,0,31,39,26.86,1.66,4.66,0.97,0.978,19,21
5,SUV,19,32,13.5,7,9.554,13.5,51.3,40.5,86.377,0,32,39,17.85,3.02,4.78,1.08,0.982,19,21
3,Sedan,19,30,6.0,3,9.694,6.0,22.8,18.0,10.783,0,30,39,29.35,0.83,4.68,1.13,0.96,20,23
4,Sedan,19,33,6.0,7,13.793,6.0,22.8,18.0,3.045,0,19,23,10.81,1.65,4.66,1.11,0.945,20,22
2,Small,23,29,5.0,7,12.551,4.0,15.2,11.0,57.822,0,29,39,28.26,1.85,4.76,1.1,0.981,20,23
4,Small,21,32,4.0,3,4.091,4.0,15.2,12.0,15.242,0,32,39,19.92,2.8,4.66,1.17,0.982,19,22
5,Small,19,33,4.0,3,10.169,4.0,15.2,12.0,86.377,0,29,33,23.43,2.87,4.63,1.24,0.985,21,23
4,Small,20,30,4.0,7,10.073,4.0,15.2,12.0,10.783,0,30,39,42.02,0.56,4.72,1.14,0.958,20,21
5,Truck,19,32,17.5,7,5.726,17.5,66.5,52.5,83.097,0,29,32,39.87,0.6,4.7,1.15,0.959,19,21
4,SUV,20,31,13.5,7,9.76,13.5,51.3,40.5,86.377,0,31,39,49.46,0.52,4.72,1.09,0.962,21,21
5,Small,17,30,4.0,3,10.659,4.0,15.2,12.0,3.045,0,17,23,7.59,3.1,4.69,1.13,0.958,21,21
3,Sedan,20,30,6.0,7,9.726,6.0,22.8,18.0,86.377,0,30,39,35.64,2.08,4.72,1.13,0.987,20,21
3,Sedan,23,34,6.0,3,7.356,6.0,22.8,18.0,15.242,0,29,34,22.44,3.48,4.79,0.93,0.987,21,21
4,Small,18,33,5.0,7,13.926,4.0,15.2,11.0,15.242,0,33,39,13.72,2.38,4.64,1.22,0.97,21,22
3,Sedan,20,31,6.0,7,13.805,6.0,22.8,18.0,57.822,0,31,39,7.42,2.04,4.73,1.21,0.936,21,22
1,Sedan,19,31,6.0,7,14.61,6.0,22.8,18.0,83.097,0,31,39,23.43,2.49,4.73,0.94,0.983,20,23
2,Small,20,33,4.0,3,10.43,4.0,15.2,12.0,5.938,0,29,33,41.85,1.3,4.69,1.11,0.982,19,21
1,Sedan,21,35,7.0,3,15.794,6.0,22.8,17.0,83.097,0,35,39,29.96,3.29,4.62,1.12,0.99,20,22
4,Small,20,29,5.0,3,14.321,4.0,15.2,11.0,83.097,0,29,39,26.87,2.06,4.66,1.11,0.982,21,21
5,Small,18,32,4.0,7,8.051,4.0,15.2,12.0,5.938,0,32,39,44.81,1.83,4.79,1.2,0.988,19,23
4,SUV,20,32,13.5,3,5.554,13.5,51.3,40.5,5.938,0,32,39,15.0,3.14,4.76,1.25,0.979,21,22
4,Small,21,32,4.0,3,11.202,4.0,15.2,12.0,57.822,0,32,39,36.98,1.55,4.64,1.15,0.983,20,22
2,Small,19,30,4.0,3,10.467,4.0,15.2,12.0,83.097,0,19,23,19.53,3.18,4.74,1.15,0.984,19,23
4,SUV,18,29,13.5,3,12.649,13.5,51.3,40.5,3.045,0,29,39,11.04,0.82,4.66,1.24,0.895,20,21
2,Small,19,32,4.0,7,10.577,4.0,15.2,12.0,3.045,0,29,32,44.78,1.63,4.75,1.21,0.986,21,22
1,Small,20,32,5.0,7,12.212,4.0,15.2,11.0,5.938,0,20,23,7.31,3.25,4.7,1.19,0.959,19,22
3,Small,20,32,4.0,3,11.532,4.0,15.2,12.0,57.822,0,32,39,32.59,2.4,4.64,1.23,0.987,20,22
3,Small,20,30,4.0,7,9.802,4.0,15.2,12.0,10.783,0,20,23,39.88,3.23,4.68,1.07,0.992,20,21
3,Small,18,32,4.0,3,9.51,4.0,15.2,12.0,5.938,0,29,32,45.83,3.57,4.7,1.0,0.994,19,22
4,Sedan,22,31,6.0,3,6.508,6.0,22.8,18.0,57.822,0,31,39,7.47,0.79,4.79,0.98,0.844,19,21
1,Small,20,33,4.0,3,5.939,4.0,15.2,12.0,3.045,0,33,39,31.83,3.06,4.76,0.96,0.99,21,23
4,Sedan,20,32,6.0,7,6.885,6.0,22.8,18.0,24.344,0,20,23,39.4,0.79,4.74,1.02,0.968,21,22
2,SUV,16,32,13.5,3,10.528,13.5,51.3,40.5,5.938,0,29,32,10.67,1.82,4.68,1.14,0.95,20,23
2,Small,18,30,4.0,3,11.464,4.0,15.2,12.0,3.045,0,18,23,39.73,1.85,4.71,1.22,0.986,19,21
3,Small,19,32,5.0,3,13.324,4.0,15.2,11.0,83.097,0,19,23,36.82,2.93,4.77,0.99,0.991,20,23
2,SUV,19,31,13.5,3,6.513,13.5,51.3,40.5,83.097,0,19,23,8.73,0.88,4.7,1.07,0.878,21,21
2,Sedan,22,31,6.0,7,11.935,6.0,22.8,18.0,86.377,0,31,39,23.63,3.39,4.68,0.95,0.988,20,22
2,Sedan,21,31,6.0,7,9.368,6.0,22.8,18.0,24.344,0,21,23,47.75,1.15,4.6,1.15,0.982,20,23
3,Small,17,29,4.0,7,8.097,4.0,15.2,12.0,15.242,0,17,23,25.51,0.81,4.68,0.97,0.953,19,23
3,SUV,18,30,13.5,7,12.675,13.5,51.3,40.5,24.344,0,30,39,13.21,1.57,4.78,1.13,0.953,21,21
4,SUV,19,33,13.5,3,7.472,13.5,51.3,40.5,57.822,0,33,39,15.88,1.03,4.78,0.97,0.941,20,23
5,SUV,19,34,13.5,3,16.776,13.5,51.3,40.5,15.242,0,19,23,33.76,1.68,4.6,0.93,0.983,21,23
3,Small,20,32,5.0,3,14.2,4.0,15.2,11.0,86.377,0,20,23,50.04,2.68,4.67,0.91,0.993,21,22
3,Small,19,31,5.0,3,11.9,4.0,15.2,11.0,86.377,0,19,23,38.32,3.16,4.72,1.12,0.992,19,23
1,Truck,16,33,17.5,3,4.324,17.5,66.5,52.5,15.242,0,33,39,39.45,1.35,4.65,1.18,0.981,19,23
1,SUV,16,29,13.5,7,10.765,13.5,51.3,40.5,86.377,0,16,23,22.52,3.17,4.73,0.97,0.986,20,22
4,Sedan,19,31,6.0,3,9.749,6.0,22.8,18.0,86.377,0,31,39,9.88,3.17,4.61,1.02,0.969,19,22
1,Truck,20,32,17.5,7,4.48,17.5,66.5,52.5,5.938,0,20,23,48.63,0.86,4.61,1.06,0.976,20,23
2,Small,21,32,4.0,3,7.551,4.0,15.2,12.0,3.045,0,32,39,23.5,3.49,4.64,0.93,0.988,19,22
5,Sedan,17,32,6.0,3,7.596,6.0,22.8,18.0,83.097,0,29,32,47.83,0.75,4.74,1.05,0.973,20,21
1,SUV,19,32,13.5,3,6.741,13.5,51.3,40.5,10.783,0,32,39,42.13,1.93,4.63,1.21,0.988,20,21
2,Truck,18,32,17.5,7,12.011,17.5,66.5,52.5,86.377,0,29,32,42.22,2.47,4.76,1.16,0.99,20,21
4,SUV,21,32,13.5,3,7.088,13.5,51.3,40.5,57.822,0,32,39,32.65,3.35,4.66,0.92,0.991,21,21
5,Sedan,23,35,6.0,3,13.941,6.0,22.8,18.0,83.097,0,29,35,38.16,0.59,4.71,1.01,0.957,21,21
2,Truck,19,29,17.5,3,14.068,17.5,66.5,52.5,86.377,0,29,39,32.29,1.28,4.77,1.01,0.976,21,22
5,Sedan,20,30,6.0,7,2.739,6.0,22.8,18.0,83.097,0,20,23,47.26,2.74,4.74,0.99,0.992,19,23
2,SUV,19,32,13.5,3,3.554,13.5,51.3,40.5,86.377,0,19,23,24.42,1.28,4.66,0.96,0.969,19,21
3,Sedan,19,33,6.0,3,1.8,6.0,22.8,18.0,83.097,0,29,33,29.22,1.98,4.77,1.18,0.983,19,22
1,Small,17,31,4.0,3,7.99,4.0,15.2,12.0,83.097,0,17,23,28.14,2.94,4.74,1.2,0.988,21,22
2,Small,20,32,4.0,7,5.394,4.0,15.2,12.0,57.822,0,29,32,27.95,1.47,4.7,1.05,0.976,21,21
1,Sedan,20,31,6.0,3,7.3,6.0,22.8,18.0,15.242,0,20,23,35.4,0.67,4.7,0.95,0.959,19,23
3,Small,20,31,5.0,7,13.162,4.0,15.2,11.0,24.344,0,20,23,35.69,2.97,4.74,1.02,0.991,20,22
4,Small,20,32,7.0,7,18.3,4.0,15.2,9.0,57.822,0,32,39,25.61,3.11,4.77,0.96,0.988,21,21
1,SUV,19,32,13.5,3,8.29,13.5,51.3,40.5,83.097,0,29,32,43.66,3.01,4.7,1.03,0.992,20,22
2,Small,20,32,4.0,7,11.213,4.0,15.2,12.0,15.242,0,29,32,37.04,1.73,4.73,1.22,0.985,19,21
2,Small,17,34,4.0,3,10.828,4.0,15.2,12.0,5.938,0,29,34,13.47,0.9,4.62,1.12,0.921,20,21
1,Small,19,30,4.0,7,3.151,4.0,15.2,12.0,83.097,0,19,23,8.13,2.58,4.76,0.9,0.953,19,22
5,SUV,17,31,13.5,7,12.177,13.5,51.3,40.5,57.822,0,31,39,10.61,1.96,4.79,0.98,0.953,20,21
5,SUV,21,30,13.5,3,5.903,13.5,51.3,40.5,57.822,0,21,23,41.75,0.89,4.7,1.11,0.973,20,21
3,Truck,20,30,17.5,7,9.996,17.5,66.5,52.5,15.242,0,30,39,40.27,2.25,4.77,1.17,0.989,20,21
1,Sedan,19,30,6.0,3,8.824,6.0,22.8,18.0,57.822,0,19,23,48.2,0.98,4.76,0.9,0.979,19,22
3,Small,21,32,4.0,7,9.143,4.0,15.2,12.0,24.344,0,29,32,32.18,1.56,4.72,0.98,0.98,19,22
4,Small,19,32,4.0,7,8.517,4.0,15.2,12.0,57.822,0,32,39,45.41,2.95,4.67,0.92,0.993,19,22
5,SUV,20,32,13.5,7,16.277,13.5,51.3,40.5,10.783,0,32,39,36.72,2.37,4.65,0.93,0.989,21,22
5,Small,19,29,4.0,7,8.988,4.0,15.2,12.0,57.822,0,19,23,37.5,1.0,4.6,1.12,0.974,19,22
4,Sedan,18,33,6.0,7,5.07,6.0,22.8,18.0,5.938,0,18,23,11.71,2.51,4.78,1.14,0.967,21,22
1,Sedan,20,32,6.0,7,9.806,6.0,22.8,18.0,83.097,0,29,32,40.77,2.83,4.79,0.92,0.991,21,23
3,Small,18,31,4.0,3,11.673,4.0,15.2,12.0,10.783,0,31,39,44.82,2.81,4.67,1.21,0.992,20,23
2,Sedan,19,31,6.0,7,10.442,6.0,22.8,18.0,57.822,0,19,23,35.54,1.76,4.7,1.08,0.984,20,23
5,SUV,18,33,13.5,3,10.326,13.5,51.3,40.5,15.242,0,29,33,11.44,1.66,4.74,1.12,0.949,19,21
3,Small,20,34,4.0,3,8.051,4.0,15.2,12.0,10.783,0,34,39,18.67,2.11,4.67,0.93,0.975,19,23
4,Truck,19,30,17.5,7,7.486,17.5,66.5,52.5,24.344,0,19,23,40.65,2.04,4.75,0.92,0.988,19,21
4,Small,20,32,5.0,7,13.72,4.0,15.2,11.0,15.242,0,32,39,39.91,1.21,4.62,0.94,0.98,21,23
1,Truck,20,36,17.5,3,9.126,17.5,66.5,52.5,86.377,0,36,39,50.08,2.48,4.78,1.18,0.992,21,23
4,Small,18,33,4.0,7,6.892,4.0,15.2,12.0,3.045,0,33,39,11.75,1.6,4.8,1.24,0.948,19,21
1,Small,22,32,7.0,7,18.159,4.0,15.2,9.0,3.045,0,29,32,32.91,2.68,4.76,1.22,0.989,21,22
4,Truck,19,34,17.5,7,11.886,17.5,66.5,52.5,83.097,0,34,39,18.3,1.35,4.73,1.01,0.96,20,23
3,Sedan,17,33,6.0,3,12.15,6.0,22.8,18.0,86.377,0,17,23,10.47,0.95,4.74,1.04,0.904,20,22
2,Small,17,34,4.0,7,9.879,4.0,15.2,12.0,57.822,0,17,23,22.2,1.89,4.64,0.94,0.976,19,21
1,Small,20,32,4.0,7,5.986,4.0,15.2,12.0,10.783,0,32,39,40.43,0.76,4.63,1.07,0.968,20,23
3,Small,20,34,4.0,7,7.673,4.0,15.2,12.0,57.822,0,20,23,32.95,1.32,4.64,1.18,0.977,21,23
2,SUV,19,32,13.5,3,3.23,13.5,51.3,40.5,57.822,0,19,23,38.62,2.26,4.76,0.9,0.989,19,23
2,SUV,18,29,13.5,7,7.385,13.5,51.3,40.5,10.783,0,18,23,48.71,3.12,4.6,1.11,0.993,19,21
4,SUV,19,33,13.5,7,9.23,13.5,51.3,40.5,10.783,0,19,23,18.85,2.8,4.72,1.14,0.981,21,23
5,Sedan,18,30,6.0,7,12.947,6.0,22.8,18.0,83.097,0,18,23,14.55,1.87,4.67,1.06,0.964,20,23
3,SUV,20,31,13.5,7,9.174,13.5,51.3,40.5,5.938,0,31,39,39.77,3.4,4.64,1.08,0.993,20,23
1,SUV,20,30,13.5,7,2.349,13.5,51.3,40.5,24.344,0,20,23,32.59,0.8,4.61,1.16,0.962,19,22
3,Truck,22,30,17.5,7,7.661,17.5,66.5,52.5,57.822,0,30,39,40.45,0.74,4.76,0.93,0.967,21,21
2,Sedan,17,31,6.0,3,6.857,6.0,22.8,18.0,10.783,0,17,23,22.1,2.04,4.65,0.98,0.978,19,23
5,Sedan,17,30,6.0,3,8.984,6.0,22.8,18.0,57.822,0,30,39,35.56,1.49,4.79,1.14,0.981,21,22
1,SUV,19,32,13.5,3,12.89,13.5,51.3,40.5,86.377,0,32,39,29.73,1.73,4.6,0.98,0.981,19,22
1,SUV,22,32,13.5,7,6.631,13.5,51.3,40.5,86.377,0,29,32,34.54,2.44,4.77,0.9,0.988,19,23
2,Small,18,30,4.0,3,4.734,4.0,15.2,12.0,24.344,0,30,39,7.28,1.72,4.7,1.06,0.923,21,22
1,Small,19,31,4.0,7,9.599,4.0,15.2,12.0,83.097,0,19,23,44.28,2.13,4.78,0.99,0.989,21,22
5,Truck,19,31,17.5,7,16.528,17.5,66.5,52.5,3.045,0,19,23,38.12,0.57,4.74,1.02,0.955,21,21
1,SUV,20,29,13.5,7,8.902,13.5,51.3,40.5,24.344,0,29,39,45.11,3.55,4.66,1.08,0.994,19,21
5,Small,18,30,4.0,7,5.604,4.0,15.2,12.0,57.822,0,30,39,48.12,2.67,4.67,1.14,0.992,21,22
1,Truck,21,34,17.5,3,7.699,17.5,66.5,52.5,5.938,0,34,39,37.17,0.69,4.74,1.0,0.962,21,21
4,Truck,16,30,17.5,7,18.027,17.5,66.5,52.5,3.045,0,30,39,46.32,3.56,4.7,1.1,0.994,21,21
5,Small,18,33,4.0,7,1.601,4.0,15.2,12.0,86.377,0,18,23,26.45,1.91,4.79,1.14,0.98,19,21
1,Sedan,21,30,6.0,7,6.557,6.0,22.8,18.0,83.097,0,30,39,44.47,1.96,4.71,1.13,0.989,19,21
1,Small,20,33,5.0,3,13.616,4.0,15.2,11.0,15.242,0,33,39,49.96,0.78,4.6,1.25,0.975,21,21
4,Small,17,32,7.0,7,17.752,4.0,15.2,9.0,57.822,0,17,23,32.37,1.28,4.65,1.08,0.976,21,21
5,Small,18,33,4.0,3,1.448,4.0,15.2,12.0,83.097,0,29,33,49.73,0.61,4.76,1.19,0.968,21,23
3,Small,20,30,5.0,7,14.43,4.0,15.2,11.0,83.097,0,20,23,10.5,2.26,4.62,1.08,0.959,20,23
2,Sedan,16,30,6.0,3,12.89,6.0,22.8,18.0,5.938,0,16,23,35.56,3.0,4.77,1.05,0.991,20,21
1,Sedan,17,34,6.0,7,9.903,6.0,22.8,18.0,86.377,0,34,39,42.98,2.5,4.62,1.13,0.991,20,22
3,Small,21,33,5.0,7,13.91,4.0,15.2,11.0,86.377,0,29,33,38.81,0.7,4.79,0.96,0.964,21,22
5,Sedan,18,32,6.0,7,11.285,6.0,22.8,18.0,10.783,0,29,32,18.46,1.69,4.65,1.07,0.968,21,23
5,Sedan,20,33,6.0,3,14.234,6.0,22.8,18.0,86.377,0,20,23,39.0,3.43,4.62,1.05,0.993,20,23
3,Small,19,31,6.0,7,15.962,4.0,15.2,10.0,83.097,0,31,39,27.25,2.7,4.6,1.16,0.987,20,22
2,Small,23,30,4.0,3,9.463,4.0,15.2,12.0,86.377,0,30,39,12.19,1.11,4.69,1.07,0.929,21,22
3,Small,21,32,4.0,7,8.414,4.0,15.2,12.0,5.938,0,29,32,29.41,2.41,4.68,1.17,0.986,19,23
5,Small,22,29,4.0,3,11.501,4.0,15.2,12.0,10.783,0,29,39,21.79,1.17,4.74,1.23,0.962,20,23
5,SUV,22,30,13.5,3,8.384,13.5,51.3,40.5,15.242,0,30,39,22.76,3.51,4.76,1.19,0.988,21,21
4,Sedan,19,31,6.0,3,8.805,6.0,22.8,18.0,15.242,0,31,39,21.34,1.83,4.77,1.16,0.975,21,21
2,Truck,17,31,17.5,3,4.674,17.5,66.5,52.5,24.344,0,17,23,10.52,1.5,4.77,0.97,0.939,20,22
4,Small,18,34,6.0,7,14.557,4.0,15.2,10.0,15.242,0,29,34,8.27,2.79,4.79,1.1,0.958,19,23
4,SUV,16,30,13.5,3,12.382,13.5,51.3,40.5,83.097,0,16,23,49.53,2.32,4.78,1.23,0.991,19,23
3,SUV,20,31,13.5,3,10.448,13.5,51.3,40.5,10.783,0,20,23,48.3,2.15,4.65,1.12,0.99,21,23
4,Small,22,31,7.0,3,17.687,4.0,15.2,9.0,83.097,0,31,39,45.28,3.34,4.7,0.93,0.993,21,23
2,Sedan,17,31,6.0,3,10.573,6.0,22.8,18.0,24.344,0,17,23,36.82,2.98,4.61,1.08,0.991,21,23
1,SUV,19,31,13.5,3,18.072,13.5,51.3,40.5,83.097,0,19,23,37.35,2.16,4.68,1.15,0.988,21,22
4,Small,18,30,4.0,3,11.059,4.0,15.2,12.0,10.783,0,18,23,19.03,1.3,4.75,1.23,0.96,20,22
3,Sedan,16,29,6.0,7,10.3,6.0,22.8,18.0,5.938,0,16,23,20.5,2.55,4.62,0.96,0.981,20,22
3,SUV,23,32,13.5,7,12.114,13.5,51.3,40.5,24.344,0,29,32,17.36,1.86,4.64,1.04,0.97,19,21
1,SUV,16,31,13.5,7,7.297,13.5,51.3,40.5,83.097,0,31,39,38.9,1.85,4.79,0.96,0.986,19,22
4,SUV,20,30,13.5,3,11.225,13.5,51.3,40.5,3.045,0,20,23,14.14,0.61,4.7,1.0,0.891,21,22
5,SUV,20,33,13.5,7,9.006,13.5,51.3,40.5,5.938,0,20,23,45.57,3.36,4.61,1.23,0.993,19,22
2,SUV,18,33,13.5,7,15.791,13.5,51.3,40.5,15.242,0,18,23,41.84,1.25,4.65,0.98,0.981,20,21
3,Small,20,32,4.0,3,6.65,4.0,15.2,12.0,86.377,0,29,32,42.3,2.82,4.76,1.09,0.992,21,22
5,SUV,19,31,13.5,3,7.452,13.5,51.3,40.5,24.344,0,31,39,11.62,3.33,4.77,1.04,0.974,19,22
4,Small,18,32,4.0,7,5.252,4.0,15.2,12.0,83.097,0,18,23,10.09,0.67,4.61,1.19,0.862,19,23
1,Sedan,22,30,6.0,3,12.728,6.0,22.8,18.0,57.822,0,30,39,31.92,2.26,4.68,0.99,0.986,21,22
1,SUV,18,31,13.5,7,8.926,13.5,51.3,40.5,10.783,0,31,39,49.46,1.69,4.8,0.91,0.988,21,21
1,Small,18,33,4.0,7,6.042,4.0,15.2,12.0,15.242,0,18,23,31.83,0.91,4.71,1.2,0.966,21,23
1,Sedan,21,29,6.0,7,9.613,6.0,22.8,18.0,10.783,0,21,23,25.44,0.8,4.75,1.05,0.952,21,22
3,SUV,19,31,13.5,7,3.1,13.5,51.3,40.5,15.242,0,31,39,13.71,3.56,4.74,1.04,0.98,20,23
2,Sedan,20,30,7.0,7,16.303,6.0,22.8,17.0,86.377,0,30,39,9.44,1.54,4.75,0.97,0.934,20,22
2,Small,20,31,7.0,7,17.41,4.0,15.2,9.0,3.045,0,31,39,12.73,2.38,4.7,1.01,0.968,20,21
3,Small,21,31,4.0,7,10.422,4.0,15.2,12.0,5.938,0,21,23,23.55,3.15,4.68,1.17,0.987,21,22
1,Small,17,31,6.0,7,14.637,4.0,15.2,10.0,10.783,0,17,23,40.31,1.87,4.68,1.15,0.987,21,23
2,Small,23,30,4.0,3,8.928,4.0,15.2,12.0,3.045,0,30,39,32.59,2.63,4.66,1.0,0.988,20,23
4,Small,21,29,4.0,3,8.267,4.0,15.2,12.0,3.045,0,21,23,13.62,3.21,4.71,0.95,0.977,19,23
4,Small,18,35,4.0,3,8.396,4.0,15.2,12.0,3.045,0,35,39,27.25,3.26,4.79,1.11,0.989,20,21
4,SUV,20,32,13.5,3,11.237,13.5,51.3,40.5,24.344,0,20,23,44.45,2.0,4.79,1.04,0.989,21,23
2,Sedan,20,30,6.0,7,8.273,6.0,22.8,18.0,86.377,0,20,23,35.0,2.35,4.7,1.15,0.988,21,21
5,SUV,18,33,13.5,3,4.084,13.5,51.3,40.5,86.377,0,33,39,36.57,2.48,4.62,1.15,0.989,20,22
3,Small,18,34,5.0,3,12.245,4.0,15.2,11.0,86.377,0,18,23,13.52,1.46,4.68,1.12,0.951,21,23
1,Small,20,30,4.0,7,10.924,4.0,15.2,12.0,15.242,0,30,39,18.57,3.07,4.65,1.23,0.983,20,21
4,Small,22,29,4.0,3,9.987,4.0,15.2,12.0,10.783,0,29,39,40.16,1.84,4.64,1.22,0.987,20,22
4,Small,18,30,4.0,3,5.973,4.0,15.2,12.0,57.822,0,18,23,41.97,1.28,4.67,0.97,0.982,21,22
2,Sedan,18,32,6.0,7,10.74,6.0,22.8,18.0,57.822,0,29,32,12.25,1.2,4.78,1.04,0.934,21,23
4,Sedan,18,30,6.0,7,8.759,6.0,22.8,18.0,83.097,0,18,23,36.93,1.05,4.62,1.21,0.975,20,22
3,SUV,21,31,13.5,3,5.178,13.5,51.3,40.5,57.822,0,21,23,46.18,0.81,4.62,0.91,0.974,19,21
4,SUV,20,30,13.5,7,6.75,13.5,51.3,40.5,24.344,0,30,39,19.12,3.11,4.62,0.93,0.983,21,21
5,Sedan,19,31,6.0,3,11.076,6.0,22.8,18.0,24.344,0,31,39,28.37,0.99,4.8,0.91,0.965,21,23
1,Small,17,31,4.0,3,10.309,4.0,15.2,12.0,83.097,0,17,23,9.86,2.94,4.77,0.99,0.966,19,23
3,Sedan,18,33,6.0,7,8.259,6.0,22.8,18.0,3.045,0,18,23,36.0,3.0,4.69,1.12,0.991,20,22
5,Truck,16,30,17.5,7,10.8,17.5,66.5,52.5,5.938,0,30,39,28.92,2.03,4.62,1.18,0.983,20,22
2,Sedan,16,30,6.0,3,11.198,6.0,22.8,18.0,15.242,0,16,23,40.05,0.64,4.7,1.05,0.962,20,22
1,SUV,18,32,13.5,3,13.297,13.5,51.3,40.5,83.097,0,18,23,8.51,1.25,4.7,1.13,0.91,20,22
4,Small,18,31,4.0,7,8.095,4.0,15.2,12.0,24.344,0,31,39,15.04,2.75,4.79,1.01,0.976,20,23
5,SUV,18,29,13.5,3,11.244,13.5,51.3,40.5,57.822,0,29,39,45.93,1.38,4.64,1.03,0.984,19,22
3,Small,18,33,4.0,3,7.97,4.0,15.2,12.0,5.938,0,29,33,48.8,1.9,4.69,0.99,0.989,21,23
2,Truck,18,31,17.5,3,11.82,17.5,66.5,52.5,5.938,0,18,23,42.2,1.93,4.64,1.01,0.988,19,22
1,Small,19,31,4.0,7,8.468,4.0,15.2,12.0,3.045,0,19,23,31.26,1.23,4.64,1.14,0.974,19,22
3,Small,18,32,5.0,3,14.454,4.0,15.2,11.0,15.242,0,18,23,22.87,2.63,4.69,0.9,0.984,20,21
2,Small,19,29,4.0,7,8.723,4.0,15.2,12.0,83.097,0,29,39,17.47,1.8,4.67,1.22,0.969,21,22
3,Small,17,31,4.0,7,6.118,4.0,15.2,12.0,10.783,0,17,23,21.55,2.09,4.65,1.18,0.978,21,22
5,Small,19,31,4.0,7,4.51,4.0,15.2,12.0,15.242,0,19,23,26.21,1.71,4.69,1.02,0.978,20,21
4,Small,19,33,5.0,3,13.34,4.0,15.2,11.0,83.097,0,33,39,35.58,1.81,4.73,0.93,0.985,20,21
2,Sedan,17,30,6.0,3,13.088,6.0,22.8,18.0,15.242,0,17,23,25.75,3.08,4.7,1.19,0.987,21,22
5,Small,23,32,4.0,3,10.421,4.0,15.2,12.0,3.045,0,32,39,46.64,3.31,4.63,1.08,0.994,20,21
4,Truck,21,32,17.5,3,6.688,17.5,66.5,52.5,5.938,0,21,23,10.66,1.75,4.76,0.95,0.948,19,23
4,SUV,23,33,13.5,7,5.564,13.5,51.3,40.5,24.344,0,29,33,19.55,1.92,4.77,1.02,0.974,19,23
3,Small,19,32,4.0,3,7.802,4.0,15.2,12.0,15.242,0,32,39,31.96,0.53,4.7,1.18,0.943,19,23
2,SUV,17,32,13.5,7,10.932,13.5,51.3,40.5,5.938,0,17,23,29.82,2.42,4.75,1.18,0.986,21,23
4,Small,17,29,4.0,3,6.507,4.0,15.2,12.0,3.045,0,17,23,26.57,0.87,4.7,1.11,0.958,20,23
1,Sedan,19,33,6.0,7,8.598,6.0,22.8,18.0,3.045,0,19,23,28.76,3.06,4.77,0.93,0.989,19,23
2,Truck,20,31,17.5,7,12.851,17.5,66.5,52.5,83.097,0,20,23,31.21,1.9,4.73,1.02,0.983,21,21
1,Sedan,18,29,6.0,3,12.115,6.0,22.8,18.0,15.242,0,29,39,39.52,1.14,4.71,1.03,0.978,20,22
3,Small,17,30,6.0,7,16.401,4.0,15.2,10.0,5.938,0,30,39,8.26,3.46,4.66,1.01,0.966,20,23
4,Sedan,20,33,6.0,3,13.537,6.0,22.8,18.0,15.242,0,20,23,18.2,1.78,4.66,1.15,0.97,19,22
5,Small,22,32,4.0,7,10.163,4.0,15.2,12.0,10.783,0,29,32,33.77,2.06,4.68,0.92,0.986,20,21
1,Small,20,32,5.0,3,12.554,4.0,15.2,11.0,10.783,0,20,23,14.2,0.63,4.62,1.06,0.894,20,21
1,Sedan,20,32,6.0,3,8.26,6.0,22.8,18.0,3.045,0,20,23,19.55,1.54,4.68,0.94,0.967,21,22
2,Sedan,17,35,6.0,3,2.425,6.0,22.8,18.0,5.938,0,35,39,45.73,2.14,4.72,0.91,0.99,19,23
2,Small,20,29,5.0,7,12.579,4.0,15.2,11.0,57.822,0,29,39,30.6,3.36,4.71,1.06,0.99,20,21
1,Small,17,32,4.0,7,3.028,4.0,15.2,12.0,3.045,0,29,32,49.45,2.46,4.62,1.14,0.992,21,22
2,Sedan,16,32,6.0,7,9.873,6.0,22.8,18.0,3.045,0,32,39,49.37,2.65,4.62,0.99,0.992,19,23
5,Truck,20,31,17.5,7,13.711,17.5,66.5,52.5,57.822,0,31,39,9.61,3.05,4.69,1.25,0.966,21,23
1,SUV,18,29,13.5,7,10.518,13.5,51.3,40.5,83.097,0,18,23,28.03,0.68,4.68,1.04,0.949,19,21
5,SUV,21,32,13.5,7,11.955,13.5,51.3,40.5,10.783,0,21,23,45.66,0.53,4.79,1.09,0.96,21,22
5,Sedan,18,30,6.0,7,7.387,6.0,22.8,18.0,15.242,0,30,39,35.59,2.76,4.69,1.09,0.99,20,21
2,Small,21,32,4.0,3,8.395,4.0,15.2,12.0,15.242,0,21,23,11.66,3.59,4.6,0.97,0.976,19,23
4,SUV,17,32,13.5,7,3.224,13.5,51.3,40.5,57.822,0,17,23,41.48,1.34,4.65,1.07,0.982,19,22
4,Sedan,23,32,6.0,7,11.489,6.0,22.8,18.0,57.822,0,29,32,33.88,1.03,4.75,1.24,0.972,21,21
3,Sedan,20,32,6.0,3,11.408,6.0,22.8,18.0,24.344,0,20,23,27.3,0.89,4.75,0.95,0.96,20,22
1,Sedan,20,32,8.0,7,17.592,6.0,22.8,16.0,10.783,0,29,32,37.57,3.48,4.69,1.04,0.992,19,21
3,SUV,21,32,13.5,7,14.174,13.5,51.3,40.5,3.045,0,21,23,16.09,1.56,4.67,0.94,0.961,20,23
5,Sedan,21,35,6.0,3,5.088,6.0,22.8,18.0,24.344,0,29,35,7.93,1.76,4.79,1.03,0.931,20,23
2,Sedan,19,34,6.0,7,9.266,6.0,22.8,18.0,86.377,0,29,34,36.75,1.18,4.79,1.2,0.977,20,21
5,Truck,16,31,17.5,7,9.644,17.5,66.5,52.5,3.045,0,16,23,9.21,2.14,4.68,1.02,0.951,21,21
2,Sedan,19,30,6.0,7,9.336,6.0,22.8,18.0,10.783,0,30,39,40.81,0.65,4.7,0.93,0.963,19,22
3,Sedan,20,31,6.0,3,11.443,6.0,22.8,18.0,83.097,0,20,23,46.06,0.58,4.76,0.96,0.963,21,21
1,SUV,19,31,13.5,3,11.491,13.5,51.3,40.5,83.097,0,31,39,32.97,2.96,4.66,1.18,0.99,21,22
3,Small,18,32,5.0,3,13.347,4.0,15.2,11.0,57.822,0,32,39,20.22,0.92,4.78,1.12,0.948,20,22
2,Sedan,18,32,6.0,7,3.85,6.0,22.8,18.0,3.045,0,18,23,30.4,1.47,4.64,1.16,0.978,21,23
2,SUV,20,31,13.5,7,11.824,13.5,51.3,40.5,24.344,0,20,23,12.53,2.31,4.72,1.15,0.966,21,23
1,Small,20,32,6.0,3,15.934,4.0,15.2,10.0,3.045,0,20,23,46.14,3.1,4.73,0.95,0.993,21,22
4,Small,18,30,6.0,3,14.843,4.0,15.2,10.0,83.097,0,18,23,29.64,3.34,4.68,1.21,0.99,21,21
1,Truck,20,32,17.5,7,11.412,17.5,66.5,52.5,5.938,0,32,39,39.24,1.46,4.6,1.11,0.983,20,21
5,Small,21,31,4.0,7,5.975,4.0,15.2,12.0,57.822,0,21,23,42.8,0.64,4.75,1.16,0.964,21,21
2,Truck,20,32,17.5,3,4.79,17.5,66.5,52.5,10.783,0,32,39,30.96,3.45,4.7,1.04,0.991,20,23
4,Sedan,20,32,6.0,7,10.6,6.0,22.8,18.0,86.377,0,29,32,37.86,0.94,4.71,1.05,0.972,21,23
5,Truck,18,30,17.5,7,15.32,17.5,66.5,52.5,10.783,0,18,23,12.79,1.25,4.64,0.94,0.939,20,23
3,Small,19,32,4.0,3,11.012,4.0,15.2,12.0,3.045,0,32,39,11.74,0.54,4.78,1.22,0.854,21,22
3,Small,19,34,5.0,3,13.197,4.0,15.2,11.0,15.242,0,19,23,42.85,2.87,4.71,1.11,0.992,20,21
2,SUV,21,34,13.5,7,6.409,13.5,51.3,40.5,5.938,0,21,23,42.97,1.51,4.6,0.94,0.985,19,22
3,Sedan,20,32,6.0,3,10.093,6.0,22.8,18.0,3.045,0,32,39,15.13,1.99,4.74,0.95,0.967,21,23
3,SUV,22,30,13.5,7,9.187,13.5,51.3,40.5,10.783,0,30,39,10.85,3.18,4.75,0.94,0.971,19,23
3,Sedan,19,32,6.0,3,7.942,6.0,22.8,18.0,24.344,0,29,32,48.92,0.76,4.77,0.94,0.973,20,21
3,Sedan,18,31,6.0,7,9.225,6.0,22.8,18.0,57.822,0,31,39,44.16,1.12,4.73,1.21,0.98,20,23
1,Sedan,19,31,6.0,3,15.044,6.0,22.8,18.0,5.938,0,31,39,10.41,0.83,4.79,1.05,0.891,21,22
4,Sedan,19,31,6.0,3,15.087,6.0,22.8,18.0,57.822,0,19,23,15.65,3.4,4.64,1.11,0.981,20,22
5,SUV,16,32,13.5,3,9.377,13.5,51.3,40.5,10.783,0,32,39,45.78,1.94,4.76,0.97,0.989,19,21
2,Sedan,19,34,6.0,7,13.794,6.0,22.8,18.0,83.097,0,34,39,35.77,2.61,4.65,1.16,0.989,21,21
2,SUV,19,30,13.5,7,7.427,13.5,51.3,40.5,86.377,0,30,39,30.07,2.19,4.66,1.13,0.985,21,21
1,Small,19,34,4.0,3,6.905,4.0,15.2,12.0,5.938,0,29,34,33.85,1.58,4.75,1.17,0.981,19,23
1,Small,22,35,4.0,7,9.265,4.0,15.2,12.0,86.377,0,35,39,8.77,1.32,4.62,1.12,0.917,20,21
5,Truck,19,33,17.5,7,8.805,17.5,66.5,52.5,10.783,0,19,23,7.48,3.13,4.6,1.01,0.958,20,22
1,Sedan,19,30,6.0,3,11.119,6.0,22.8,18.0,5.938,0,30,39,31.81,2.08,4.76,0.93,0.985,21,22
4,Sedan,16,33,6.0,7,5.276,6.0,22.8,18.0,57.822,0,29,33,20.19,1.23,4.68,1.17,0.961,20,23
2,Small,19,29,5.0,3,12.306,4.0,15.2,11.0,57.822,0,19,23,34.55,2.91,4.77,0.97,0.99,21,23
2,Small,20,33,4.0,3,11.669,4.0,15.2,12.0,10.783,0,20,23,36.73,1.88,4.79,1.18,0.986,20,22
3,Sedan,19,30,6.0,7,10.197,6.0,22.8,18.0,5.938,0,19,23,32.21,3.2,4.69,1.23,0.99,21,23
5,SUV,18,33,13.5,3,10.175,13.5,51.3,40.5,5.938,0,29,33,27.74,2.19,4.67,1.23,0.984,21,23
5,Small,17,29,5.0,7,12.879,4.0,15.2,11.0,15.242,0,17,23,33.42,3.15,4.65,1.18,0.991,20,22
2,SUV,21,30,13.5,7,5.96,13.5,51.3,40.5,5.938,0,21,23,7.96,2.83,4.61,0.95,0.957,20,22
4,Small,20,30,4.0,3,3.201,4.0,15.2,12.0,24.344,0,30,39,44.8,3.23,4.77,1.03,0.993,21,23
2,Truck,21,33,17.5,3,8.002,17.5,66.5,52.5,15.242,0,33,39,19.3,3.41,4.71,1.03,0.985,20,23
3,Small,19,32,4.0,3,10.589,4.0,15.2,12.0,10.783,0,19,23,17.62,0.7,4.79,1.13,0.922,21,23
2,Small,20,33,4.0,3,7.474,4.0,15.2,12.0,10.783,0,29,33,12.02,0.84,4.63,1.08,0.906,21,21
1,Sedan,20,30,6.0,7,10.93,6.0,22.8,18.0,10.783,0,30,39,26.97,1.7,4.75,1.15,0.978,21,23
3,Small,19,30,4.0,7,9.438,4.0,15.2,12.0,5.938,0,19,23,24.03,2.94,4.74,1.06,0.986,20,21
3,SUV,20,29,13.5,7,7.264,13.5,51.3,40.5,83.097,0,20,23,39.19,1.36,4.72,0.9,0.981,20,23
5,Sedan,21,32,6.0,3,5.57,6.0,22.8,18.0,57.822,0,21,23,8.23,3.46,4.75,1.12,0.965,21,23
1,Sedan,19,30,6.0,7,12.279,6.0,22.8,18.0,10.783,0,19,23,31.49,1.85,4.75,1.18,0.983,20,23
3,Truck,18,31,17.5,7,7.745,17.5,66.5,52.5,83.097,0,31,39,22.64,3.5,4.72,1.19,0.987,21,21
4,Sedan,21,32,7.0,3,15.835,6.0,22.8,17.0,10.783,0,32,39,43.22,2.1,4.72,0.93,0.989,21,21
5,SUV,17,32,13.5,7,8.821,13.5,51.3,40.5,57.822,0,29,32,37.54,3.18,4.76,1.03,0.992,21,23
4,Sedan,22,30,6.0,7,6.433,6.0,22.8,18.0,3.045,0,30,39,24.17,1.79,4.74,1.18,0.977,19,21
5,Truck,17,31,17.5,3,6.78,17.5,66.5,52.5,3.045,0,17,23,9.17,3.07,4.75,0.97,0.965,21,21
4,Sedan,18,31,6.0,3,9.271,6.0,22.8,18.0,3.045,0,31,39,45.27,0.8,4.61,0.96,0.973,19,23
4,Truck,20,32,17.5,3,13.663,17.5,66.5,52.5,57.822,0,32,39,40.47,0.91,4.71,0.98,0.973,21,22
4,Sedan,19,32,6.0,3,9.143,6.0,22.8,18.0,57.822,0,19,23,22.29,2.09,4.75,1.04,0.979,19,23
3,Truck,22,29,17.5,7,13.267,17.5,66.5,52.5,24.344,0,29,39,13.87,2.32,4.72,1.01,0.969,21,21
5,SUV,18,34,13.5,7,12.186,13.5,51.3,40.5,10.783,0,18,23,22.05,1.22,4.75,1.16,0.964,21,23
4,Small,20,33,4.0,3,8.673,4.0,15.2,12.0,15.242,0,20,23,8.39,1.95,4.77,1.09,0.941,19,23
4,Small,20,31,4.0,3,10.984,4.0,15.2,12.0,5.938,0,20,23,15.24,0.65,4.73,1.01,0.904,19,23
3,Small,21,33,5.0,7,13.675,4.0,15.2,11.0,57.822,0,21,23,30.5,3.15,4.61,1.03,0.99,21,22
3,Small,22,32,4.0,7,10.315,4.0,15.2,12.0,5.938,0,32,39,8.04,0.95,4.69,1.05,0.877,20,23
3,Sedan,20,32,6.0,7,5.304,6.0,22.8,18.0,57.822,0,20,23,8.16,1.13,4.74,1.16,0.897,20,23
2,Small,22,29,4.0,7,11.661,4.0,15.2,12.0,5.938,0,29,39,21.51,1.61,4.79,0.91,0.972,19,22
3,SUV,18,30,13.5,3,9.255,13.5,51.3,40.5,57.822,0,18,23,21.36,2.13,4.62,1.14,0.978,19,21
2,Small,19,34,5.0,7,13.054,4.0,15.2,11.0,15.242,0,34,39,38.57,0.99,4.61,0.93,0.974,19,22
4,Small,18,34,4.0,7,7.859,4.0,15.2,12.0,83.097,0,18,23,44.93,2.59,4.73,1.23,0.991,20,23
2,Truck,19,30,17.5,3,10.151,17.5,66.5,52.5,24.344,0,30,39,48.24,0.82,4.73,0.96,0.975,19,22
1,Sedan,18,30,6.0,7,9.384,6.0,22.8,18.0,86.377,0,18,23,27.35,2.5,4.73,0.94,0.985,21,23
3,Small,18,32,4.0,3,3.99,4.0,15.2,12.0,5.938,0,32,39,25.82,2.05,4.72,1.14,0.981,20,23
5,Sedan,21,30,6.0,7,11.025,6.0,22.8,18.0,86.377,0,21,23,16.09,1.43,4.8,0.91,0.957,21,22
4,Small,21,30,4.0,7,11.081,4.0,15.2,12.0,3.045,0,21,23,49.35,0.99,4.73,1.07,0.98,19,22
2,Sedan,21,30,6.0,3,7.887,6.0,22.8,18.0,3.045,0,21,23,38.41,0.8,4.66,1.19,0.968,20,22
2,SUV,18,34,13.5,7,6.104,13.5,51.3,40.5,5.938,0,29,34,20.04,1.78,4.69,0.93,0.972,19,21
2,Truck,19,29,17.5,7,10.868,17.5,66.5,52.5,83.097,0,29,39,16.53,0.61,4.62,1.2,0.906,20,21
5,Sedan,19,30,6.0,3,12.949,6.0,22.8,18.0,83.097,0,19,23,29.05,1.96,4.73,1.12,0.983,21,22
2,SUV,18,31,13.5,3,12.082,13.5,51.3,40.5,3.045,0,18,23,19.4,2.09,4.6,1.13,0.976,20,22
2,Small,18,30,4.0,7,11.383,4.0,15.2,12.0,83.097,0,30,39,20.8,0.53,4.75,1.17,0.913,21,23
3,Truck,22,32,17.5,3,1.439,17.5,66.5,52.5,24.344,0,29,32,8.38,2.19,4.71,1.14,0.947,20,21
2,Sedan,22,30,6.0,7,14.985,6.0,22.8,18.0,24.344,0,30,39,24.89,3.47,4.66,1.2,0.988,20,22
4,Small,20,30,4.0,7,7.107,4.0,15.2,12.0,15.242,0,30,39,48.12,1.57,4.78,1.04,0.987,19,22
5,SUV,21,32,13.5,3,7.866,13.5,51.3,40.5,15.242,0,29,32,19.2,2.87,4.63,1.16,0.982,21,23
5,Small,20,30,5.0,3,12.533,4.0,15.2,11.0,24.344,0,30,39,37.41,1.17,4.62,1.16,0.977,20,23
1,SUV,16,32,13.5,3,9.887,13.5,51.3,40.5,3.045,0,16,23,37.53,0.8,4.76,1.17,0.967,21,22
5,Small,18,33,5.0,3,14.492,4.0,15.2,11.0,86.377,0,33,39,12.42,2.17,4.63,1.19,0.964,20,23
3,Sedan,20,31,6.0,7,13.151,6.0,22.8,18.0,3.045,0,31,39,46.51,3.25,4.72,1.24,0.993,21,22
4,Small,19,34,4.0,7,9.622,4.0,15.2,12.0,3.045,0,34,39,26.67,3.05,4.69,1.17,0.988,19,21
2,SUV,20,29,13.5,7,8.238,13.5,51.3,40.5,15.242,0,20,23,25.87,2.95,4.77,1.0,0.987,21,21
4,Small,18,33,4.0,3,11.845,4.0,15.2,12.0,5.938,0,29,33,15.41,1.46,4.67,0.91,0.957,19,21
3,Small,19,30,4.0,7,3.15,4.0,15.2,12.0,83.097,0,30,39,21.95,0.84,4.72,1.23,0.947,20,21
1,Truck,20,35,17.5,3,5.657,17.5,66.5,52.5,15.242,0,35,39,46.21,1.84,4.68,1.01,0.988,21,21
5,Sedan,21,32,7.0,3,15.667,6.0,22.8,17.0,24.344,0,29,32,32.94,1.42,4.62,1.09,0.979,19,21
4,SUV,20,30,13.5,3,13.521,13.5,51.3,40.5,15.242,0,30,39,21.31,3.14,4.72,1.11,0.985,21,21
2,SUV,17,33,13.5,7,10.963,13.5,51.3,40.5,3.045,0,29,33,38.44,1.95,4.72,1.23,0.987,20,23
3,Truck,19,32,17.5,3,14.212,17.5,66.5,52.5,86.377,0,19,23,30.45,1.59,4.77,0.92,0.98,21,21
3,Sedan,16,32,6.0,3,12.249,6.0,22.8,18.0,86.377,0,32,39,46.17,1.63,4.66,1.21,0.987,21,23
2,SUV,17,31,13.5,7,3.05,13.5,51.3,40.5,83.097,0,31,39,33.71,1.06,4.74,1.06,0.972,19,22
5,Small,21,29,4.0,3,11.839,4.0,15.2,12.0,24.344,0,21,23,41.75,2.22,4.71,0.94,0.989,19,21
2,Sedan,19,29,6.0,7,14.764,6.0,22.8,18.0,5.938,0,19,23,21.48,3.39,4.78,1.03,0.986,20,22
4,Small,21,35,4.0,3,9.275,4.0,15.2,12.0,83.097,0,21,23,33.41,3.41,4.61,0.91,0.991,21,22
1,Truck,18,29,17.5,7,8.701,17.5,66.5,52.5,3.045,0,18,23,14.17,2.98,4.78,1.22,0.977,20,21
4,SUV,19,31,13.5,7,9.176,13.5,51.3,40.5,5.938,0,31,39,31.24,1.79,4.61,1.03,0.982,21,21
1,Small,18,33,5.0,7,13.607,4.0,15.2,11.0,83.097,0,33,39,14.44,1.25,4.6,1.22,0.946,21,21
3,Small,20,34,4.0,3,10.416,4.0,15.2,12.0,3.045,0,34,39,16.44,1.57,4.6,1.04,0.962,19,23
4,Sedan,19,33,6.0,7,8.066,6.0,22.8,18.0,5.938,0,19,23,45.55,1.98,4.74,1.15,0.989,20,22
4,Sedan,21,33,6.0,7,7.374,6.0,22.8,18.0,3.045,0,33,39,16.14,2.37,4.74,1.06,0.974,21,22
3,Sedan,21,32,6.0,7,12.568,6.0,22.8,18.0,57.822,0,32,39,47.61,3.01,4.73,0.95,0.993,21,22
5,Small,17,32,4.0,7,10.983,4.0,15.2,12.0,83.097,0,17,23,44.34,3.12,4.67,1.23,0.993,19,21
5,Truck,18,30,17.5,3,7.434,17.5,66.5,52.5,86.377,0,30,39,33.27,2.8,4.73,1.03,0.989,19,22
1,Truck,24,33,17.5,7,9.898,17.5,66.5,52.5,3.045,0,33,39,7.7,2.85,4.74,1.2,0.955,21,21
2,Small,19,29,5.0,3,13.684,4.0,15.2,11.0,10.783,0,19,23,23.65,1.16,4.76,1.07,0.964,20,23
4,Small,21,31,4.0,3,11.706,4.0,15.2,12.0,3.045,0,21,23,45.4,3.15,4.78,1.18,0.993,21,21
3,Sedan,17,29,6.0,7,7.838,6.0,22.8,18.0,15.242,0,29,39,9.25,3.44,4.71,0.91,0.969,21,22
1,Truck,21,32,17.5,7,14.419,17.5,66.5,52.5,3.045,0,29,32,18.95,0.75,4.64,1.13,0.932,19,21
1,Sedan,18,32,6.0,3,13.873,6.0,22.8,18.0,10.783,0,32,39,12.12,1.16,4.64,1.24,0.931,21,21
4,Small,20,29,4.0,3,11.319,4.0,15.2,12.0,83.097,0,29,39,18.42,1.59,4.6,1.02,0.966,19,23
3,Small,20,31,4.0,3,6.197,4.0,15.2,12.0,24.344,0,31,39,32.3,3.15,4.7,1.09,0.99,21,22
1,Sedan,22,30,6.0,3,10.404,6.0,22.8,18.0,5.938,0,30,39,39.56,3.15,4.73,1.22,0.992,19,22
4,Small,21,31,4.0,7,10.077,4.0,15.2,12.0,3.045,0,31,39,11.35,2.74,4.61,0.97,0.968,20,22
5,Small,22,29,4.0,3,9.699,4.0,15.2,12.0,24.344,0,29,39,16.75,0.62,4.64,1.23,0.908,20,23
1,SUV,18,31,13.5,3,10.676,13.5,51.3,40.5,3.045,0,31,39,30.24,1.97,4.7,1.09,0.983,19,22
4,Small,18,36,4.0,7,9.079,4.0,15.2,12.0,24.344,0,18,23,17.34,3.29,4.71,1.23,0.983,21,23
4,Small,20,30,4.0,7,6.744,4.0,15.2,12.0,3.045,0,30,39,36.07,0.7,4.63,1.1,0.961,19,22
3,Small,20,32,4.0,7,7.083,4.0,15.2,12.0,15.242,0,29,32,10.85,2.61,4.79,1.08,0.965,21,21
3,Small,19,34,5.0,7,12.97,4.0,15.2,11.0,10.783,0,29,34,16.01,2.07,4.7,1.19,0.97,19,23
3,Small,23,32,5.0,7,12.832,4.0,15.2,11.0,5.938,0,32,39,36.37,3.0,4.65,1.02,0.991,21,22
2,SUV,17,32,13.5,7,7.292,13.5,51.3,40.5,10.783,0,29,32,27.12,3.11,4.79,0.93,0.988,19,22
4,Sedan,21,29,6.0,7,10.862,6.0,22.8,18.0,5.938,0,29,39,14.71,2.62,4.67,1.19,0.974,20,22
1,Sedan,19,33,6.0,7,7.878,6.0,22.8,18.0,57.822,0,33,39,20.84,1.44,4.61,0.94,0.967,19,23
3,Sedan,17,35,6.0,7,6.864,6.0,22.8,18.0,10.783,0,17,23,31.17,2.36,4.64,0.97,0.986,20,23
3,Sedan,19,35,6.0,7,11.246,6.0,22.8,18.0,5.938,0,29,35,38.78,2.01,4.65,1.03,0.987,19,21
5,Sedan,18,32,6.0,3,12.372,6.0,22.8,18.0,10.783,0,18,23,16.5,1.71,4.67,1.1,0.965,20,23
5,SUV,17,33,13.5,7,13.536,13.5,51.3,40.5,5.938,0,17,23,47.62,0.9,4.7,1.11,0.977,20,22
5,Small,20,29,4.0,3,7.351,4.0,15.2,12.0,3.045,0,20,23,22.56,0.65,4.7,0.96,0.934,20,22
2,Sedan,17,31,6.0,3,9.731,6.0,22.8,18.0,5.938,0,31,39,41.09,3.31,4.74,0.95,0.993,19,22
3,Small,20,30,4.0,7,8.094,4.0,15.2,12.0,3.045,0,20,23,10.69,1.96,4.7,1.0,0.953,19,22
4,Small,23,33,4.0,7,7.872,4.0,15.2,12.0,83.097,0,29,33,33.47,3.17,4.63,1.17,0.991,21,21
2,Sedan,20,33,6.0,3,13.841,6.0,22.8,18.0,10.783,0,20,23,8.46,3.16,4.66,1.02,0.963,21,21
4,Sedan,18,29,6.0,7,9.464,6.0,22.8,18.0,10.783,0,18,23,37.14,1.61,4.72,1.18,0.983,19,21
2,Small,16,32,4.0,3,8.706,4.0,15.2,12.0,15.242,0,16,23,15.1,3.15,4.73,1.14,0.979,21,23
5,Small,20,33,4.0,7,8.042,4.0,15.2,12.0,5.938,0,33,39,13.85,2.26,4.62,1.14,0.969,20,23
3,Sedan,18,32,6.0,7,12.439,6.0,22.8,18.0,24.344,0,18,23,9.52,2.15,4.63,1.14,0.952,21,21
3,Small,18,30,4.0,3,6.262,4.0,15.2,12.0,3.045,0,30,39,28.86,3.04,4.71,1.0,0.989,20,23
1,Small,16,32,4.0,7,11.813,4.0,15.2,12.0,86.377,0,16,23,11.46,3.02,4.66,1.11,0.972,19,23
5,Truck,17,30,17.5,3,6.569,17.5,66.5,52.5,24.344,0,30,39,23.33,1.3,4.72,1.07,0.968,19,22
2,Small,20,29,4.0,7,6.506,4.0,15.2,12.0,86.377,0,29,39,26.53,1.97,4.62,1.24,0.981,21,21
3,Small,18,32,4.0,3,11.028,4.0,15.2,12.0,3.045,0,32,39,46.03,3.32,4.75,1.19,0.993,20,21
4,Small,21,31,5.0,7,13.702,4.0,15.2,11.0,57.822,0,31,39,32.97,3.41,4.65,0.96,0.991,21,22
1,Truck,20,34,17.5,7,12.126,17.5,66.5,52.5,83.097,0,20,23,28.28,2.47,4.74,0.91,0.986,21,22
4,Small,18,33,4.0,3,10.358,4.0,15.2,12.0,5.938,0,29,33,12.63,3.1,4.6,1.22,0.975,19,23
2,Sedan,19,33,6.0,3,11.939,6.0,22.8,18.0,10.783,0,33,39,46.24,1.16,4.72,1.22,0.982,21,23
5,Small,19,31,4.0,3,9.862,4.0,15.2,12.0,83.097,0,31,39,24.04,1.18,4.6,1.15,0.965,19,21
1,Small,21,31,4.0,7,6.856,4.0,15.2,12.0,3.045,0,21,23,18.16,0.95,4.75,0.95,0.944,20,21
1,Small,21,33,6.0,3,15.009,4.0,15.2,10.0,5.938,0,29,33,29.48,1.68,4.75,1.08,0.98,21,22
5,Small,21,30,5.0,7,13.315,4.0,15.2,11.0,5.938,0,21,23,16.43,2.55,4.78,0.96,0.976,20,23
4,Sedan,19,33,6.0,7,13.958,6.0,22.8,18.0,10.783,0,19,23,47.36,1.29,4.79,1.02,0.984,19,23
5,Sedan,18,31,6.0,3,4.97,6.0,22.8,18.0,57.822,0,18,23,22.73,2.3,4.73,1.25,0.981,20,21
1,Small,22,33,4.0,3,6.17,4.0,15.2,12.0,86.377,0,29,33,35.81,1.69,4.65,1.19,0.984,20,21
4,Small,17,34,4.0,3,8.135,4.0,15.2,12.0,5.938,0,17,23,46.7,3.31,4.78,1.03,0.994,19,21
5,Truck,21,34,17.5,7,10.119,17.5,66.5,52.5,3.045,0,21,23,22.64,1.18,4.61,1.19,0.963,19,22
4,Sedan,19,32,6.0,3,13.267,6.0,22.8,18.0,83.097,0,32,39,35.4,2.58,4.63,0.93,0.989,19,22
2,Truck,20,32,17.5,3,5.194,17.5,66.5,52.5,5.938,0,29,32,42.68,0.82,4.63,1.02,0.972,19,23
1,Sedan,23,30,6.0,7,11.32,6.0,22.8,18.0,3.045,0,30,39,32.42,1.09,4.73,1.05,0.972,20,22
1,Small,17,35,5.0,7,12.376,4.0,15.2,11.0,57.822,0,17,23,44.74,1.74,4.78,0.94,0.987,19,23
3,Sedan,20,31,6.0,3,11.915,6.0,22.8,18.0,57.822,0,20,23,7.11,0.79,4.7,1.23,0.837,19,23
2,Sedan,17,30,6.0,7,14.936,6.0,22.8,18.0,15.242,0,17,23,23.6,0.85,4.77,1.19,0.951,21,22
5,Sedan,17,31,7.0,7,16.982,6.0,22.8,17.0,24.344,0,31,39,24.1,1.87,4.6,1.15,0.978,19,21
5,Small,20,31,6.0,3,16.463,4.0,15.2,10.0,86.377,0,31,39,47.25,2.0,4.74,1.04,0.989,21,22
1,Small,19,30,4.0,7,5.062,4.0,15.2,12.0,57.822,0,19,23,38.93,2.6,4.77,1.21,0.99,21,21
3,Truck,19,31,17.5,7,11.797,17.5,66.5,52.5,24.344,0,19,23,40.55,3.43,4.79,0.95,0.993,19,21
4,Small,19,30,4.0,3,9.921,4.0,15.2,12.0,86.377,0,30,39,25.44,3.51,4.6,0.97,0.989,20,22
5,Small,20,30,4.0,7,3.851,4.0,15.2,12.0,5.938,0,30,39,37.12,2.63,4.62,0.98,0.99,20,23
1,Small,19,34,4.0,3,6.67,4.0,15.2,12.0,5.938,0,34,39,37.17,2.95,4.74,0.95,0.991,21,21
2,Small,19,32,4.0,3,10.71,4.0,15.2,12.0,24.344,0,29,32,29.23,2.91,4.63,1.1,0.988,19,23
5,Sedan,21,31,6.0,7,7.403,6.0,22.8,18.0,3.045,0,21,23,47.78,2.11,4.67,0.97,0.99,19,22
1,Truck,18,30,17.5,7,8.655,17.5,66.5,52.5,57.822,0,30,39,13.12,1.32,4.65,1.16,0.944,19,21
1,Truck,20,32,17.5,3,11.164,17.5,66.5,52.5,86.377,0,32,39,9.73,2.14,4.72,1.11,0.953,20,22
2,Small,19,31,6.0,7,14.617,4.0,15.2,10.0,15.242,0,19,23,44.43,2.93,4.7,1.09,0.992,20,21
3,Truck,19,30,17.5,3,11.07,17.5,66.5,52.5,57.822,0,19,23,15.43,3.5,4.73,1.1,0.982,21,21
5,SUV,18,30,13.5,3,15.931,13.5,51.3,40.5,10.783,0,18,23,19.6,1.05,4.62,1.11,0.953,20,23
1,Small,19,30,4.0,3,6.791,4.0,15.2,12.0,15.242,0,19,23,21.11,1.7,4.79,0.93,0.973,20,21
5,Small,18,31,5.0,7,12.655,4.0,15.2,11.0,3.045,0,31,39,9.39,2.45,4.63,1.09,0.957,19,21
4,Small,21,33,4.0,3,10.186,4.0,15.2,12.0,86.377,0,21,23,41.67,2.22,4.71,0.9,0.989,21,23
1,SUV,20,33,13.5,7,5.729,13.5,51.3,40.5,3.045,0,29,33,31.97,0.99,4.74,1.05,0.969,19,22
5,SUV,18,29,13.5,7,9.966,13.5,51.3,40.5,3.045,0,29,39,39.1,2.42,4.63,1.06,0.989,20,22
1,Sedan,21,30,7.0,7,16.397,6.0,22.8,17.0,83.097,0,30,39,41.74,0.66,4.7,1.16,0.964,20,21
4,Small,17,30,4.0,3,7.911,4.0,15.2,12.0,15.242,0,17,23,40.84,2.38,4.69,1.18,0.99,20,21
3,Small,20,35,4.0,3,6.557,4.0,15.2,12.0,3.045,0,35,39,49.1,2.83,4.73,1.08,0.993,20,22
1,Sedan,20,31,6.0,7,10.467,6.0,22.8,18.0,10.783,0,20,23,34.94,1.95,4.78,1.05,0.985,20,23
3,Small,18,30,5.0,7,12.006,4.0,15.2,11.0,15.242,0,30,39,32.7,1.81,4.78,1.12,0.983,19,22
2,Sedan,20,31,6.0,3,3.693,6.0,22.8,18.0,10.783,0,20,23,19.95,2.82,4.75,0.96,0.982,20,22
1,Sedan,16,32,6.0,7,10.576,6.0,22.8,18.0,83.097,0,32,39,32.57,1.65,4.78,1.02,0.982,21,21
2,Truck,18,31,17.5,3,12.591,17.5,66.5,52.5,10.783,0,31,39,10.06,3.53,4.71,0.97,0.972,21,22
3,Small,17,31,4.0,7,11.608,4.0,15.2,12.0,83.097,0,17,23,42.56,1.89,4.7,1.21,0.988,21,22
5,Sedan,21,32,6.0,7,8.345,6.0,22.8,18.0,15.242,0,29,32,26.64,2.49,4.73,1.18,0.985,19,21
1,SUV,17,32,13.5,7,6.659,13.5,51.3,40.5,5.938,0,32,39,28.37,2.17,4.68,1.0,0.984,20,23
3,Sedan,18,32,6.0,7,13.899,6.0,22.8,18.0,15.242,0,18,23,13.76,2.31,4.7,1.09,0.969,19,21
4,Sedan,19,31,6.0,3,11.728,6.0,22.8,18.0,5.938,0,31,39,46.25,2.98,4.6,1.13,0.993,21,23
4,Sedan,20,31,6.0,7,10.1,6.0,22.8,18.0,5.938,0,20,23,36.11,1.53,4.74,1.03,0.982,21,23
3,Small,19,30,5.0,7,14.057,4.0,15.2,11.0,83.097,0,30,39,45.12,3.42,4.69,1.12,0.994,19,22
2,SUV,20,30,13.5,7,8.767,13.5,51.3,40.5,3.045,0,20,23,13.35,1.76,4.74,1.03,0.958,21,23
1,Small,19,30,5.0,3,14.122,4.0,15.2,11.0,83.097,0,19,23,35.52,0.5,4.77,1.05,0.945,19,21
1,Sedan,20,33,6.0,3,10.251,6.0,22.8,18.0,24.344,0,20,23,8.03,3.16,4.69,1.15,0.961,20,21
2,Small,19,32,4.0,3,6.143,4.0,15.2,12.0,57.822,0,32,39,24.17,2.99,4.73,0.93,0.986,21,21
3,Truck,17,31,17.5,7,13.85,17.5,66.5,52.5,10.783,0,31,39,41.63,2.16,4.6,1.15,0.989,21,23
1,Truck,21,32,17.5,3,9.094,17.5,66.5,52.5,10.783,0,21,23,32.59,1.43,4.69,0.98,0.979,20,23
5,SUV,24,32,13.5,3,10.393,13.5,51.3,40.5,15.242,0,29,32,36.31,2.85,4.71,1.0,0.99,19,22
3,Sedan,18,33,6.0,7,9.661,6.0,22.8,18.0,10.783,0,18,23,19.65,1.14,4.77,1.09,0.956,19,22
3,Small,20,32,4.0,3,9.977,4.0,15.2,12.0,86.377,0,29,32,12.22,1.76,4.6,1.23,0.955,21,21
2,Truck,19,32,17.5,7,5.91,17.5,66.5,52.5,86.377,0,19,23,9.89,0.83,4.75,1.12,0.885,20,22
2,Sedan,21,30,6.0,7,6.307,6.0,22.8,18.0,5.938,0,30,39,46.6,2.69,4.68,1.24,0.992,20,21
3,Small,16,32,4.0,3,10.063,4.0,15.2,12.0,24.344,0,32,39,16.7,2.75,4.74,0.92,0.978,20,22
2,Sedan,23,30,6.0,3,10.328,6.0,22.8,18.0,10.783,0,30,39,38.09,3.56,4.63,0.95,0.993,21,21
1,Truck,22,30,17.5,7,10.331,17.5,66.5,52.5,57.822,0,30,39,36.89,3.07,4.63,1.01,0.991,20,22
2,Sedan,20,32,6.0,7,7.691,6.0,22.8,18.0,83.097,0,20,23,7.75,0.88,4.7,1.11,0.864,19,22
1,Sedan,18,33,6.0,3,7.078,6.0,22.8,18.0,83.097,0,29,33,46.72,1.78,4.64,1.04,0.988,20,22
4,Truck,18,32,17.5,7,12.819,17.5,66.5,52.5,24.344,0,32,39,22.28,3.04,4.62,1.2,0.985,21,21
2,Sedan,21,32,6.0,3,6.207,6.0,22.8,18.0,83.097,0,32,39,35.1,2.12,4.74,0.91,0.987,20,22
4,SUV,20,31,13.5,3,8.424,13.5,51.3,40.5,10.783,0,31,39,39.28,1.01,4.68,1.07,0.975,20,22
2,Sedan,21,29,6.0,3,13.829,6.0,22.8,18.0,24.344,0,21,23,17.91,2.25,4.64,1.04,0.975,19,23
3,Small,17,31,5.0,3,13.694,4.0,15.2,11.0,3.045,0,17,23,30.63,2.56,4.67,0.92,0.987,20,22
1,Small,22,32,4.0,3,11.096,4.0,15.2,12.0,15.242,0,29,32,26.52,2.44,4.64,0.98,0.985,21,22
5,Sedan,19,32,6.0,7,7.9,6.0,22.8,18.0,5.938,0,29,32,23.91,3.28,4.73,1.07,0.987,21,22
4,Small,20,34,4.0,3,9.715,4.0,15.2,12.0,24.344,0,34,39,45.27,2.65,4.76,0.91,0.992,21,21
5,Small,23,31,4.0,7,10.578,4.0,15.2,12.0,86.377,0,31,39,41.27,3.54,4.79,1.03,0.993,21,21
3,Truck,20,30,17.5,7,2.527,17.5,66.5,52.5,3.045,0,30,39,27.15,0.81,4.62,1.1,0.956,19,21
2,Sedan,20,32,6.0,3,13.485,6.0,22.8,18.0,83.097,0,29,32,28.83,1.11,4.79,1.02,0.969,20,21
5,SUV,20,31,13.5,3,12.75,13.5,51.3,40.5,5.938,0,31,39,39.62,0.94,4.76,1.0,0.974,21,23
4,Small,19,32,4.0,7,7.489,4.0,15.2,12.0,3.045,0,19,23,18.84,0.86,4.78,1.07,0.94,21,23
4,SUV,17,30,13.5,7,13.682,13.5,51.3,40.5,10.783,0,17,23,10.24,2.49,4.78,1.02,0.962,20,22
3,Sedan,21,30,6.0,3,13.202,6.0,22.8,18.0,3.045,0,30,39,7.54,0.8,4.8,1.21,0.847,20,22
5,Small,21,32,4.0,3,5.956,4.0,15.2,12.0,83.097,0,21,23,21.77,0.71,4.71,1.07,0.937,21,22
1,Small,19,32,6.0,3,15.797,4.0,15.2,10.0,15.242,0,29,32,9.17,3.38,4.66,1.18,0.968,20,21
4,SUV,21,32,13.5,7,7.125,13.5,51.3,40.5,24.344,0,32,39,35.52,0.86,4.71,1.13,0.968,19,22
1,Sedan,18,33,6.0,7,7.257,6.0,22.8,18.0,3.045,0,29,33,38.16,1.46,4.69,1.12,0.982,20,23
1,SUV,20,30,13.5,3,13.847,13.5,51.3,40.5,86.377,0,20,23,12.63,0.89,4.64,1.24,0.915,20,23
5,Small,20,31,4.0,3,11.825,4.0,15.2,12.0,10.783,0,20,23,12.21,2.27,4.61,1.15,0.965,21,21
2,SUV,19,34,13.5,3,12.119,13.5,51.3,40.5,5.938,0,34,39,31.21,1.94,4.68,1.14,0.984,20,23
5,Sedan,19,31,7.0,7,15.421,6.0,22.8,17.0,57.822,0,19,23,44.97,2.14,4.73,0.9,0.99,20,21
5,Sedan,17,31,6.0,3,7.083,6.0,22.8,18.0,5.938,0,31,39,32.33,1.28,4.61,0.96,0.976,19,23
2,Small,19,33,5.0,7,12.424,4.0,15.2,11.0,83.097,0,29,33,46.02,3.51,4.72,1.23,0.994,21,21
4,Sedan,21,31,6.0,7,12.002,6.0,22.8,18.0,10.783,0,21,23,34.45,2.31,4.77,0.97,0.988,21,21
5,Sedan,22,30,6.0,7,11.22,6.0,22.8,18.0,15.242,0,30,39,16.21,2.75,4.66,1.09,0.978,21,22
3,Sedan,19,33,6.0,7,15.038,6.0,22.8,18.0,24.344,0,19,23,22.27,0.75,4.7,1.02,0.942,20,22
3,SUV,22,30,13.5,7,10.545,13.5,51.3,40.5,57.822,0,30,39,43.4,2.68,4.75,1.01,0.991,20,22
4,SUV,17,31,13.5,3,14.566,13.5,51.3,40.5,86.377,0,17,23,32.61,1.33,4.74,1.09,0.977,21,22
4,Small,19,33,4.0,7,8.054,4.0,15.2,12.0,86.377,0,19,23,25.2,3.01,4.8,1.18,0.987,21,22
2,SUV,19,31,13.5,3,13.5,13.5,51.3,40.5,24.344,0,19,23,10.83,2.16,4.62,0.93,0.958,21,22
4,Small,24,31,4.0,3,7.391,4.0,15.2,12.0,57.822,0,31,39,14.22,0.87,4.76,1.01,0.922,19,23
1,Small,20,30,4.0,7,5.575,4.0,15.2,12.0,83.097,0,30,39,42.66,1.91,4.75,1.23,0.988,19,23
5,Sedan,17,34,6.0,7,9.407,6.0,22.8,18.0,15.242,0,17,23,25.06,0.93,4.62,1.07,0.958,21,22
3,Small,18,31,5.0,7,12.978,4.0,15.2,11.0,57.822,0,18,23,20.03,0.78,4.75,0.92,0.938,21,23
2,SUV,24,33,13.5,3,12.4,13.5,51.3,40.5,86.377,0,33,39,16.99,2.52,4.61,0.97,0.977,20,23
1,Sedan,18,32,6.0,3,11.582,6.0,22.8,18.0,3.045,0,18,23,25.53,1.69,4.71,1.15,0.977,21,22
3,SUV,21,33,13.5,7,10.542,13.5,51.3,40.5,15.242,0,33,39,16.16,1.66,4.71,0.96,0.963,20,23
4,Sedan,20,32,6.0,7,11.737,6.0,22.8,18.0,57.822,0,20,23,26.84,3.1,4.76,1.02,0.988,21,21
3,Small,20,32,6.0,7,14.527,4.0,15.2,10.0,24.344,0,32,39,30.27,1.0,4.78,1.05,0.968,21,22
4,Small,20,31,6.0,3,16.015,4.0,15.2,10.0,15.242,0,20,23,16.64,1.3,4.8,1.1,0.955,21,22
2,Small,20,31,6.0,3,16.845,4.0,15.2,10.0,15.242,0,20,23,6.91,1.95,4.75,1.2,0.928,20,21
4,SUV,20,29,13.5,7,10.718,13.5,51.3,40.5,24.344,0,20,23,39.05,1.9,4.67,1.19,0.987,21,23
1,Sedan,19,31,6.0,3,12.245,6.0,22.8,18.0,83.097,0,31,39,29.15,2.91,4.72,1.03,0.988,20,21
3,Small,19,31,4.0,7,9.577,4.0,15.2,12.0,57.822,0,31,39,36.41,3.32,4.68,1.1,0.992,19,22
1,Truck,21,32,17.5,7,15.707,17.5,66.5,52.5,86.377,0,32,39,37.77,1.72,4.73,1.21,0.985,19,23
1,Small,18,30,4.0,3,7.103,4.0,15.2,12.0,57.822,0,30,39,15.46,1.87,4.8,1.17,0.966,19,23
3,Small,20,32,4.0,3,9.839,4.0,15.2,12.0,57.822,0,29,32,12.25,2.55,4.78,1.24,0.968,20,23
4,Sedan,18,29,6.0,3,5.827,6.0,22.8,18.0,3.045,0,18,23,23.66,1.35,4.64,1.2,0.969,19,21
3,Small,20,32,4.0,3,4.988,4.0,15.2,12.0,83.097,0,32,39,48.32,1.22,4.65,0.98,0.983,19,21
5,Small,18,30,4.0,3,11.312,4.0,15.2,12.0,24.344,0,18,23,39.28,1.5,4.72,1.07,0.983,20,22
3,Small,20,35,4.0,7,6.629,4.0,15.2,12.0,57.822,0,35,39,49.46,1.96,4.65,1.02,0.99,19,22
3,Sedan,19,31,6.0,3,7.861,6.0,22.8,18.0,3.045,0,19,23,17.5,1.77,4.62,1.13,0.968,20,22
3,Small,18,30,4.0,7,9.028,4.0,15.2,12.0,15.242,0,30,39,8.15,2.81,4.67,1.04,0.957,20,22
2,Sedan,18,32,6.0,3,10.691,6.0,22.8,18.0,5.938,0,32,39,48.29,3.27,4.66,1.22,0.994,20,21
4,Small,19,33,4.0,7,6.739,4.0,15.2,12.0,83.097,0,29,33,42.4,3.22,4.75,1.06,0.993,19,22
1,Sedan,16,32,6.0,7,7.714,6.0,22.8,18.0,3.045,0,29,32,30.23,2.66,4.71,1.18,0.988,19,21
2,Truck,17,30,17.5,3,4.821,17.5,66.5,52.5,15.242,0,30,39,39.6,1.61,4.67,1.06,0.984,21,21
3,Sedan,17,30,6.0,7,9.405,6.0,22.8,18.0,86.377,0,17,23,41.21,2.78,4.69,1.24,0.991,20,21
2,Small,17,31,4.0,3,4.049,4.0,15.2,12.0,15.242,0,31,39,21.54,1.71,4.72,1.08,0.973,20,23
3,Small,20,34,4.0,3,7.646,4.0,15.2,12.0,86.377,0,20,23,15.67,1.86,4.78,1.18,0.966,21,22
1,Small,17,32,4.0,7,7.692,4.0,15.2,12.0,83.097,0,32,39,10.4,3.58,4.73,1.01,0.973,20,22
3,Truck,22,32,17.5,7,12.196,17.5,66.5,52.5,10.783,0,32,39,8.57,1.81,4.64,1.09,0.938,21,23
4,Sedan,19,30,6.0,7,12.874,6.0,22.8,18.0,15.242,0,19,23,38.56,0.64,4.61,1.19,0.96,19,21
5,Small,20,31,4.0,3,10.2,4.0,15.2,12.0,5.938,0,20,23,40.64,2.54,4.62,1.21,0.99,19,22
5,Sedan,16,31,6.0,3,14.006,6.0,22.8,18.0,15.242,0,31,39,24.56,0.86,4.64,0.96,0.954,21,22
1,SUV,20,30,13.5,3,9.605,13.5,51.3,40.5,24.344,0,20,23,43.87,0.66,4.73,1.03,0.966,20,23
2,SUV,17,32,13.5,7,7.648,13.5,51.3,40.5,83.097,0,17,23,45.31,1.03,4.65,0.9,0.979,21,22
2,Sedan,18,32,7.0,7,15.532,6.0,22.8,17.0,5.938,0,18,23,19.36,2.76,4.78,1.12,0.981,20,22
1,Sedan,18,33,6.0,7,5.864,6.0,22.8,18.0,83.097,0,33,39,12.44,1.67,4.77,1.21,0.953,19,21
2,Small,22,31,6.0,7,14.825,4.0,15.2,10.0,57.822,0,31,39,40.81,2.75,4.63,0.92,0.991,21,23
3,Sedan,20,31,6.0,3,12.415,6.0,22.8,18.0,24.344,0,31,39,39.71,0.53,4.72,1.23,0.954,20,22
5,Sedan,16,31,6.0,3,11.339,6.0,22.8,18.0,24.344,0,31,39,48.56,1.68,4.75,1.09,0.988,21,23
2,Small,17,31,4.0,3,8.763,4.0,15.2,12.0,3.045,0,31,39,29.93,2.7,4.8,0.96,0.988,19,21
1,Small,16,32,4.0,7,9.151,4.0,15.2,12.0,86.377,0,32,39,32.57,2.32,4.8,1.07,0.987,20,23
3,Truck,19,29,17.5,3,10.26,17.5,66.5,52.5,57.822,0,19,23,31.57,0.71,4.78,0.93,0.956,19,22
3,Small,19,31,4.0,3,10.81,4.0,15.2,12.0,15.242,0,19,23,47.16,1.38,4.74,1.13,0.985,20,21
4,Small,20,34,4.0,3,9.467,4.0,15.2,12.0,15.242,0,34,39,33.05,3.23,4.64,1.11,0.991,20,21
2,Sedan,21,29,6.0,7,12.029,6.0,22.8,18.0,86.377,0,29,39,49.82,1.2,4.79,1.19,0.983,19,23
1,SUV,19,29,13.5,3,8.171,13.5,51.3,40.5,83.097,0,29,39,21.12,0.97,4.63,1.07,0.952,19,22
2,Truck,21,29,17.5,7,10.469,17.5,66.5,52.5,24.344,0,21,23,13.15,0.82,4.78,1.08,0.911,20,21
1,SUV,20,34,13.5,3,8.018,13.5,51.3,40.5,86.377,0,34,39,29.59,1.1,4.63,1.19,0.97,21,21
4,Sedan,18,35,6.0,3,14.358,6.0,22.8,18.0,15.242,0,29,35,27.02,1.0,4.64,1.05,0.964,20,22
2,Small,19,33,4.0,3,6.259,4.0,15.2,12.0,24.344,0,29,33,43.77,2.4,4.78,1.16,0.991,19,22
1,Truck,21,30,17.5,3,11.889,17.5,66.5,52.5,83.097,0,21,23,36.23,1.04,4.67,1.06,0.974,20,21
4,Sedan,22,33,6.0,7,12.603,6.0,22.8,18.0,24.344,0,33,39,38.62,1.93,4.77,1.14,0.987,20,22
1,Sedan,18,29,6.0,3,9.591,6.0,22.8,18.0,57.822,0,18,23,42.14,0.68,4.62,1.2,0.966,21,23
1,Small,17,32,4.0,7,5.558,4.0,15.2,12.0,5.938,0,29,32,21.45,1.15,4.66,1.01,0.96,19,23
5,Sedan,22,33,6.0,7,8.184,6.0,22.8,18.0,3.045,0,33,39,26.02,0.67,4.7,1.2,0.944,21,23
1,SUV,19,33,13.5,3,11.512,13.5,51.3,40.5,3.045,0,33,39,12.03,2.95,4.74,1.18,0.972,21,22
4,Sedan,18,30,7.0,3,15.311,6.0,22.8,17.0,83.097,0,30,39,30.7,1.64,4.61,1.14,0.98,19,21
4,SUV,20,32,13.5,3,13.382,13.5,51.3,40.5,3.045,0,20,23,34.67,1.5,4.66,1.0,0.981,20,21
4,SUV,20,32,13.5,3,8.544,13.5,51.3,40.5,15.242,0,20,23,15.15,1.19,4.78,1.11,0.946,21,21
4,Sedan,20,29,6.0,3,12.485,6.0,22.8,18.0,86.377,0,29,39,33.61,0.56,4.62,1.08,0.948,20,21
2,Truck,16,30,17.5,3,6.188,17.5,66.5,52.5,86.377,0,16,23,31.93,2.02,4.66,1.06,0.985,20,22
4,Small,19,33,4.0,7,4.297,4.0,15.2,12.0,3.045,0,19,23,16.98,1.56,4.73,1.24,0.963,21,22
4,Small,21,31,4.0,3,9.548,4.0,15.2,12.0,15.242,0,31,39,25.24,1.5,4.74,1.24,0.974,19,22
4,Small,19,33,4.0,3,6.577,4.0,15.2,12.0,10.783,0,19,23,41.45,1.1,4.63,1.23,0.978,21,23
5,Small,21,31,5.0,7,12.699,4.0,15.2,11.0,24.344,0,31,39,14.76,2.5,4.68,1.07,0.973,19,23
3,Small,18,30,4.0,7,7.402,4.0,15.2,12.0,3.045,0,18,23,34.91,1.75,4.63,1.03,0.984,19,21
4,SUV,21,30,13.5,7,7.945,13.5,51.3,40.5,83.097,0,30,39,36.51,1.85,4.64,0.95,0.985,19,22
3,Truck,20,31,17.5,3,4.757,17.5,66.5,52.5,3.045,0,31,39,24.0,2.37,4.74,1.14,0.983,19,22
5,Small,17,33,6.0,7,15.488,4.0,15.2,10.0,57.822,0,33,39,8.71,2.94,4.76,0.99,0.962,20,22
3,Sedan,20,29,7.0,3,16.12,6.0,22.8,17.0,3.045,0,29,39,12.96,1.69,4.75,0.95,0.955,19,22
5,Small,17,31,4.0,7,10.3,4.0,15.2,12.0,57.822,0,31,39,8.37,2.39,4.67,1.0,0.951,19,22
5,Truck,18,33,17.5,7,12.702,17.5,66.5,52.5,3.045,0,29,33,31.54,2.13,4.61,1.17,0.985,20,21
5,SUV,20,30,13.5,3,10.554,13.5,51.3,40.5,10.783,0,30,39,10.24,1.73,4.72,0.97,0.945,21,23
2,Small,19,29,4.0,3,9.924,4.0,15.2,12.0,3.045,0,19,23,10.6,1.77,4.67,1.08,0.948,21,21
5,SUV,18,31,13.5,7,3.852,13.5,51.3,40.5,86.377,0,31,39,25.43,1.25,4.71,1.13,0.969,21,21
1,SUV,17,30,13.5,3,7.819,13.5,51.3,40.5,57.822,0,17,23,10.92,2.78,4.73,0.9,0.968,19,23
5,Sedan,20,30,6.0,7,7.142,6.0,22.8,18.0,24.344,0,30,39,13.88,0.74,4.73,0.92,0.907,19,23
1,Small,21,33,4.0,3,8.218,4.0,15.2,12.0,3.045,0,21,23,34.64,0.62,4.65,1.04,0.955,19,21
3,SUV,18,32,13.5,7,9.774,13.5,51.3,40.5,57.822,0,18,23,49.69,1.46,4.77,1.08,0.986,20,21
1,SUV,21,32,13.5,7,16.227,13.5,51.3,40.5,10.783,0,29,32,27.65,0.97,4.76,1.1,0.963,19,21
2,SUV,18,34,13.5,7,5.876,13.5,51.3,40.5,86.377,0,34,39,33.56,3.15,4.62,1.16,0.991,21,21
3,Small,19,31,5.0,7,13.052,4.0,15.2,11.0,57.822,0,19,23,30.21,2.78,4.65,1.15,0.988,20,23
3,Small,18,31,4.0,7,11.778,4.0,15.2,12.0,57.822,0,18,23,45.45,2.86,4.61,1.19,0.992,19,21
1,Sedan,20,33,6.0,7,13.607,6.0,22.8,18.0,86.377,0,20,23,24.34,2.35,4.77,1.07,0.983,21,23
1,Small,19,33,4.0,7,10.268,4.0,15.2,12.0,86.377,0,29,33,37.39,3.21,4.73,1.16,0.992,19,23
4,Small,22,29,4.0,3,9.691,4.0,15.2,12.0,83.097,0,29,39,10.59,3.55,4.69,1.21,0.974,20,23
4,Sedan,21,32,6.0,7,10.943,6.0,22.8,18.0,57.822,0,29,32,22.91,2.99,4.68,1.01,0.986,19,23
5,Small,18,33,4.0,7,10.816,4.0,15.2,12.0,83.097,0,29,33,33.75,1.54,4.67,0.94,0.981,20,22
4,SUV,19,30,13.5,7,14.707,13.5,51.3,40.5,3.045,0,30,39,34.0,3.32,4.68,1.1,0.991,20,23
5,Sedan,16,30,6.0,3,9.378,6.0,22.8,18.0,3.045,0,30,39,36.58,1.78,4.72,1.13,0.985,20,23
1,Sedan,17,33,6.0,7,13.183,6.0,22.8,18.0,83.097,0,29,33,37.36,3.11,4.71,1.23,0.991,21,23
5,SUV,18,31,13.5,7,9.634,13.5,51.3,40.5,15.242,0,18,23,44.81,2.33,4.74,0.98,0.99,20,21
1,Small,19,29,4.0,3,9.263,4.0,15.2,12.0,83.097,0,29,39,24.53,2.87,4.63,1.25,0.986,19,22
3,Sedan,17,30,6.0,3,9.151,6.0,22.8,18.0,24.344,0,30,39,25.98,1.29,4.65,0.98,0.971,21,22
3,SUV,20,34,13.5,3,10.698,13.5,51.3,40.5,3.045,0,29,34,31.23,1.11,4.79,1.13,0.972,19,23
2,SUV,17,30,13.5,3,7.431,13.5,51.3,40.5,5.938,0,30,39,17.4,0.91,4.61,1.16,0.939,19,21
4,Small,18,30,4.0,3,5.54,4.0,15.2,12.0,57.822,0,30,39,29.96,1.78,4.64,0.97,0.981,19,21
4,SUV,19,30,13.5,7,7.675,13.5,51.3,40.5,3.045,0,19,23,14.2,1.33,4.71,1.17,0.948,21,23
1,Sedan,21,33,6.0,7,4.375,6.0,22.8,18.0,57.822,0,33,39,39.09,1.48,4.65,1.11,0.983,21,23
5,Sedan,16,31,6.0,7,12.224,6.0,22.8,18.0,5.938,0,31,39,23.61,1.72,4.63,1.05,0.976,21,22
3,Small,18,30,4.0,7,11.195,4.0,15.2,12.0,5.938,0,30,39,22.16,2.37,4.63,1.12,0.981,20,21
4,Small,25,30,4.0,3,10.831,4.0,15.2,12.0,86.377,0,30,39,50.1,1.44,4.67,1.02,0.986,19,22
1,Small,21,30,4.0,3,7.558,4.0,15.2,12.0,24.344,0,21,23,43.33,1.76,4.62,1.03,0.987,19,23
5,Sedan,18,30,6.0,3,7.613,6.0,22.8,18.0,15.242,0,18,23,18.64,1.78,4.77,0.91,0.97,21,21
1,Sedan,19,33,6.0,3,12.816,6.0,22.8,18.0,86.377,0,29,33,26.69,1.66,4.8,0.91,0.978,21,23
3,Small,19,31,4.0,3,4.153,4.0,15.2,12.0,15.242,0,19,23,47.89,1.65,4.62,1.22,0.987,19,21
3,Sedan,17,36,6.0,7,8.356,6.0,22.8,18.0,5.938,0,29,36,49.49,0.66,4.76,1.1,0.97,20,23
5,Sedan,22,29,6.0,7,11.321,6.0,22.8,18.0,86.377,0,29,39,28.44,1.0,4.77,1.24,0.965,19,21
3,Sedan,18,31,6.0,7,13.794,6.0,22.8,18.0,57.822,0,18,23,24.81,3.21,4.79,1.03,0.988,20,22
5,Sedan,18,33,6.0,7,11.239,6.0,22.8,18.0,3.045,0,18,23,9.34,2.79,4.79,0.96,0.962,19,23
4,Small,17,30,4.0,3,5.052,4.0,15.2,12.0,83.097,0,17,23,33.28,2.24,4.72,0.92,0.987,20,22
5,Small,22,31,5.0,3,12.802,4.0,15.2,11.0,57.822,0,31,39,36.06,2.06,4.69,1.07,0.987,20,23
1,Truck,19,31,17.5,7,14.017,17.5,66.5,52.5,86.377,0,31,39,7.54,1.63,4.7,1.07,0.922,19,22
2,Small,17,29,4.0,3,10.586,4.0,15.2,12.0,15.242,0,29,39,35.26,2.4,4.69,1.15,0.988,20,23
5,SUV,17,34,13.5,7,15.65,13.5,51.3,40.5,3.045,0,34,39,8.32,2.42,4.6,1.19,0.952,20,23
4,Sedan,17,31,6.0,7,11.53,6.0,22.8,18.0,5.938,0,31,39,37.56,1.29,4.73,1.14,0.98,20,22
5,SUV,17,29,13.5,3,9.681,13.5,51.3,40.5,83.097,0,29,39,14.89,1.44,4.7,1.07,0.954,21,22
2,Small,20,33,4.0,7,7.23,4.0,15.2,12.0,24.344,0,33,39,38.15,3.46,4.79,1.05,0.992,19,22
2,Small,17,30,4.0,7,5.824,4.0,15.2,12.0,10.783,0,17,23,9.7,1.76,4.76,0.98,0.943,20,21
5,Small,17,31,4.0,7,7.445,4.0,15.2,12.0,15.242,0,31,39,25.91,0.92,4.7,1.21,0.959,20,23
2,Sedan,17,32,6.0,3,9.625,6.0,22.8,18.0,86.377,0,17,23,23.91,1.17,4.69,1.2,0.965,20,22
5,Small,18,33,4.0,3,7.362,4.0,15.2,12.0,10.783,0,33,39,31.53,2.59,4.74,0.93,0.988,20,21
4,Sedan,17,32,6.0,7,9.328,6.0,22.8,18.0,57.822,0,32,39,7.93,1.26,4.79,1.08,0.905,19,21
1,SUV,17,33,13.5,3,11.509,13.5,51.3,40.5,86.377,0,33,39,22.15,1.63,4.66,1.25,0.973,20,22
1,Sedan,21,31,6.0,3,12.068,6.0,22.8,18.0,57.822,0,31,39,36.47,1.05,4.71,1.07,0.974,19,21
1,Small,21,33,4.0,3,7.247,4.0,15.2,12.0,5.938,0,29,33,28.24,2.9,4.65,0.96,0.988,19,23
2,Truck,18,31,17.5,7,8.478,17.5,66.5,52.5,5.938,0,18,23,41.24,0.51,4.62,1.18,0.954,21,22
4,Sedan,17,32,6.0,3,9.173,6.0,22.8,18.0,83.097,0,32,39,35.08,1.23,4.78,1.21,0.977,21,23
2,SUV,20,33,13.5,3,14.419,13.5,51.3,40.5,57.822,0,20,23,46.71,2.57,4.62,0.99,0.992,21,21
2,Small,16,31,4.0,3,6.736,4.0,15.2,12.0,5.938,0,16,23,26.36,2.44,4.62,1.2,0.985,20,21
2,Small,19,29,4.0,7,5.855,4.0,15.2,12.0,5.938,0,19,23,43.21,1.11,4.62,1.21,0.979,19,22
2,SUV,17,32,13.5,3,7.491,13.5,51.3,40.5,83.097,0,32,39,27.47,1.92,4.71,0.91,0.981,21,22
5,Small,20,34,4.0,3,9.684,4.0,15.2,12.0,24.344,0,20,23,10.76,0.67,4.73,1.17,0.87,19,21
5,Small,17,31,4.0,3,9.752,4.0,15.2,12.0,57.822,0,17,23,26.48,2.9,4.75,1.12,0.987,20,21
4,Small,21,30,6.0,7,15.525,4.0,15.2,10.0,3.045,0,21,23,10.81,1.21,4.69,1.13,0.926,20,21
4,Small,22,31,5.0,7,13.138,4.0,15.2,11.0,86.377,0,31,39,17.71,2.53,4.75,1.02,0.978,20,22
3,Sedan,18,29,6.0,3,6.581,6.0,22.8,18.0,57.822,0,29,39,20.65,3.01,4.61,1.11,0.984,20,21
4,Sedan,22,31,6.0,3,7.688,6.0,22.8,18.0,86.377,0,31,39,41.06,2.07,4.6,1.08,0.988,19,23
2,Small,20,30,4.0,7,9.049,4.0,15.2,12.0,10.783,0,30,39,16.05,2.21,4.69,1.24,0.972,19,21
3,Sedan,19,30,6.0,3,7.303,6.0,22.8,18.0,3.045,0,30,39,12.49,1.76,4.68,0.91,0.956,19,21
1,Small,18,30,4.0,3,9.865,4.0,15.2,12.0,57.822,0,18,23,15.58,0.59,4.66,0.99,0.897,20,22
2,SUV,21,32,13.5,7,9.135,13.5,51.3,40.5,15.242,0,32,39,24.58,3.11,4.78,0.94,0.987,21,23
4,Small,18,34,4.0,7,9.556,4.0,15.2,12.0,24.344,0,29,34,31.8,2.71,4.78,1.15,0.988,21,21
4,Small,21,30,5.0,3,12.377,4.0,15.2,11.0,86.377,0,30,39,20.24,1.82,4.78,0.91,0.973,20,21
1,SUV,18,32,13.5,7,11.998,13.5,51.3,40.5,57.822,0,29,32,42.18,0.59,4.75,1.03,0.961,20,22
1,Small,19,30,4.0,3,9.83,4.0,15.2,12.0,24.344,0,19,23,22.68,1.62,4.62,1.06,0.973,20,21
2,Small,20,32,4.0,7,8.86,4.0,15.2,12.0,83.097,0,32,39,47.49,1.92,4.71,0.97,0.989,20,21
5,Sedan,19,30,6.0,3,7.439,6.0,22.8,18.0,83.097,0,30,39,33.48,0.58,4.76,1.0,0.95,20,21
1,Sedan,20,32,6.0,3,9.319,6.0,22.8,18.0,15.242,0,29,32,29.89,3.0,4.8,1.02,0.989,21,23
3,Sedan,20,31,6.0,3,6.723,6.0,22.8,18.0,86.377,0,31,39,8.07,0.79,4.62,0.96,0.855,21,22
5,Sedan,18,31,6.0,3,9.985,6.0,22.8,18.0,15.242,0,18,23,44.05,3.41,4.73,0.99,0.993,19,22
1,SUV,19,31,13.5,7,7.867,13.5,51.3,40.5,5.938,0,19,23,11.33,2.39,4.8,1.1,0.964,19,23
3,Small,20,31,4.0,3,6.254,4.0,15.2,12.0,10.783,0,31,39,42.79,0.5,4.71,0.95,0.954,21,23
5,Small,20,31,4.0,3,6.833,4.0,15.2,12.0,83.097,0,20,23,26.94,3.03,4.78,0.93,0.988,20,22
4,SUV,21,31,13.5,3,13.501,13.5,51.3,40.5,5.938,0,21,23,11.59,0.51,4.61,1.06,0.844,19,23
5,Truck,18,30,17.5,7,4.8,17.5,66.5,52.5,86.377,0,30,39,14.63,2.66,4.75,1.02,0.975,19,23
1,Small,21,32,4.0,3,10.12,4.0,15.2,12.0,83.097,0,29,32,49.41,3.14,4.68,1.1,0.994,20,22
3,Small,17,32,4.0,3,8.045,4.0,15.2,12.0,24.344,0,29,32,47.65,1.26,4.75,1.06,0.983,21,23
2,Sedan,19,33,6.0,7,12.203,6.0,22.8,18.0,3.045,0,29,33,8.11,2.12,4.61,1.12,0.943,20,21
2,Small,19,30,4.0,7,7.345,4.0,15.2,12.0,57.822,0,19,23,17.07,0.51,4.65,0.91,0.891,20,22
2,SUV,17,30,13.5,3,9.631,13.5,51.3,40.5,83.097,0,30,39,29.98,0.7,4.72,1.04,0.953,21,23
5,Small,17,32,5.0,3,12.159,4.0,15.2,11.0,5.938,0,29,32,27.4,1.13,4.61,1.18,0.968,21,21
3,Small,16,31,4.0,7,10.765,4.0,15.2,12.0,24.344,0,31,39,35.68,0.8,4.75,1.02,0.966,19,21
1,Sedan,22,33,6.0,3,10.278,6.0,22.8,18.0,5.938,0,29,33,21.11,0.66,4.7,1.04,0.931,20,21
1,Sedan,21,31,6.0,3,11.644,6.0,22.8,18.0,5.938,0,31,39,15.35,0.63,4.61,1.03,0.902,19,21
5,Small,18,34,4.0,3,11.421,4.0,15.2,12.0,3.045,0,34,39,46.31,3.14,4.72,1.06,0.993,20,21
3,Truck,17,32,17.5,3,11.243,17.5,66.5,52.5,57.822,0,32,39,20.12,2.21,4.67,1.11,0.978,21,22
5,Small,18,31,4.0,7,9.992,4.0,15.2,12.0,86.377,0,31,39,28.84,3.56,4.72,1.25,0.99,19,21
2,Small,20,30,4.0,7,3.58,4.0,15.2,12.0,10.783,0,20,23,31.14,0.71,4.63,0.92,0.956,20,21
2,SUV,20,30,13.5,3,9.888,13.5,51.3,40.5,24.344,0,30,39,10.54,3.52,4.69,1.15,0.973,19,21
1,Sedan,19,29,6.0,7,5.488,6.0,22.8,18.0,86.377,0,29,39,17.19,2.43,4.77,0.92,0.976,21,22
5,Sedan,22,33,6.0,7,11.102,6.0,22.8,18.0,86.377,0,29,33,17.36,1.39,4.67,1.07,0.959,20,21
5,SUV,20,32,13.5,3,8.476,13.5,51.3,40.5,3.045,0,32,39,38.33,0.89,4.62,1.24,0.971,20,21
4,Small,21,31,4.0,3,7.846,4.0,15.2,12.0,57.822,0,21,23,46.04,1.77,4.77,1.03,0.988,19,22
5,Small,19,29,4.0,3,10.079,4.0,15.2,12.0,86.377,0,19,23,42.57,1.99,4.75,0.95,0.988,19,21
5,Small,18,31,4.0,7,7.715,4.0,15.2,12.0,57.822,0,18,23,16.8,1.58,4.76,1.11,0.963,20,23
3,Sedan,20,32,6.0,7,5.123,6.0,22.8,18.0,57.822,0,32,39,17.93,1.97,4.6,0.97,0.972,20,22
2,Sedan,22,31,6.0,7,13.041,6.0,22.8,18.0,3.045,0,31,39,32.72,2.63,4.78,1.0,0.988,19,23
3,Small,21,30,5.0,7,12.583,4.0,15.2,11.0,15.242,0,21,23,24.1,1.61,4.63,1.05,0.975,21,21
5,SUV,21,32,13.5,7,6.639,13.5,51.3,40.5,15.242,0,29,32,40.95,2.21,4.69,1.14,0.989,19,23
5,Truck,20,34,17.5,7,12.172,17.5,66.5,52.5,57.822,0,34,39,46.06,1.74,4.63,1.01,0.988,21,21
3,Sedan,21,33,6.0,3,7.115,6.0,22.8,18.0,83.097,0,29,33,10.48,2.79,4.69,1.07,0.966,20,21
4,Sedan,18,30,6.0,7,11.877,6.0,22.8,18.0,3.045,0,18,23,9.06,3.16,4.65,1.2,0.966,21,22
5,Small,18,34,5.0,7,12.011,4.0,15.2,11.0,57.822,0,34,39,13.94,3.16,4.67,1.23,0.978,19,23
4,Sedan,20,33,6.0,3,10.776,6.0,22.8,18.0,24.344,0,20,23,23.51,2.38,4.7,1.2,0.982,21,21
2,SUV,17,35,13.5,3,17.842,13.5,51.3,40.5,5.938,0,29,35,22.15,1.08,4.68,1.18,0.959,20,22
5,Sedan,20,31,6.0,3,4.078,6.0,22.8,18.0,83.097,0,31,39,27.86,2.79,4.64,1.22,0.987,19,23
2,SUV,19,30,13.5,3,16.883,13.5,51.3,40.5,15.242,0,30,39,15.77,1.74,4.73,1.24,0.964,21,23
5,Small,20,34,4.0,7,9.526,4.0,15.2,12.0,15.242,0,20,23,46.12,3.38,4.73,1.0,0.994,20,22
2,SUV,18,32,13.5,7,7.44,13.5,51.3,40.5,83.097,0,18,23,20.2,1.66,4.62,1.11,0.971,20,21
3,Small,20,33,5.0,7,12.938,4.0,15.2,11.0,83.097,0,33,39,12.63,2.72,4.74,0.93,0.971,19,21
5,Small,18,32,4.0,3,8.538,4.0,15.2,12.0,15.242,0,32,39,45.61,2.7,4.74,1.09,0.992,21,21
4,Sedan,20,32,6.0,7,3.4,6.0,22.8,18.0,3.045,0,32,39,9.19,1.33,4.65,1.05,0.921,20,22
2,Truck,19,34,17.5,7,14.959,17.5,66.5,52.5,10.783,0,34,39,43.7,2.57,4.62,1.0,0.991,19,23
1,Small,19,30,4.0,7,8.962,4.0,15.2,12.0,57.822,0,30,39,30.86,2.6,4.61,1.11,0.988,19,23
5,Sedan,20,33,6.0,7,7.823,6.0,22.8,18.0,5.938,0,33,39,35.18,2.08,4.71,1.17,0.986,19,23
4,Sedan,22,30,6.0,3,13.963,6.0,22.8,18.0,24.344,0,30,39,6.77,1.78,4.76,1.08,0.92,21,21
2,Sedan,18,30,6.0,7,10.346,6.0,22.8,18.0,57.822,0,18,23,40.57,3.34,4.71,1.08,0.993,20,21
2,SUV,19,31,13.5,7,9.857,13.5,51.3,40.5,3.045,0,31,39,29.26,3.44,4.66,1.02,0.99,20,22
5,Sedan,19,32,8.0,7,19.579,6.0,22.8,16.0,5.938,0,32,39,21.15,3.46,4.73,1.02,0.986,19,21
5,Small,19,30,4.0,3,6.301,4.0,15.2,12.0,15.242,0,30,39,45.3,0.57,4.62,0.96,0.962,20,22
3,Sedan,19,30,6.0,7,8.504,6.0,22.8,18.0,3.045,0,30,39,18.32,0.62,4.75,1.01,0.916,21,22
3,Sedan,20,32,6.0,3,11.299,6.0,22.8,18.0,86.377,0,29,32,14.68,1.55,4.74,1.16,0.957,20,21
2,Sedan,19,33,6.0,3,11.488,6.0,22.8,18.0,10.783,0,29,33,26.08,2.14,4.77,1.07,0.982,19,22
2,Small,19,33,4.0,7,11.647,4.0,15.2,12.0,57.822,0,29,33,40.45,2.37,4.68,1.09,0.99,20,21
1,Small,17,31,4.0,3,5.294,4.0,15.2,12.0,57.822,0,17,23,7.22,0.98,4.75,0.97,0.868,21,23
2,SUV,16,33,13.5,7,9.85,13.5,51.3,40.5,57.822,0,16,23,39.63,1.83,4.8,0.93,0.986,20,22
5,Small,19,33,4.0,7,4.014,4.0,15.2,12.0,57.822,0,19,23,9.93,3.54,4.7,1.25,0.972,21,23
3,Sedan,19,32,6.0,7,8.133,6.0,22.8,18.0,3.045,0,19,23,39.74,3.42,4.63,0.93,0.993,20,21
3,Small,21,32,4.0,7,7.359,4.0,15.2,12.0,57.822,0,21,23,34.09,3.18,4.66,0.9,0.991,21,23
2,Sedan,17,32,6.0,7,13.792,6.0,22.8,18.0,10.783,0,29,32,33.26,3.46,4.64,1.25,0.991,21,23
2,Truck,19,35,17.5,7,12.834,17.5,66.5,52.5,57.822,0,29,35,29.55,1.75,4.65,1.11,0.981,19,21
1,Sedan,22,32,6.0,3,12.327,6.0,22.8,18.0,57.822,0,32,39,37.31,2.91,4.62,1.18,0.991,19,21
2,Sedan,20,30,6.0,7,7.266,6.0,22.8,18.0,86.377,0,20,23,29.85,1.65,4.71,1.09,0.98,19,22
1,Small,23,34,4.0,3,10.653,4.0,15.2,12.0,5.938,0,29,34,26.26,2.75,4.62,1.06,0.986,19,23
5,Small,21,30,4.0,3,8.212,4.0,15.2,12.0,24.344,0,21,23,47.67,2.54,4.63,0.91,0.992,20,23
5,Sedan,21,32,6.0,3,12.149,6.0,22.8,18.0,57.822,0,21,23,19.72,0.6,4.64,0.99,0.919,20,22
4,SUV,17,32,13.5,7,3.671,13.5,51.3,40.5,57.822,0,32,39,46.23,2.7,4.78,1.03,0.992,19,23
2,Small,19,32,4.0,7,5.561,4.0,15.2,12.0,86.377,0,32,39,31.33,2.05,4.65,1.11,0.985,21,23
1,SUV,20,35,13.5,3,11.786,13.5,51.3,40.5,83.097,0,35,39,43.2,0.86,4.67,1.18,0.973,20,23
3,Sedan,20,31,6.0,3,3.951,6.0,22.8,18.0,57.822,0,20,23,13.29,3.21,4.61,1.18,0.977,21,22
4,Small,18,30,4.0,7,7.812,4.0,15.2,12.0,57.822,0,30,39,47.71,3.01,4.71,1.14,0.993,21,23
2,Sedan,18,32,6.0,7,14.722,6.0,22.8,18.0,86.377,0,32,39,18.9,2.72,4.61,1.06,0.981,20,23
3,Sedan,19,29,6.0,3,8.584,6.0,22.8,18.0,15.242,0,29,39,46.85,1.9,4.76,1.09,0.989,21,23
2,SUV,20,33,13.5,7,13.716,13.5,51.3,40.5,3.045,0,29,33,47.82,0.72,4.68,0.99,0.971,20,22
4,Sedan,19,31,6.0,7,13.354,6.0,22.8,18.0,24.344,0,31,39,35.79,2.5,4.71,0.97,0.989,19,22
5,Small,21,31,5.0,7,13.265,4.0,15.2,11.0,15.242,0,31,39,44.29,2.04,4.6,1.0,0.989,21,22
5,Small,17,33,5.0,7,13.632,4.0,15.2,11.0,15.242,0,33,39,32.5,1.9,4.74,1.09,0.984,19,21
3,Sedan,23,33,6.0,3,8.909,6.0,22.8,18.0,24.344,0,29,33,9.31,0.94,4.76,1.07,0.892,19,21
1,Small,21,32,4.0,7,11.606,4.0,15.2,12.0,24.344,0,29,32,49.9,2.54,4.65,1.18,0.992,19,21
1,Small,18,29,4.0,7,10.471,4.0,15.2,12.0,10.783,0,18,23,9.67,1.33,4.72,1.21,0.925,20,22
2,Sedan,17,31,6.0,7,13.878,6.0,22.8,18.0,86.377,0,17,23,43.92,1.61,4.77,1.15,0.986,21,22
3,Sedan,20,32,6.0,3,8.927,6.0,22.8,18.0,24.344,0,32,39,37.59,3.28,4.71,0.93,0.992,21,22
4,Small,18,34,5.0,3,13.375,4.0,15.2,11.0,83.097,0,18,23,36.21,2.18,4.66,1.04,0.987,19,21
4,Small,20,33,5.0,7,12.902,4.0,15.2,11.0,86.377,0,33,39,15.74,1.88,4.65,0.94,0.967,21,21
4,Sedan,22,31,7.0,3,15.334,6.0,22.8,17.0,57.822,0,31,39,39.81,2.3,4.77,0.96,0.989,19,22
3,Truck,19,30,17.5,3,14.926,17.5,66.5,52.5,83.097,0,19,23,43.81,2.69,4.77,1.14,0.992,21,22
5,SUV,17,32,13.5,3,11.436,13.5,51.3,40.5,10.783,0,17,23,22.76,0.63,4.63,1.02,0.933,19,22
1,Sedan,18,29,6.0,3,14.953,6.0,22.8,18.0,57.822,0,18,23,7.99,0.75,4.75,0.94,0.846,19,22
1,Sedan,18,34,6.0,7,9.827,6.0,22.8,18.0,5.938,0,18,23,45.4,0.68,4.74,0.92,0.968,20,23
4,Small,18,33,4.0,7,10.258,4.0,15.2,12.0,24.344,0,29,33,42.78,2.53,4.61,1.18,0.991,21,22
1,Small,21,30,4.0,3,9.471,4.0,15.2,12.0,15.242,0,21,23,22.0,1.49,4.61,0.97,0.97,20,22
5,Sedan,19,30,6.0,7,2.316,6.0,22.8,18.0,24.344,0,19,23,16.49,2.74,4.69,1.16,0.978,19,22
5,Sedan,22,33,7.0,7,16.027,6.0,22.8,17.0,3.045,0,33,39,46.8,3.5,4.74,1.14,0.994,19,22
3,Small,20,30,4.0,3,3.175,4.0,15.2,12.0,83.097,0,30,39,35.16,1.47,4.77,1.22,0.981,19,22
4,SUV,21,30,13.5,7,6.094,13.5,51.3,40.5,3.045,0,30,39,41.71,3.04,4.73,0.97,0.992,20,21
3,Sedan,17,35,6.0,7,8.198,6.0,22.8,18.0,3.045,0,35,39,13.41,3.48,4.77,1.21,0.979,19,21
3,Sedan,23,31,7.0,7,15.894,6.0,22.8,17.0,10.783,0,31,39,10.73,3.37,4.65,1.17,0.973,21,22
3,Small,19,30,4.0,3,10.218,4.0,15.2,12.0,24.344,0,19,23,14.38,2.45,4.69,1.23,0.972,21,23
3,SUV,20,30,13.5,3,3.637,13.5,51.3,40.5,5.938,0,20,23,10.41,2.1,4.73,1.05,0.955,19,21
1,Small,19,31,4.0,3,10.436,4.0,15.2,12.0,57.822,0,31,39,33.27,3.44,4.67,1.11,0.991,20,23
5,Small,19,30,6.0,3,15.501,4.0,15.2,10.0,3.045,0,30,39,27.6,1.62,4.76,1.1,0.978,21,22
1,Sedan,20,31,6.0,3,12.236,6.0,22.8,18.0,5.938,0,31,39,35.31,1.72,4.68,1.12,0.984,20,21
1,Sedan,20,31,6.0,3,8.475,6.0,22.8,18.0,5.938,0,20,23,47.11,2.92,4.65,0.98,0.993,21,23
2,Truck,20,31,17.5,3,5.176,17.5,66.5,52.5,10.783,0,31,39,7.06,2.57,4.73,1.19,0.946,20,21
2,SUV,21,31,13.5,7,8.712,13.5,51.3,40.5,10.783,0,21,23,7.02,2.62,4.61,1.23,0.947,20,21
3,Sedan,22,30,6.0,7,10.924,6.0,22.8,18.0,15.242,0,30,39,41.38,2.86,4.77,1.22,0.992,19,23
2,SUV,23,33,13.5,3,3.601,13.5,51.3,40.5,24.344,0,29,33,26.87,2.18,4.72,1.04,0.983,19,21
3,Small,21,32,4.0,7,4.147,4.0,15.2,12.0,86.377,0,32,39,16.59,2.35,4.64,0.94,0.975,21,22
4,SUV,19,30,13.5,7,4.847,13.5,51.3,40.5,15.242,0,30,39,8.54,1.31,4.74,0.91,0.914,20,22
4,Small,21,30,4.0,3,11.136,4.0,15.2,12.0,3.045,0,30,39,12.49,2.81,4.71,1.05,0.972,20,23
2,Truck,21,30,17.5,7,14.3,17.5,66.5,52.5,10.783,0,21,23,43.9,2.39,4.67,1.03,0.991,19,21
2,Small,22,32,5.0,7,12.547,4.0,15.2,11.0,57.822,0,32,39,23.5,0.85,4.65,0.96,0.951,19,22
4,Sedan,17,31,6.0,3,10.685,6.0,22.8,18.0,10.783,0,31,39,30.04,2.51,4.75,1.0,0.987,20,23
1,SUV,19,31,13.5,7,7.671,13.5,51.3,40.5,57.822,0,31,39,42.98,1.43,4.75,0.99,0.984,20,23
1,Small,23,32,5.0,3,13.732,4.0,15.2,11.0,3.045,0,32,39,43.77,1.62,4.66,1.12,0.986,21,21
3,Small,17,30,4.0,3,10.802,4.0,15.2,12.0,83.097,0,17,23,29.62,2.96,4.67,0.97,0.989,21,22
1,Truck,20,33,17.5,7,15.298,17.5,66.5,52.5,86.377,0,29,33,31.24,3.3,4.61,1.11,0.99,19,23
2,Sedan,16,31,6.0,3,11.506,6.0,22.8,18.0,10.783,0,16,23,22.49,3.28,4.67,1.04,0.987,21,22
5,SUV,21,31,13.5,7,13.128,13.5,51.3,40.5,57.822,0,21,23,49.87,3.56,4.72,1.21,0.994,20,21
4,SUV,17,31,13.5,7,10.319,13.5,51.3,40.5,86.377,0,31,39,27.14,3.09,4.75,1.19,0.988,20,23
4,Sedan,20,32,6.0,3,10.575,6.0,22.8,18.0,86.377,0,32,39,17.41,3.48,4.61,1.02,0.984,21,22
3,Sedan,17,30,6.0,7,9.621,6.0,22.8,18.0,15.242,0,17,23,39.16,1.88,4.73,0.92,0.987,21,22
5,SUV,19,34,13.5,7,11.798,13.5,51.3,40.5,15.242,0,29,34,14.21,1.51,4.72,1.07,0.954,19,21
5,SUV,21,35,13.5,3,13.906,13.5,51.3,40.5,5.938,0,35,39,14.54,0.78,4.68,1.23,0.916,21,21
