Iteration,F_min_DAo,F_max_DAo,F_min_DAb,F_max_DAb,F_min_g_1,F_max_g_1,F_min_g_2,F_max_g_2,F_min_g_3,F_max_g_3,F_min_g_4,F_max_g_4,F_min_do_1,F_max_do_1,F_min_do_2,F_max_do_2,F_min_do_3,F_max_do_3,F_min_do_4,F_max_do_4,F_min_do_5,F_max_do_5,F_min_do_6,F_max_do_6,F_min_do_7,F_max_do_7,F_min_do_8,F_max_do_8,F_min_db_1,F_max_db_1,F_min_db_2,F_max_db_2,F_min_db_3,F_max_db_3,F_min_db_4,F_max_db_4,F_min_db_5,F_max_db_5,F_min_db_6,F_max_db_6,F_min_db_7,F_max_db_7,F_min_db_8,F_max_db_8,F_min_l_1,F_max_l_1,F_min_l_2,F_max_l_2,F_min_l_3,F_max_l_3,F_min_l_4,F_max_l_4,F_min_l_5,F_max_l_5,F_min_l_6,F_max_l_6,F_min_l_7,F_max_l_7
0,0.0,2.0000000000002878,0.0,86.99999999999972,0.0,0.0,14.999999999999716,0.0,44.999999999999716,0.0,74.99999999999972,0.0,0.0,3.0000000000002878,0.0,3.0000000000002878,0.0,3.000000000000284,0.0,2.000000000000284,0.0,1.0000000000002842,0.0,3.000000000000284,0.0,0.0,0.0,1.0000000000002842,0.0,71.99999999999972,0.0,70.99999999999972,0.0,85.99999999999972,0.0,84.99999999999972,0.0,88.99999999999972,0.0,86.99999999999972,0.0,85.99999999999972,0.0,81.99999999999972,0.0,0.0,0.0,0.0,0.0,0.0,0.0,0.0,0.0,0.0,0.0,0.0,0.0,0.0
0,0.0,1.9999995710035439,0.0,90.00000042899646,1.0000004289964597,0.0,16.000000428996458,0.0,46.00000042899646,0.0,76.00000042899646,0.0,0.0,0.9999995710035439,0.0,1.9999995710035439,0.0,-4.2883789899347623e-07,1.0000004289964668,0.0,0.0,1.9999995710035332,0.0,-4.288463743502125e-07,1.0000004289964721,0.0,0.0,-4.287211875592416e-07,0.0,67.00000042899646,0.0,76.00000042899646,0.0,63.000000428996465,0.0,71.00000042899647,0.0,86.00000042899647,0.0,93.00000042899647,0.0,90.00000042899647,0.0,65.00000042899647,0.0,0.0,0.0,0.0,0.0,0.0,0.0,0.0,0.0,0.0,0.0,0.0,0.0,0.0
0,0.0,1.0000000000000036,0.0,86.0,0.0,0.0,14.999999999999996,0.0,45.0,0.0,75.0,0.0,0.0,2.0000000000000036,0.0,1.0000000000000036,0.0,0.0,0.0,0.0,0.0,1.9999999999999964,0.0,0.0,0.0,0.0,0.0,0.0,0.0,92.0,0.0,62.0,0.0,56.0,0.0,84.0,0.0,77.0,0.0,76.0,0.0,57.00000000000001,0.0,70.0,0.0,0.0,0.0,0.0,0.0,0.0,0.0,0.0,0.0,0.0,0.0,0.0,0.0,0.0
0,0.0,7.105427357601002e-15,0.0,83.0,0.0,0.0,14.999999999999995,0.0,44.99999999999999,0.0,75.0,0.0,0.0,2.000000000000007,0.0,7.105427357601002e-15,0.0,1.999999999999993,0.0,0.0,0.0,1.999999999999993,0.0,0.0,0.0,0.9999999999999876,0.0,2.9999999999999876,0.0,82.0,0.0,80.0,0.0,95.0,0.0,90.0,0.0,76.0,0.0,61.000000000000014,0.0,94.00000000000001,0.0,88.00000000000001,0.0,0.0,0.0,0.0,0.0,0.0,0.0,0.0,0.0,0.0,0.0,0.0,0.0,0.0
0,0.0,1.0000000000000053,0.0,59.99999999999999,0.0,0.0,14.999999999999995,0.0,45.0,0.0,75.0,0.0,0.0,0.0,0.0,1.0000000000000053,5.329070518200751e-15,0.0,0.0,2.9999999999999964,0.0,1.9999999999999964,7.105427357601002e-15,0.0,7.105427357601002e-15,0.0,0.0,1.999999999999993,0.0,95.0,0.0,87.0,0.0,93.0,0.0,64.0,0.0,90.0,0.0,83.0,0.0,59.00000000000001,0.0,81.0,0.0,0.0,0.0,0.0,0.0,0.0,0.0,0.0,0.0,0.0,0.0,0.0,0.0,0.0
0,0.0,2.0000000000000178,0.0,92.99999999999999,0.0,0.0,14.999999999999984,0.0,44.999999999999986,0.0,74.99999999999999,0.0,0.0,3.0000000000000178,0.0,3.0000000000000178,0.0,0.0,0.0,3.000000000000007,0.0,0.0,0.0,1.0000000000000036,0.0,1.0000000000000036,0.0,1.0000000000000036,0.0,85.99999999999999,0.0,54.999999999999986,0.0,70.0,0.0,79.0,0.0,89.0,0.0,61.0,0.0,70.0,0.0,91.0,0.0,0.0,0.0,0.0,0.0,0.0,0.0,0.0,0.0,0.0,0.0,0.0,0.0,0.0
0,0.0,0.0,0.0,57.0,0.0,0.0,14.999999999999996,0.0,45.0,0.0,75.0,0.0,0.0,2.0000000000000036,0.0,1.0000000000000036,0.0,0.9999999999999929,0.0,0.9999999999999929,0.0,0.9999999999999929,0.0,1.9999999999999893,0.0,2.9999999999999893,0.0,1.9999999999999893,0.0,60.0,0.0,89.0,0.0,65.0,0.0,67.0,0.0,79.0,0.0,88.00000000000001,0.0,95.00000000000001,0.0,66.00000000000001,0.0,0.0,0.0,0.0,0.0,0.0,0.0,0.0,0.0,0.0,0.0,0.0,0.0,0.0
0,0.0,1.0000000000000036,0.0,82.0,0.0,0.0,14.999999999999996,0.0,45.0,0.0,75.0,0.0,0.0,3.552713678800501e-15,0.0,3.0000000000000036,0.0,2.9999999999999964,0.0,1.9999999999999964,0.0,0.9999999999999964,0.0,2.999999999999993,0.0,2.999999999999993,0.0,0.0,0.0,85.0,0.0,84.0,0.0,74.0,0.0,93.0,0.0,84.0,0.0,84.0,0.0,73.0,0.0,65.0,0.0,0.0,0.0,0.0,0.0,0.0,0.0,0.0,0.0,0.0,0.0,0.0,0.0,0.0
0,0.0,1.0,0.0,75.0,0.0,0.0,15.000000000000016,0.0,45.0,0.0,75.0,0.0,0.0,1.0,0.0,0.0,0.0,0.0,0.0,0.0,0.0,3.0,0.0,1.0000000000000036,0.0,2.0000000000000036,0.0,3.0000000000000036,0.0,77.0,0.0,81.0,0.0,90.0,0.0,87.0,0.0,75.0,0.0,55.0,0.0,69.0,0.0,66.0,0.0,0.0,0.0,0.0,0.0,0.0,0.0,0.0,0.0,0.0,0.0,0.0,0.0,0.0
0,1.0000000000000053,0.0,0.0,94.0,1.0000000000000024,0.0,16.000000000000004,0.0,46.000000000000014,0.0,76.00000000000001,0.0,0.0,0.0,1.0000000000000053,0.0,0.0,0.0,0.0,1.0,0.0,1.0,1.0000000000000018,0.0,0.0,0.9999999999999982,0.0,0.9999999999999982,0.0,82.0,0.0,59.00000000000001,0.0,56.0,0.0,64.0,0.0,68.0,0.0,65.0,0.0,61.0,0.0,61.0,0.0,0.0,0.0,0.0,0.0,0.0,0.0,0.0,0.0,0.0,0.0,0.0,0.0,0.0
0,0.0,1.000000000000007,0.0,71.0,0.0,0.0,14.999999999999995,0.0,44.99999999999999,0.0,75.0,0.0,0.0,2.000000000000007,0.0,3.000000000000007,0.0,1.999999999999993,0.0,0.9999999999999929,0.0,0.9999999999999929,0.0,2.9999999999999876,0.0,0.9999999999999876,0.0,1.9999999999999876,0.0,76.0,0.0,67.0,0.0,90.0,0.0,59.00000000000001,0.0,70.0,0.0,81.00000000000001,0.0,82.00000000000001,0.0,94.00000000000001,0.0,0.0,0.0,0.0,0.0,0.0,0.0,0.0,0.0,0.0,0.0,0.0,0.0,0.0
0,0.0,0.0,0.0,56.0,0.0,0.0,14.999999999999998,0.0,45.0,0.0,75.0,0.0,0.0,3.0000000000000036,0.0,0.0,7.105427357601002e-15,0.0,0.0,0.9999999999999929,0.0,1.999999999999993,0.0,2.999999999999991,0.0,2.999999999999991,0.0,0.9999999999999911,0.0,75.0,0.0,88.0,0.0,81.0,0.0,72.0,0.0,91.0,0.0,64.00000000000001,0.0,61.00000000000001,0.0,79.00000000000001,0.0,0.0,0.0,0.0,0.0,0.0,0.0,0.0,0.0,0.0,0.0,0.0,0.0,0.0
0,0.0,1.000000000000007,0.0,59.99999999999999,0.0,0.0,14.999999999999995,0.0,44.99999999999999,0.0,75.0,0.0,0.0,2.000000000000007,0.0,1.000000000000007,0.0,1.999999999999993,0.0,0.0,0.0,0.9999999999999929,0.0,0.0,0.0,1.9999999999999876,0.0,1.9999999999999876,0.0,60.99999999999999,0.0,78.0,0.0,60.00000000000001,0.0,81.0,0.0,79.0,0.0,59.000000000000014,0.0,95.00000000000001,0.0,94.00000000000001,0.0,0.0,0.0,0.0,0.0,0.0,0.0,0.0,0.0,0.0,0.0,0.0,0.0,0.0
0,0.0,3.0,0.0,69.0,0.0,0.0,14.999999999999996,0.0,45.0,0.0,75.0,0.0,0.0,1.0,-0.0,0.0,0.0,1.0000000000000053,0.0,1.0000000000000053,0.0,2.0000000000000053,0.0,0.0,0.0,2.0,0.0,3.0,0.0,65.0,0.0,94.0,0.0,69.0,0.0,76.0,0.0,69.0,0.0,85.0,0.0,61.0,0.0,70.0,0.0,0.0,0.0,0.0,0.0,0.0,0.0,0.0,0.0,0.0,0.0,0.0,0.0,0.0
0,0.0,7.105427357601002e-15,0.0,91.0,0.0,0.0,14.999999999999995,0.0,44.99999999999999,0.0,75.0,0.0,0.0,3.000000000000007,0.0,2.000000000000007,0.0,0.9999999999999929,0.0,0.0,0.0,0.9999999999999929,0.0,2.9999999999999876,0.0,1.9999999999999876,0.0,2.9999999999999876,0.0,76.0,0.0,86.0,0.0,62.00000000000001,0.0,87.0,0.0,81.0,0.0,71.00000000000001,0.0,83.00000000000001,0.0,86.00000000000001,0.0,0.0,0.0,0.0,0.0,0.0,0.0,0.0,0.0,0.0,0.0,0.0,0.0,0.0
0,0.0,3.0,0.0,92.0,0.0,0.0,14.999999999999995,0.0,45.0,0.0,75.0,0.0,0.0,3.0,0.0,0.0,0.0,0.9999999999999964,0.0,0.9999999999999964,0.0,2.9999999999999964,0.0,2.999999999999993,0.0,2.999999999999993,0.0,1.999999999999993,0.0,81.0,0.0,95.0,0.0,84.0,0.0,72.0,0.0,57.0,0.0,76.0,0.0,65.0,0.0,92.0,0.0,0.0,0.0,0.0,0.0,0.0,0.0,0.0,0.0,0.0,0.0,0.0,0.0,0.0
0,0.0,1.0000000000000142,0.0,57.999999999999986,1.9999999999999902,0.0,16.999999999999986,0.0,46.999999999999986,0.0,76.99999999999999,0.0,0.9999999999999858,0.0,0.0,1.4210854715202004e-14,0.9999999999999947,0.0,0.9999999999999947,0.0,0.0,5.329070518200751e-15,0.0,0.0,0.0,0.0,1.0,0.0,0.0,87.99999999999999,0.0,84.99999999999999,0.0,63.99999999999999,0.0,56.99999999999999,0.0,77.0,0.0,96.0,0.0,76.0,0.0,66.0,0.0,0.0,0.0,0.0,0.0,0.0,0.0,0.0,0.0,0.0,0.0,0.0,0.0,0.0
0,0.0,1.000000000000007,0.0,72.0,0.0,0.0,14.999999999999995,0.0,44.99999999999999,0.0,75.0,0.0,0.0,7.105427357601002e-15,0.0,1.000000000000007,0.0,0.9999999999999929,0.0,0.0,0.0,0.9999999999999929,0.0,1.9999999999999876,0.0,2.9999999999999876,0.0,0.9999999999999876,0.0,73.0,0.0,57.99999999999999,0.0,64.0,0.0,73.0,0.0,85.0,0.0,80.00000000000001,0.0,56.000000000000014,0.0,69.00000000000001,0.0,0.0,0.0,0.0,0.0,0.0,0.0,0.0,0.0,0.0,0.0,0.0,0.0,0.0
0,0.0,2.0000000000000124,0.0,90.99999999999999,0.0,0.0,14.999999999999986,0.0,44.999999999999986,0.0,74.99999999999999,0.0,0.0,0.0,0.0,0.0,0.0,3.000000000000007,0.0,1.000000000000007,0.0,3.000000000000007,0.0,1.0,0.0,0.0,0.0,0.0,0.0,79.99999999999999,0.0,67.99999999999999,0.0,86.0,0.0,74.0,0.0,79.0,0.0,60.0,0.0,57.0,0.0,84.0,0.0,0.0,0.0,0.0,0.0,0.0,0.0,0.0,0.0,0.0,0.0,0.0,0.0,0.0
0,0.0,3.0000000000000036,0.0,57.0,0.0,0.0,14.999999999999996,0.0,45.0,0.0,75.0,0.0,0.0,2.0000000000000036,0.0,3.552713678800501e-15,0.0,1.9999999999999964,0.0,0.9999999999999964,0.0,2.9999999999999964,0.0,2.999999999999993,0.0,0.0,0.0,2.999999999999993,0.0,90.0,0.0,72.0,0.0,73.0,0.0,92.0,0.0,79.0,0.0,76.0,0.0,75.0,0.0,95.0,0.0,0.0,0.0,0.0,0.0,0.0,0.0,0.0,0.0,0.0,0.0,0.0,0.0,0.0
0,0.0,3.0000000000000036,0.0,66.0,0.0,0.0,14.999999999999996,0.0,45.0,0.0,75.0,0.0,0.0,3.0000000000000036,0.0,3.552713678800501e-15,0.0,2.9999999999999964,0.0,0.9999999999999964,0.0,0.9999999999999964,0.0,1.999999999999993,0.0,0.0,0.0,0.0,0.0,57.0,0.0,90.0,0.0,87.0,0.0,92.0,0.0,64.0,0.0,89.0,0.0,58.00000000000001,0.0,71.0,0.0,0.0,0.0,0.0,0.0,0.0,0.0,0.0,0.0,0.0,0.0,0.0,0.0,0.0
0,0.0,3.000000000000007,0.0,85.0,0.0,0.0,14.999999999999995,0.0,44.99999999999999,0.0,75.0,0.0,0.0,2.000000000000007,0.0,1.000000000000007,0.0,1.999999999999993,0.0,1.999999999999993,0.0,1.999999999999993,0.0,2.9999999999999876,0.0,0.9999999999999876,0.0,0.9999999999999876,0.0,84.0,0.0,62.99999999999999,0.0,72.0,0.0,86.0,0.0,86.0,0.0,79.00000000000001,0.0,73.00000000000001,0.0,84.00000000000001,0.0,0.0,0.0,0.0,0.0,0.0,0.0,0.0,0.0,0.0,0.0,0.0,0.0,0.0
0,998.0,1000.0,0.0,88.0,0.0,0.0,15.0,0.0,45.0,0.0,75.0,0.0,0.0,3.0000000000000044,0.0,1.0000000000000044,0.0,0.0,0.0,2.9999999999999982,0.0,0.0,0.0,0.0,0.0,2.9999999999999987,0.0,0.0,0.0,60.0,0.0,73.0,0.0,81.0,0.0,64.0,0.0,57.0,0.0,75.0,0.0,77.0,0.0,71.0,0.0,0.0,0.0,0.0,0.0,0.0,0.0,0.0,0.0,0.0,0.0,0.0,0.0,0.0
0,0.0,1.9999999999999964,0.0,83.0,3.552713678800501e-15,0.0,15.000000000000005,0.0,45.0,0.0,75.0,0.0,0.0,0.9999999999999964,0.0,1.9999999999999964,0.0,0.0,0.0,2.0,0.0,3.0,0.0,2.0,0.0,2.0,0.0,1.0,0.0,75.0,0.0,83.0,0.0,85.0,0.0,83.0,0.0,63.0,0.0,95.0,0.0,78.0,0.0,55.0,0.0,0.0,0.0,0.0,0.0,0.0,0.0,0.0,0.0,0.0,0.0,0.0,0.0,0.0
1,0.0,2.000000000000007,0.0,87.0,0.0,0.0,14.999999999999995,0.0,44.99999999999999,0.0,75.0,0.0,997.0,1000.0,0.0,3.000000000000007,0.0,2.999999999999993,0.0,1.999999999999993,0.0,0.9999999999999929,0.0,2.9999999999999876,1000.0,1000.0,0.0,0.9999999999999876,0.0,72.0,0.0,71.0,0.0,86.0,0.0,85.0,0.0,89.0,0.0,87.00000000000001,0.0,86.00000000000001,0.0,82.00000000000001,0.0,0.0,0.0,0.0,0.0,0.0,0.0,0.0,0.0,0.0,0.0,0.0,0.0,0.0
1,0.0,3.000000000000007,0.0,89.0,0.0,0.0,14.999999999999995,0.0,44.99999999999999,0.0,75.0,0.0,0.0,2.000000000000007,0.0,3.000000000000007,0.0,0.9999999999999929,1000.0,1000.0,0.0,2.999999999999993,0.0,0.9999999999999876,1000.0,1000.0,0.0,0.9999999999999876,0.0,66.0,0.0,75.0,0.0,62.00000000000001,0.0,70.0,0.0,85.0,0.0,92.00000000000001,0.0,89.00000000000001,0.0,64.00000000000001,0.0,0.0,0.0,0.0,0.0,0.0,0.0,0.0,0.0,0.0,0.0,0.0,0.0,0.0
1,0.0,1.000000000000007,0.0,86.0,0.0,0.0,14.999999999999995,0.0,44.99999999999999,0.0,75.0,0.0,0.0,2.000000000000007,0.0,1.000000000000007,1000.0,1000.0,1000.0,1000.0,0.0,1.999999999999993,1000.0,1000.0,1000.0,1000.0,1000.0,1000.0,0.0,92.0,0.0,61.99999999999999,0.0,56.00000000000001,0.0,84.0,0.0,77.0,0.0,76.00000000000001,0.0,57.000000000000014,0.0,70.00000000000001,0.0,0.0,0.0,0.0,0.0,0.0,0.0,0.0,0.0,0.0,0.0,0.0,0.0,0.0
1,0.0,7.105427357601002e-15,0.0,83.0,0.0,0.0,14.999999999999995,0.0,44.99999999999999,0.0,75.0,0.0,0.0,2.000000000000007,0.0,7.105427357601002e-15,0.0,1.999999999999993,1000.0,1000.0,0.0,1.999999999999993,1000.0,1000.0,0.0,0.9999999999999876,0.0,2.9999999999999876,0.0,82.0,0.0,80.0,0.0,95.0,0.0,90.0,0.0,76.0,0.0,61.000000000000014,0.0,94.00000000000001,0.0,88.00000000000001,0.0,0.0,0.0,0.0,0.0,0.0,0.0,0.0,0.0,0.0,0.0,0.0,0.0,0.0
1,0.0,1.000000000000007,0.0,59.99999999999999,0.0,0.0,14.999999999999995,0.0,44.99999999999999,0.0,75.0,0.0,0.0,7.105427357601002e-15,0.0,1.000000000000007,1000.0,1000.0,0.0,2.999999999999993,0.0,1.999999999999993,1000.0,1000.0,1000.0,1000.0,0.0,1.9999999999999876,0.0,95.0,0.0,87.0,0.0,93.0,0.0,64.0,0.0,90.0,0.0,83.00000000000001,0.0,59.000000000000014,0.0,81.00000000000001,0.0,0.0,0.0,0.0,0.0,0.0,0.0,0.0,0.0,0.0,0.0,0.0,0.0,0.0
1,0.0,2.000000000000007,0.0,93.0,0.0,0.0,14.999999999999995,0.0,44.99999999999999,0.0,75.0,0.0,0.0,3.000000000000007,0.0,3.000000000000007,1000.0,1000.0,0.0,2.999999999999993,1000.0,1000.0,0.0,0.9999999999999876,0.0,0.9999999999999876,0.0,0.9999999999999876,0.0,86.0,0.0,54.99999999999999,0.0,70.0,0.0,79.0,0.0,89.0,0.0,61.000000000000014,0.0,70.00000000000001,0.0,91.00000000000001,0.0,0.0,0.0,0.0,0.0,0.0,0.0,0.0,0.0,0.0,0.0,0.0,0.0,0.0
1,0.0,7.105427357601002e-15,0.0,56.99999999999999,0.0,0.0,14.999999999999995,0.0,44.99999999999999,0.0,75.0,0.0,0.0,2.000000000000007,0.0,1.000000000000007,0.0,0.9999999999999929,0.0,0.9999999999999929,0.0,0.9999999999999929,0.0,1.9999999999999876,0.0,2.9999999999999876,0.0,1.9999999999999876,0.0,59.99999999999999,0.0,89.0,0.0,65.0,0.0,67.0,0.0,79.0,0.0,88.00000000000001,0.0,95.00000000000001,0.0,66.00000000000001,0.0,0.0,0.0,0.0,0.0,0.0,0.0,0.0,0.0,0.0,0.0,0.0,0.0,0.0
1,0.0,1.0000000000000053,0.0,82.0,0.0,0.0,14.999999999999995,0.0,45.0,0.0,75.0,0.0,0.0,5.329070518200751e-15,0.0,3.0000000000000053,0.0,2.9999999999999964,0.0,1.9999999999999964,0.0,0.9999999999999964,0.0,2.999999999999993,0.0,2.999999999999993,1000.0,1000.0,0.0,85.0,0.0,84.0,0.0,74.0,0.0,93.0,0.0,84.0,0.0,84.0,0.0,73.0,0.0,65.0,0.0,0.0,0.0,0.0,0.0,0.0,0.0,0.0,0.0,0.0,0.0,0.0,0.0,0.0
1,0.0,1.0000000000000053,0.0,75.0,0.0,0.0,14.999999999999995,0.0,45.0,0.0,75.0,0.0,0.0,1.0000000000000053,0.0,5.329070518200751e-15,1000.0,1000.0,1000.0,1000.0,0.0,2.9999999999999964,0.0,0.9999999999999929,0.0,1.999999999999993,0.0,2.999999999999993,0.0,77.0,0.0,81.0,0.0,90.0,0.0,87.0,0.0,75.0,0.0,55.00000000000001,0.0,69.0,0.0,66.0,0.0,0.0,0.0,0.0,0.0,0.0,0.0,0.0,0.0,0.0,0.0,0.0,0.0,0.0
1,0.0,7.105427357601002e-15,0.0,93.0,0.0,0.0,14.999999999999995,0.0,44.99999999999999,0.0,75.0,0.0,0.0,1.000000000000007,0.0,7.105427357601002e-15,0.0,0.9999999999999929,0.0,1.999999999999993,0.0,1.999999999999993,1000.0,1000.0,0.0,1.9999999999999876,0.0,1.9999999999999876,0.0,81.0,0.0,57.99999999999999,0.0,55.00000000000001,0.0,63.00000000000001,0.0,67.0,0.0,64.00000000000001,0.0,60.000000000000014,0.0,60.000000000000014,0.0,0.0,0.0,0.0,0.0,0.0,0.0,0.0,0.0,0.0,0.0,0.0,0.0,0.0
1,0.0,1.0000000000000089,0.0,70.99999999999999,0.0,0.0,14.999999999999993,0.0,44.99999999999999,0.0,75.0,0.0,0.0,2.000000000000009,0.0,3.000000000000009,0.0,1.9999999999999982,0.0,0.9999999999999982,0.0,0.9999999999999982,0.0,2.9999999999999947,0.0,0.9999999999999947,0.0,1.9999999999999947,0.0,75.99999999999999,0.0,66.99999999999999,0.0,90.0,0.0,59.0,0.0,70.0,0.0,81.0,0.0,82.0,0.0,94.0,0.0,0.0,0.0,0.0,0.0,0.0,0.0,0.0,0.0,0.0,0.0,0.0,0.0,0.0
1,0.0,0.0,0.0,55.99999999999999,0.0,0.0,14.999999999999995,0.0,45.0,0.0,75.0,0.0,0.0,3.0000000000000053,0.0,5.329070518200751e-15,1000.0,1000.0,0.0,0.9999999999999964,0.0,1.9999999999999964,0.0,2.999999999999993,0.0,2.999999999999993,0.0,0.9999999999999929,0.0,75.0,0.0,88.0,0.0,81.0,0.0,72.0,0.0,91.0,0.0,64.0,0.0,61.00000000000001,0.0,79.0,0.0,0.0,0.0,0.0,0.0,0.0,0.0,0.0,0.0,0.0,0.0,0.0,0.0,0.0
1,0.0,1.000000000000007,0.0,59.99999999999999,0.0,0.0,14.999999999999995,0.0,44.99999999999999,0.0,75.0,0.0,0.0,2.000000000000007,0.0,1.000000000000007,0.0,1.999999999999993,1000.0,1000.0,0.0,0.9999999999999929,1000.0,1000.0,0.0,1.9999999999999876,0.0,1.9999999999999876,0.0,60.99999999999999,0.0,78.0,0.0,60.00000000000001,0.0,81.0,0.0,79.0,0.0,59.000000000000014,0.0,95.00000000000001,0.0,94.00000000000001,0.0,0.0,0.0,0.0,0.0,0.0,0.0,0.0,0.0,0.0,0.0,0.0,0.0,0.0
1,0.0,3.000000000000007,0.0,69.0,0.0,0.0,14.999999999999995,0.0,44.99999999999999,0.0,75.0,0.0,0.0,1.000000000000007,0.0,7.105427357601002e-15,0.0,0.9999999999999929,0.0,0.9999999999999929,0.0,1.999999999999993,1000.0,1000.0,0.0,1.9999999999999876,0.0,2.9999999999999876,0.0,65.0,0.0,94.0,0.0,69.0,0.0,76.0,0.0,69.0,0.0,85.00000000000001,0.0,61.000000000000014,0.0,70.00000000000001,0.0,0.0,0.0,0.0,0.0,0.0,0.0,0.0,0.0,0.0,0.0,0.0,0.0,0.0
1,0.0,7.105427357601002e-15,0.0,91.0,0.0,0.0,14.999999999999995,0.0,44.99999999999999,0.0,75.0,0.0,0.0,3.000000000000007,0.0,2.000000000000007,0.0,0.9999999999999929,1000.0,1000.0,0.0,0.9999999999999929,0.0,2.9999999999999876,0.0,1.9999999999999876,0.0,2.9999999999999876,0.0,76.0,0.0,86.0,0.0,62.00000000000001,0.0,87.0,0.0,81.0,0.0,71.00000000000001,0.0,83.00000000000001,0.0,86.00000000000001,0.0,0.0,0.0,0.0,0.0,0.0,0.0,0.0,0.0,0.0,0.0,0.0,0.0,0.0
1,0.0,3.000000000000007,0.0,92.0,0.0,0.0,14.999999999999995,0.0,44.99999999999999,0.0,75.0,0.0,0.0,3.000000000000007,0.0,7.105427357601002e-15,0.0,0.9999999999999929,0.0,0.9999999999999929,0.0,2.999999999999993,0.0,2.9999999999999876,0.0,2.9999999999999876,0.0,1.9999999999999876,0.0,81.0,0.0,95.0,0.0,84.0,0.0,72.0,0.0,57.00000000000001,0.0,76.00000000000001,0.0,65.00000000000001,0.0,92.00000000000001,0.0,0.0,0.0,0.0,0.0,0.0,0.0,0.0,0.0,0.0,0.0,0.0,0.0,0.0
1,0.0,3.000000000000007,0.0,55.99999999999999,0.0,0.0,14.999999999999995,0.0,44.99999999999999,0.0,75.0,0.0,0.0,1.000000000000007,0.0,2.000000000000007,0.0,0.9999999999999929,0.0,0.9999999999999929,0.0,1.999999999999993,0.0,1.9999999999999876,0.0,1.9999999999999876,0.0,0.9999999999999876,0.0,86.0,0.0,83.0,0.0,62.00000000000001,0.0,55.00000000000001,0.0,75.0,0.0,94.00000000000001,0.0,74.00000000000001,0.0,64.00000000000001,0.0,0.0,0.0,0.0,0.0,0.0,0.0,0.0,0.0,0.0,0.0,0.0,0.0,0.0
1,0.0,1.000000000000007,0.0,72.0,0.0,0.0,14.999999999999995,0.0,44.99999999999999,0.0,75.0,0.0,0.0,7.105427357601002e-15,0.0,1.000000000000007,0.0,0.9999999999999929,1000.0,1000.0,0.0,0.9999999999999929,0.0,1.9999999999999876,0.0,2.9999999999999876,0.0,0.9999999999999876,0.0,73.0,0.0,57.99999999999999,0.0,64.0,0.0,73.0,0.0,85.0,0.0,80.00000000000001,0.0,56.000000000000014,0.0,69.00000000000001,0.0,0.0,0.0,0.0,0.0,0.0,0.0,0.0,0.0,0.0,0.0,0.0,0.0,0.0
1,0.0,2.0000000000000053,0.0,91.0,0.0,0.0,14.999999999999996,0.0,44.99999999999999,0.0,75.0,0.0,0.0,5.329070518200751e-15,0.0,5.329070518200751e-15,0.0,2.999999999999993,0.0,0.9999999999999929,0.0,2.999999999999993,0.0,0.9999999999999911,1000.0,1000.0,1000.0,1000.0,0.0,80.0,0.0,68.0,0.0,86.0,0.0,74.0,0.0,79.0,0.0,60.00000000000001,0.0,57.00000000000001,0.0,84.00000000000001,0.0,0.0,0.0,0.0,0.0,0.0,0.0,0.0,0.0,0.0,0.0,0.0,0.0,0.0
1,0.0,3.0000000000000036,0.0,57.0,0.0,0.0,14.999999999999996,0.0,45.0,0.0,75.0,0.0,0.0,2.0,0.0,3.552713678800501e-15,0.0,2.0,0.0,1.0,0.0,2.9999999999999964,0.0,2.999999999999993,0.0,0.0,0.0,2.999999999999993,0.0,90.0,0.0,72.0,0.0,73.0,0.0,92.0,0.0,79.0,0.0,76.0,0.0,75.0,0.0,95.0,0.0,0.0,0.0,0.0,0.0,0.0,0.0,0.0,0.0,0.0,0.0,0.0,0.0,0.0
1,0.0,0.0,0.0,69.0,3.0000000000000053,0.0,18.0,0.0,48.0,0.0,78.0,0.0,0.0,0.0,3.0,0.0,0.0,0.0,2.000000000000007,0.0,2.000000000000007,0.0,1.0000000000000107,0.0,3.0000000000000107,0.0,3.0000000000000107,0.0,0.0,60.0,0.0,93.0,0.0,90.00000000000001,0.0,95.00000000000001,0.0,67.00000000000001,0.0,92.00000000000001,0.0,61.000000000000014,0.0,74.00000000000001,0.0,0.0,0.0,0.0,0.0,0.0,0.0,0.0,0.0,0.0,0.0,0.0,0.0,0.0
1,0.0,1.0000000000000235,0.0,87.0,2.000000000000009,0.0,17.000000000000007,0.0,47.0,0.0,77.0,0.0,0.0,0.0,0.9999999999999982,0.0,0.0,0.0,0.0,0.0,0.0,0.0,0.0,0.9999999999999947,1.0000000000000053,0.0,1.0000000000000053,0.0,0.0,86.0,0.0,65.0,0.0,74.0,0.0,88.0,0.0,88.0,0.0,81.0,0.0,75.0,0.0,86.0,0.0,0.0,0.0,0.0,0.0,0.0,0.0,0.0,0.0,0.0,0.0,0.0,0.0,0.0
1,0.0,2.0000000000002274,0.0,87.99999999999977,0.0,0.0,14.999999999999773,0.0,44.99999999999977,0.0,74.99999999999977,0.0,0.0,3.0000000000002274,0.0,1.0000000000002274,0.0,0.0,0.0,3.000000000000213,0.0,2.1316282072803006e-13,0.0,0.0,0.0,3.000000000000213,0.0,2.1316282072803006e-13,0.0,59.99999999999977,0.0,72.99999999999977,0.0,80.99999999999979,0.0,63.99999999999979,0.0,56.99999999999979,0.0,74.99999999999979,0.0,76.99999999999979,0.0,70.99999999999979,0.0,0.0,0.0,0.0,0.0,0.0,0.0,0.0,0.0,0.0,0.0,0.0,0.0,0.0
1,13.0,0.0,0.0,98.0,15.0,0.0,30.0,0.0,60.0,0.0,90.0,0.0,14.0,0.0,13.0,0.0,15.0,0.0,13.0,0.0,12.0,0.0,13.0,0.0,13.0,0.0,14.0,0.0,0.0,90.0,0.0,98.0,0.0,100.0,0.0,98.0,0.0,78.0,0.0,110.0,0.0,93.0,0.0,70.0,0.0,0.0,0.0,0.0,0.0,0.0,0.0,0.0,0.0,0.0,0.0,0.0,0.0,0.0
2,0.0,2.000000000000007,0.0,87.0,0.0,0.0,14.999999999999995,0.0,44.99999999999999,0.0,75.0,0.0,0.0,3.000000000000007,0.0,3.000000000000007,0.0,2.999999999999993,0.0,1.999999999999993,0.0,0.9999999999999929,0.0,2.9999999999999876,1000.0,1000.0,0.0,0.9999999999999876,0.0,72.0,0.0,71.0,0.0,86.0,0.0,85.0,0.0,89.0,0.0,87.00000000000001,0.0,86.00000000000001,0.0,82.00000000000001,0.0,0.0,0.0,0.0,0.0,0.0,0.0,0.0,0.0,0.0,0.0,0.0,0.0,0.0
2,0.0,3.000000000000007,0.0,89.0,0.0,0.0,14.999999999999995,0.0,44.99999999999999,0.0,75.0,0.0,0.0,2.000000000000007,0.0,3.000000000000007,0.0,0.9999999999999929,1000.0,1000.0,0.0,2.999999999999993,0.0,0.9999999999999876,1000.0,1000.0,0.0,0.9999999999999876,0.0,66.0,0.0,75.0,0.0,62.00000000000001,0.0,70.0,0.0,85.0,0.0,92.00000000000001,0.0,89.00000000000001,0.0,64.00000000000001,0.0,0.0,0.0,0.0,0.0,0.0,0.0,0.0,0.0,0.0,0.0,0.0,0.0,0.0
2,0.0,1.000000000000007,0.0,86.0,0.0,0.0,14.999999999999995,0.0,44.99999999999999,0.0,75.0,0.0,0.0,2.000000000000007,0.0,1.000000000000007,1000.0,1000.0,1000.0,1000.0,0.0,1.999999999999993,1000.0,1000.0,1000.0,1000.0,1000.0,1000.0,0.0,92.0,0.0,61.99999999999999,0.0,56.00000000000001,0.0,84.0,0.0,77.0,0.0,76.00000000000001,0.0,57.000000000000014,0.0,70.00000000000001,0.0,0.0,0.0,0.0,0.0,0.0,0.0,0.0,0.0,0.0,0.0,0.0,0.0,0.0
2,0.0,7.105427357601002e-15,0.0,83.0,0.0,0.0,14.999999999999995,0.0,44.99999999999999,0.0,75.0,0.0,0.0,2.000000000000007,0.0,7.105427357601002e-15,0.0,1.999999999999993,1000.0,1000.0,0.0,1.999999999999993,1000.0,1000.0,0.0,0.9999999999999876,0.0,2.9999999999999876,0.0,82.0,0.0,80.0,0.0,95.0,0.0,90.0,0.0,76.0,0.0,61.000000000000014,0.0,94.00000000000001,0.0,88.00000000000001,0.0,0.0,0.0,0.0,0.0,0.0,0.0,0.0,0.0,0.0,0.0,0.0,0.0,0.0
2,0.0,1.000000000000007,0.0,59.99999999999999,0.0,0.0,14.999999999999995,0.0,44.99999999999999,0.0,75.0,0.0,0.0,7.105427357601002e-15,0.0,1.000000000000007,1000.0,1000.0,0.0,2.999999999999993,0.0,1.999999999999993,1000.0,1000.0,1000.0,1000.0,0.0,1.9999999999999876,0.0,95.0,0.0,87.0,0.0,93.0,0.0,64.0,0.0,90.0,0.0,83.00000000000001,0.0,59.000000000000014,0.0,81.00000000000001,0.0,0.0,0.0,0.0,0.0,0.0,0.0,0.0,0.0,0.0,0.0,0.0,0.0,0.0
2,0.0,2.000000000000007,0.0,93.0,0.0,0.0,14.999999999999995,0.0,44.99999999999999,0.0,75.0,0.0,0.0,3.000000000000007,0.0,3.000000000000007,1000.0,1000.0,0.0,2.999999999999993,1000.0,1000.0,0.0,0.9999999999999876,0.0,0.9999999999999876,0.0,0.9999999999999876,0.0,86.0,0.0,54.99999999999999,0.0,70.0,0.0,79.0,0.0,89.0,0.0,61.000000000000014,0.0,70.00000000000001,0.0,91.00000000000001,0.0,0.0,0.0,0.0,0.0,0.0,0.0,0.0,0.0,0.0,0.0,0.0,0.0,0.0
2,0.0,7.105427357601002e-15,0.0,56.99999999999999,0.0,0.0,14.999999999999995,0.0,44.99999999999999,0.0,75.0,0.0,0.0,2.000000000000007,0.0,1.000000000000007,0.0,0.9999999999999929,0.0,0.9999999999999929,0.0,0.9999999999999929,0.0,1.9999999999999876,0.0,2.9999999999999876,0.0,1.9999999999999876,0.0,59.99999999999999,0.0,89.0,0.0,65.0,0.0,67.0,0.0,79.0,0.0,88.00000000000001,0.0,95.00000000000001,0.0,66.00000000000001,0.0,0.0,0.0,0.0,0.0,0.0,0.0,0.0,0.0,0.0,0.0,0.0,0.0,0.0
2,0.0,1.0000000000000053,0.0,82.0,0.0,0.0,14.999999999999995,0.0,45.0,0.0,75.0,0.0,0.0,5.329070518200751e-15,0.0,3.0000000000000053,0.0,2.9999999999999964,0.0,1.9999999999999964,0.0,0.9999999999999964,0.0,2.999999999999993,0.0,2.999999999999993,1000.0,1000.0,0.0,85.0,0.0,84.0,0.0,74.0,0.0,93.0,0.0,84.0,0.0,84.0,0.0,73.0,0.0,65.0,0.0,0.0,0.0,0.0,0.0,0.0,0.0,0.0,0.0,0.0,0.0,0.0,0.0,0.0
2,0.0,1.0000000000000053,0.0,75.0,0.0,0.0,14.999999999999995,0.0,45.0,0.0,75.0,0.0,0.0,1.0000000000000053,0.0,5.329070518200751e-15,1000.0,1000.0,1000.0,1000.0,0.0,2.9999999999999964,0.0,0.9999999999999929,0.0,1.999999999999993,0.0,2.999999999999993,0.0,77.0,0.0,81.0,0.0,90.0,0.0,87.0,0.0,75.0,0.0,55.00000000000001,0.0,69.0,0.0,66.0,0.0,0.0,0.0,0.0,0.0,0.0,0.0,0.0,0.0,0.0,0.0,0.0,0.0,0.0
2,0.0,0.0,0.0,93.0,0.0,0.0,14.999999999999996,0.0,45.0,0.0,75.0,0.0,0.0,1.0000000000000036,0.0,3.552713678800501e-15,0.0,0.9999999999999929,0.0,1.999999999999993,0.0,1.999999999999993,1000.0,1000.0,0.0,1.9999999999999893,0.0,1.9999999999999893,0.0,81.0,0.0,58.0,0.0,55.00000000000001,0.0,63.00000000000001,0.0,67.0,0.0,64.00000000000001,0.0,60.000000000000014,0.0,60.000000000000014,0.0,0.0,0.0,0.0,0.0,0.0,0.0,0.0,0.0,0.0,0.0,0.0,0.0,0.0
2,0.0,1.0000000000000089,0.0,70.99999999999999,0.0,0.0,14.999999999999993,0.0,44.99999999999999,0.0,75.0,0.0,0.0,2.000000000000009,0.0,3.000000000000009,998.0,1000.0,0.0,0.9999999999999982,0.0,0.9999999999999982,0.0,2.9999999999999947,0.0,0.9999999999999947,0.0,1.9999999999999947,0.0,75.99999999999999,0.0,66.99999999999999,0.0,90.0,0.0,59.0,0.0,70.0,0.0,81.0,0.0,82.0,0.0,94.0,0.0,0.0,0.0,0.0,0.0,0.0,0.0,0.0,0.0,0.0,0.0,0.0,0.0,0.0
2,0.0,0.0,0.0,55.99999999999999,0.0,0.0,14.999999999999995,0.0,45.0,0.0,75.0,0.0,0.0,3.0000000000000053,0.0,5.329070518200751e-15,1000.0,1000.0,0.0,0.9999999999999964,0.0,1.9999999999999964,0.0,2.999999999999993,0.0,2.999999999999993,0.0,0.9999999999999929,0.0,75.0,0.0,88.0,0.0,81.0,0.0,72.0,0.0,91.0,0.0,64.0,0.0,61.00000000000001,0.0,79.0,0.0,0.0,0.0,0.0,0.0,0.0,0.0,0.0,0.0,0.0,0.0,0.0,0.0,0.0
2,0.0,1.000000000000007,0.0,59.99999999999999,0.0,0.0,14.999999999999995,0.0,44.99999999999999,0.0,75.0,0.0,0.0,2.000000000000007,0.0,1.000000000000007,0.0,1.999999999999993,1000.0,1000.0,0.0,0.9999999999999929,1000.0,1000.0,0.0,1.9999999999999876,0.0,1.9999999999999876,0.0,60.99999999999999,0.0,78.0,0.0,60.00000000000001,0.0,81.0,0.0,79.0,0.0,59.000000000000014,0.0,95.00000000000001,0.0,94.00000000000001,0.0,0.0,0.0,0.0,0.0,0.0,0.0,0.0,0.0,0.0,0.0,0.0,0.0,0.0
2,0.0,3.000000000000007,0.0,69.0,0.0,0.0,14.999999999999995,0.0,44.99999999999999,0.0,75.0,0.0,0.0,1.000000000000007,0.0,7.105427357601002e-15,0.0,0.9999999999999929,0.0,0.9999999999999929,0.0,1.999999999999993,1000.0,1000.0,0.0,1.9999999999999876,0.0,2.9999999999999876,0.0,65.0,0.0,94.0,0.0,69.0,0.0,76.0,0.0,69.0,0.0,85.00000000000001,0.0,61.000000000000014,0.0,70.00000000000001,0.0,0.0,0.0,0.0,0.0,0.0,0.0,0.0,0.0,0.0,0.0,0.0,0.0,0.0
2,0.0,7.105427357601002e-15,0.0,91.0,0.0,0.0,14.999999999999995,0.0,44.99999999999999,0.0,75.0,0.0,0.0,3.000000000000007,0.0,2.000000000000007,0.0,0.9999999999999929,1000.0,1000.0,0.0,0.9999999999999929,0.0,2.9999999999999876,0.0,1.9999999999999876,0.0,2.9999999999999876,0.0,76.0,0.0,86.0,0.0,62.00000000000001,0.0,87.0,0.0,81.0,0.0,71.00000000000001,0.0,83.00000000000001,0.0,86.00000000000001,0.0,0.0,0.0,0.0,0.0,0.0,0.0,0.0,0.0,0.0,0.0,0.0,0.0,0.0
2,0.0,3.000000000000007,0.0,92.0,0.0,0.0,14.999999999999995,0.0,44.99999999999999,0.0,75.0,0.0,0.0,3.000000000000007,0.0,7.105427357601002e-15,0.0,0.9999999999999929,0.0,0.9999999999999929,0.0,2.999999999999993,0.0,2.9999999999999876,0.0,2.9999999999999876,0.0,1.9999999999999876,0.0,81.0,0.0,95.0,0.0,84.0,0.0,72.0,0.0,57.00000000000001,0.0,76.00000000000001,0.0,65.00000000000001,0.0,92.00000000000001,0.0,0.0,0.0,0.0,0.0,0.0,0.0,0.0,0.0,0.0,0.0,0.0,0.0,0.0
2,0.0,3.000000000000007,0.0,55.99999999999999,0.0,0.0,14.999999999999995,0.0,44.99999999999999,0.0,75.0,0.0,0.0,1.000000000000007,0.0,2.000000000000007,0.0,0.9999999999999929,0.0,0.9999999999999929,0.0,1.999999999999993,0.0,1.9999999999999876,0.0,1.9999999999999876,0.0,0.9999999999999876,0.0,86.0,0.0,83.0,0.0,62.00000000000001,0.0,55.00000000000001,0.0,75.0,0.0,94.00000000000001,0.0,74.00000000000001,0.0,64.00000000000001,0.0,0.0,0.0,0.0,0.0,0.0,0.0,0.0,0.0,0.0,0.0,0.0,0.0,0.0
2,0.0,1.000000000000007,0.0,72.0,0.0,0.0,14.999999999999995,0.0,44.99999999999999,0.0,75.0,0.0,0.0,7.105427357601002e-15,0.0,1.000000000000007,0.0,0.9999999999999929,1000.0,1000.0,0.0,0.9999999999999929,0.0,1.9999999999999876,0.0,2.9999999999999876,0.0,0.9999999999999876,0.0,73.0,0.0,57.99999999999999,0.0,64.0,0.0,73.0,0.0,85.0,0.0,80.00000000000001,0.0,56.000000000000014,0.0,69.00000000000001,0.0,0.0,0.0,0.0,0.0,0.0,0.0,0.0,0.0,0.0,0.0,0.0,0.0,0.0
2,998.0,1000.0,0.0,90.99999999999999,0.0,0.0,15.000000000000004,0.0,44.999999999999986,0.0,74.99999999999999,0.0,0.0,1.4210854715202004e-14,0.0,1.4210854715202004e-14,0.0,3.000000000000007,0.0,1.000000000000007,0.0,3.000000000000007,0.0,1.0000000000000107,0.0,1.0658141036401503e-14,0.0,1.0658141036401503e-14,0.0,79.99999999999999,0.0,67.99999999999999,0.0,86.0,0.0,74.0,0.0,79.0,0.0,59.999999999999986,0.0,56.999999999999986,0.0,83.99999999999999,0.0,0.0,0.0,0.0,0.0,0.0,0.0,0.0,0.0,0.0,0.0,0.0,0.0,0.0
2,0.0,3.0000000000000018,0.0,57.0,0.0,0.0,14.999999999999996,0.0,45.0,0.0,75.0,0.0,0.0,2.0000000000000018,0.0,0.0,0.0,2.0,0.0,1.0000000000000036,0.0,3.0000000000000036,0.0,3.0000000000000036,0.0,0.0,0.0,3.0,0.0,90.0,0.0,72.0,0.0,73.0,0.0,92.0,0.0,79.0,0.0,76.0,0.0,75.0,0.0,95.0,0.0,0.0,0.0,0.0,0.0,0.0,0.0,0.0,0.0,0.0,0.0,0.0,0.0,0.0
2,0.0,3.000000000000007,0.0,66.0,0.0,0.0,14.999999999999995,0.0,44.99999999999999,0.0,75.0,0.0,0.0,3.000000000000007,0.0,7.105427357601002e-15,0.0,2.999999999999993,0.0,0.9999999999999929,0.0,0.9999999999999929,0.0,1.9999999999999876,1000.0,1000.0,1000.0,1000.0,0.0,56.99999999999999,0.0,90.0,0.0,87.0,0.0,92.0,0.0,64.0,0.0,89.00000000000001,0.0,58.000000000000014,0.0,71.00000000000001,0.0,0.0,0.0,0.0,0.0,0.0,0.0,0.0,0.0,0.0,0.0,0.0,0.0,0.0
2,0.0,3.000000000000007,0.0,85.0,0.0,0.0,14.999999999999995,0.0,44.99999999999999,0.0,75.0,0.0,0.0,2.000000000000007,0.0,1.000000000000007,0.0,1.999999999999993,0.0,1.999999999999993,0.0,1.999999999999993,0.0,2.9999999999999876,0.0,0.9999999999999876,0.0,0.9999999999999876,0.0,84.0,0.0,62.99999999999999,0.0,72.0,0.0,86.0,0.0,86.0,0.0,79.00000000000001,0.0,73.00000000000001,0.0,84.00000000000001,0.0,0.0,0.0,0.0,0.0,0.0,0.0,0.0,0.0,0.0,0.0,0.0,0.0,0.0
2,0.0,2.000000000000016,0.0,87.99999999999999,0.0,0.0,15.0,0.0,44.999999999999986,0.0,74.99999999999999,0.0,0.0,3.000000000000016,0.0,1.0000000000000142,0.0,0.0,0.0,3.0,0.0,0.0,0.0,-0.0,0.0,3.000000000000014,0.0,1.4210854715202004e-14,0.0,59.999999999999986,0.0,72.99999999999999,0.0,81.0,0.0,64.0,0.0,57.0,0.0,74.99999999999999,0.0,76.99999999999999,0.0,70.99999999999999,0.0,0.0,0.0,0.0,0.0,0.0,0.0,0.0,0.0,0.0,0.0,0.0,0.0,0.0
2,1000.0,987.0,0.0,98.0,15.0,0.0,30.0,0.0,60.0,0.0,90.0,0.0,1000.0,986.0,1000.0,987.0,1000.0,985.0,1000.0,987.0,1000.0,988.0,1000.0,987.0,1000.0,987.0,1000.0,986.0,0.0,90.0,0.0,98.0,0.0,100.0,0.0,98.0,0.0,78.0,0.0,110.0,0.0,93.0,0.0,70.0,0.0,0.0,0.0,0.0,0.0,0.0,0.0,0.0,0.0,0.0,0.0,0.0,0.0,0.0
