7,5,1,3,9,6,2,8,4
131.87179854212116,134.80445222347578,133.68351063598521,122.65072651083862,122.26263126744034,104.37873055820606,104.91530204570817,109.52685689395364,110.8282956061729
120.79646005922397,131.12586477006997,144.85216378172632,110.3620868480052,77.58880232802133,-1.042687498109499,71.86321994967997,32.43243642095949,14.878010840188828
25.670274549454938,7.5807079841556755,92.28927953011252,59.611387326289396,-32.00795163194759,-76.87000960396357,43.22274492527742,-80.20684974704211,-81.3913266526808
190.66005470378187,201.92141245885335,205.50833300935906,195.55776336424665,190.42415208533242,170.60235054161473,152.1781346681029,191.3666098999596,183.77859590764172
214.36732162808212,224.4941914471028,230.078139377127,201.8534360772285,207.7729441825444,190.43306408352615,179.21219966803443,176.2220886351764,198.41732128795704
222.8432890011806,232.52385176136372,228.18126069000456,205.61708162534072,216.7594843617633,195.76119774030715,178.5485045320839,189.45263723218443,204.12598671800927
219.86521818299073,229.64148153033548,227.08041018021734,203.06393088496486,212.7906519448095,189.81691892570805,185.87511600957058,185.87348256426958,200.37935870838018
214.25986043065438,224.8496943899344,221.11314380770054,196.64159878972254,206.74216626484628,183.02802436887478,179.57372082819393,179.88863405734477,193.57748442266882
211.69432989054403,222.473998887281,216.4066380724533,192.54865581829463,203.73314341463498,178.50469022743218,174.4615096664293,177.5591276287337,189.88709370838185
208.02970044331337,219.47824268937157,212.77079869465422,188.84972097289815,200.0444211600934,174.90548506628105,170.89556561144866,174.41007583469883,186.25567870838046
207.4283111870745,218.8956581477384,212.07714311994928,188.2890803516268,199.47982770536157,174.30479706627253,170.32990633945462,173.8302786287351,185.65499070837873
207.43730134465986,218.90379678345587,212.0242449623708,188.30429265465685,199.4699988085703,174.32198324810187,170.36894544531503,173.82682262874053,185.67217689019574
207.35099441160753,218.85301896874842,211.9160068532928,188.23884875162827,199.40492636008838,174.24503506627153,170.30147826582999,173.73267262873898,185.59522870837682
207.3784427460473,218.87208282499634,211.9439523404693,188.27656523367745,199.42735790880667,174.2961035170749,170.35977507297275,173.789576387183,185.64629716991627
207.3661838264224,218.87212098364733,211.92675351277498,188.29170298019756,199.43891948389646,174.30450220912104,170.3561721115843,173.77332834302405,185.6546958512426
207.37170054320507,218.8531460670857,211.94407549440203,188.27551405561331,199.42683582675497,174.3169407261349,170.37370865554655,173.78527862875043,185.6703347083779
207.36772978707307,218.8743476206557,211.94637326782956,188.33433021829308,199.4746140934186,174.32372642613544,170.3703031322431,173.79444508779324,185.68992120837774
207.38183452825012,218.86375375250705,211.97192894739686,188.34308267319537,199.47059252460383,174.34355058496126,170.39318744830484,173.80580141110818,185.7125257672012
207.34609323151957,218.8399208793801,211.93709833884466,188.32458128495998,199.45129444897475,174.3151156594741,170.37666510352273,173.7736559245315,185.68843870837787
207.3581943891154,218.85973205302287,211.95609388036652,188.37311350952214,199.48673417762834,174.33333186298213,170.39225577043212,173.79410052349175,185.71609344522014
207.35149067827868,218.85416768730943,211.91555330998395,188.37916688495974,199.48638582675053,174.31365885946914,170.36561003973534,173.76349260505665,185.69947470837843
207.3309956687565,218.8384503920644,211.91231115805104,188.3593769611496,199.46031249341868,174.3097868213737,170.3629303596841,173.75439403201918,185.69041013694948
207.3599857813115,218.86546568730273,211.95571444116743,188.40078346677853,199.49929290555258,174.34012786552978,170.3945851960013,173.7886189681095,185.72466598110614
207.36086961161345,218.86397891049103,211.94049559531493,188.40300176031982,199.49746054559324,174.3381231609186,170.384357003074,173.77725216881976,185.7198491431608
207.34886045374267,218.85500315397005,211.91692925327476,188.388839151626,199.47470649342984,174.33256185946905,170.37498092383439,173.76392260128205,185.7062737083785
207.3799474537434,218.8741182206373,211.9507238858577,188.42204715224162,199.50208729343115,174.36580032613543,170.4083551474845,173.7982626013834,185.74038750837818
207.36660032553294,218.86773256935294,211.9337844019938,188.4253414388064,199.4978697036872,174.3601739363917,170.39877750741164,173.78341029399854,185.7355217853011
207.3623960463309,218.86237571693206,211.9244716689062,188.40785817384722,199.48069090823532,174.35424014835831,170.3909059846885,173.77133371082832,185.7228742639342
207.37721020208085,218.8815516682544,211.92526986279896,188.43513256115048,199.5027563524855,174.37210162137436,170.40479326848538,173.78117974133554,185.7363001369502
207.38302456638357,218.88696724132515,211.92759672454048,188.43712328850884,199.5010634865235,174.38326662038904,170.38596085966276,173.7843260770155,185.6577766394127
207.3800957577374,218.87477062063465,211.36676552369008,188.42198368495949,199.48300729341886,174.38121739280274,170.40326379403416,173.7772626287397,185.68615470837864
207.3885790881485,218.89187130020562,210.88292499951245,188.4505143129175,199.50701340954683,174.39765925981297,169.77583869854809,173.78596456422272,185.2188206438622
207.38676785374406,218.52662354122097,210.3848943199437,187.96707755162592,199.50560109341689,173.9602259094692,169.25296776027656,173.7174113787374,184.72226245837817
206.3678986173828,217.3735977579098,209.32739842903516,186.9077165092016,198.44349399644796,172.91712506626507,168.18449814963597,172.66604808328142,183.67186416292253
205.34865177632017,216.36182495033447,208.30321324543382,185.89875790456838,197.43829409341834,171.88598126731222,167.15581692516642,171.63857439344517,182.64868341426094
204.61220912993744,215.62284894323747,207.57132167232643,185.16494640876897,196.70465483628962,171.16878792340813,166.4302031987881,170.90811291445672,181.92326727980716
204.07078740930874,215.0817196475789,207.0318544977228,184.62175021829324,196.16050520453933,170.6115729928024,165.89073467947972,170.3650359620671,181.38078870837901
203.69807156545775,214.7118290959618,206.66166120282696,184.26378654621985,195.79724742315858,170.23938365946938,165.52231851285916,169.99914779431228,181.0114127624329
203.41097470635083,214.4273358433532,206.37440066380537,183.97784207794294,195.51619710395315,169.94986166648636,165.23250319687037,169.70778052347075,180.72463555048367
203.18460483836662,214.20383376962656,206.14716202250884,183.75403746957528,195.29088561137712,169.72196372100746,165.0075502047985,169.4804593036376,180.49782332376296
203.04259878708046,214.05417631287264,206.0061700532769,183.61434355162532,195.14664902675926,169.57828510768877,164.8655364434533,169.33863162873843,180.3564787083781
202.9275746504892,213.9379955614007,205.88373845653086,183.49937064105802,195.0288422950535,169.45864799117524,164.7442227074573,169.216401074394,180.2347079766704
202.81708353541816,213.8316065598763,205.76541816756492,183.39424829448367,194.9208953696185,169.34782808306235,164.63291312562674,169.10713396792087,180.12587870837788
202.75806463176303,213.77222285159147,205.70991111994354,183.3390731454224,194.86571523140972,169.291233895127,164.57538808815627,169.05097416811353,180.0701363827971
202.70509880478218,213.71393480869955,205.64745171388265,183.28202942467635,194.80766170554728,169.23543087159047,164.5170687339918,168.9913425921817,180.0143123447421
202.65528794348532,213.6678585337115,205.59296160883358,183.23599915162615,194.75808031564912,169.17977395515402,164.46134135106925,168.93847059195514,179.95841204171128
202.6335104695928,213.64713920980006,205.5645973634238,183.21940531996424,194.73556610501942,169.1596415880038,164.43107784960793,168.91322519893578,179.9335308822921
202.60407731090996,213.61691822595105,205.52201469724747,183.17942699285868,194.70432513456024,169.12825046797997,164.3955088847965,168.8770311005445,179.90087700625108
202.5715885522013,213.5844275108655,205.4846514532787,183.14593038715932,194.67016501067337,169.09497135946975,164.36454696024398,168.84474236300173,179.86885620837836
202.575326762532,213.58789462081583,205.47331788728974,183.1482666237363,194.67007916612917,169.08830636151018,164.35321613476464,168.8366258940397,179.85793503490916
202.56339854495303,213.57255577709768,205.45122418661137,183.13986021829308,194.65865214148297,169.07109472613504,164.33393096554255,168.8198338287335,179.84145070837812
202.54263394103373,213.55429477210018,205.4244251199448,183.11879785619132,194.63910806988952,169.06384055802684,164.3136717235945,168.80007412327015,179.81904576720166
202.54112793982225,213.55338229970909,205.43327040199537,183.13689576701182,194.6431979395709,169.05308429703388,164.32303783739334,168.81011927708033,179.8265471699174
202.53672883677535,213.54881366580426,205.4238326520186,183.12641232143775,194.63641407580803,169.04281117250963,164.30940900332286,168.79694914246687,179.81375946309487
202.52024135976552,213.53501607267157,205.41290153016578,183.1130034627379,194.6221273823061,169.0293889928022,164.29875341258085,168.78510457237414,179.8022831528228
202.52661758737585,213.5412018367606,205.42069184721603,183.12110884302032,194.63050465382457,169.0387071867414,164.30515261675205,168.79068925650344,179.80822270837754
202.51692484088179,213.53092874743288,205.40568437708637,183.11737416115068,194.6212162925033,169.02590756423095,164.2952518491536,168.77857163710868,179.79912585123483
202.50618588419664,213.52285309516117,205.393081835732,183.10579765688735,194.60689791272134,169.01915165946943,164.28833005587697,168.76767286899567,179.78851028732552
202.51216203000226,213.5285634951922,205.4012990004043,183.09769372174128,194.6159850665674,169.03411343186062,164.2919917727569,168.77128510308995,179.79239594975752
202.50637943398615,213.52278173483973,205.39522502050892,183.10563390642892,194.6098267719555,169.01799335664413,164.28790224498093,168.76401353710548,179.78793091176843
202.49279952658296,213.51141270875888,205.38166525327728,183.0862282127176,194.59613541599919,169.0059960594691,164.2782903657047,168.7519843515323,179.77611470837758
202.5017748839795,213.5203422626518,205.401737768,183.08996949916943,194.60364039899022,169.0273598203631,164.28193658332228,168.75567611374117,179.78001247887036
202.5032441320519,213.52128170740684,205.38062814359833,183.08921432024323,194.60325378205073,169.02447667916826,164.27820711633973,168.75013466214992,179.7770896761294
202.49619704134437,213.51593883840854,205.38006218954203,183.07870960242104,194.59537257950933,169.00680106899227,164.26706839854782,168.74366049952388,179.77077013695913
202.50738481599117,213.5269026716175,205.3764504199439,183.09254324605072,194.6079474615857,169.0144183511363,164.27306279285554,168.75019865501446,179.77745808338906
202.5051922671496,213.5244806741499,205.3698557148159,183.08872579777938,194.60651992487476,169.0239786047266,164.27194966733623,168.7467676383834,179.7764799391567
202.4993749309617,213.52050357751736,205.35551993206468,183.08319300059563,194.59903286446826,169.00397784128697,164.26405209109768,168.73715149928162,179.7669696174785
202.5094359094051,213.530357870809,205.36333209354223,183.10291245152374,194.6276398954465,169.01541739678308,164.2743007111176,168.74692927345427,179.7768500516718
202.50655514915684,213.52716217398492,205.35865566112068,183.0941250875633,194.6088133012734,169.01288040456757,164.25927020284732,168.743697699314,179.775924002505
202.50283934049136,213.5251747449237,205.34845117211785,183.0871369777134,194.60187126895966,169.00773449425157,164.25407367294355,168.73621196929076,179.768503056214
202.5118433968285,213.53374810636257,205.35719163422948,183.0906357421037,194.61211354104918,169.02560163769337,164.26402561531623,168.74558411863293,179.7779381369594
202.5088633714393,213.53090608077608,205.3496796269857,183.08932242067513,194.610956339438,169.02310872823728,164.26102116481215,168.7408871911343,179.77541504641536
202.49959332699538,213.5231907646849,205.34067896835734,183.07831524051434,194.60359729342844,169.01763173293202,164.2581001712665,168.73535073489018,179.7699087083879
202.50633130020827,213.53176560449268,205.35094457199781,183.08652285938953,194.6132261518776,169.02826479229338,164.26772336634318,168.74592596528126,179.78051322893654
202.5039589149,213.52657112562412,205.35025906206278,183.08434605613036,194.6126352609965,169.03050236356165,164.27087182938715,168.7460802417436,179.78272303271146
202.49734133138833,213.5217357704099,205.33882671994303,183.08932139344452,194.60668782676245,169.00549365946915,164.2639363334547,168.7376272035286,179.77427070838854
202.50281660879088,213.52685047913445,205.34557943825695,183.0960670197348,194.61568965834184,169.0125286910478,164.27297282424934,168.74624082394374,179.7828850241773
202.50215352489596,213.52473895122833,205.34005017318538,183.08702620232728,194.61581544754188,169.00841532527014,164.27008628927777,168.74190136331038,179.78049429280338
202.49410562095463,213.51926623090512,205.32838155593618,183.07938971572946,194.61006048317327,168.99893937229007,164.26163125221532,168.73382701757728,179.77239563146568
202.50039572300966,213.52504049069074,205.33858366992607,183.08884452546593,194.61909499300702,169.00718908225403,164.26693162806026,168.74361835139376,179.78216326534937
202.49784814912232,213.52210515398167,205.33561789439744,183.08673492913002,194.61862322676438,169.00533762613622,164.26205083139197,168.74235140101447,179.7827482083878
202.49086888742232,213.51546801324088,205.32893263599183,183.08067342801286,194.61219378725696,168.99936075531485,164.25956370251976,168.7388327707332,179.77918389357276
202.49457893776696,213.51970028243582,205.33182832691787,183.08763079715465,194.6209618365193,169.00300429686774,164.25855033917645,168.74399459393254,179.78430114741212
202.49257739339254,213.51742401663202,205.3354841560871,183.0869394696986,194.62009258017642,169.0020011791484,164.2582961052501,168.74276890521335,179.78483919031552
202.48488926875615,213.51118423502612,205.3228534868913,183.07974370400802,194.6143325696162,168.9962845166122,164.25652277679671,168.73937090420822,179.78137727981658
202.49097723514276,213.51645455790322,205.33774493170742,183.08712858692058,194.62251715224937,169.00256839672386,164.26361470305926,168.7470519231901,179.78899588485822
202.48964822557747,213.51534579894246,205.33064988819655,183.08726868713734,194.62264236629238,169.00308160675647,164.26530914256998,168.74717174526134,179.79079870838825
202.4852486461075,213.51192954293802,205.32404528290263,183.08354110467224,194.6169813164138,168.99742207775978,164.26006807784609,168.74119485608847,179.78474215666347
202.49214049647247,213.51860456071725,205.32921869439778,183.099691023177,194.62497485706015,169.002834017045,164.26346885543927,168.74597789625872,179.7894473447514
202.49056406256102,213.51644239742677,205.32715013859254,183.09100915524238,194.624523350353,169.00537498381408,164.26342242452628,168.7448125551812,179.78989129265878
202.48494943384546,213.51977679842645,205.32012087217487,183.08279030718205,194.6194937378701,169.0092805031245,164.2583770253964,168.73906092313015,179.78404670838822
202.49052396034168,213.51743884106773,205.32837530099133,183.09530780950183,194.62723604507286,169.00290193492748,164.2666293274502,168.74750359563146,179.79239826882662
202.48981521162372,213.5165566362224,205.3228015987453,183.08902096032173,194.6266907542954,168.9990670191293,164.26013575077596,168.74260724400943,179.78904305621518
202.4842472847422,213.5121306801267,205.32018165339755,183.0969977901366,194.62136208482232,168.99273777559793,164.25528844705028,168.73706506170032,179.7833961277428
202.49069472099933,213.5185876843595,205.3251379426252,183.08954768212334,194.6291058324313,169.00129954315716,164.26331023500688,168.74525950067687,179.79148807009037
202.4917599975896,213.5186638285181,205.32797263825728,183.09111951274352,194.629236984652,169.0036569366613,164.26484735364548,168.74538668989243,179.79309386628307
202.48567647828992,213.5138232202663,205.32292216106362,183.08675771271805,194.62413856009172,168.99929782613486,164.26322744898164,168.74238622879287,179.78997870838765
202.4915184668054,213.51955868387378,205.32500153700894,183.09100621004615,194.63150827134683,169.00099739005273,164.26318733620056,168.74434041717436,179.7918205640571
202.49099606876553,213.51897928186867,205.32553072538525,183.1066226807453,194.6311519600912,169.0022208159311,164.2646786541917,168.74447309113202,179.79337381042947
202.4861493772803,213.51510355801938,205.31654992672102,183.08482158241404,194.62636929342372,168.99552008371123,164.25856408707128,168.7380854895403,179.78686295081252
202.49092881162343,213.51938155397772,205.32248551994152,183.0904688849603,194.63303636009093,169.00000419280204,164.25973776083205,168.74347644276355,179.79213310838855
202.4908692604686,213.5191953784008,205.32220618528982,183.1003572873052,194.6324710135574,169.00209212679545,164.26121893648065,168.74361372963602,179.793637124229
202.48900684544884,213.51824153829185,205.31173606896198,183.0962817398618,194.6282338816604,168.9956909378989,164.25237695191265,168.73516585776997,179.7850587083881
202.49522316761048,213.5246408089644,205.3158891561888,183.09446211836408,194.63450676656464,169.00189992354493,164.25681345241577,168.7404281522636,179.7901928831458
202.49587062983917,213.5253030642251,205.31364502763506,183.08960093624145,194.63370942675826,169.0024072030581,164.25539540482492,168.73837770973458,179.78945909300322
202.49337185924307,213.52326930635883,205.30705582763736,183.08403226985982,194.62848045532988,168.9969253420764,164.24829008205006,168.73131717968616,179.7822615655307
202.5004470153967,213.5307188546062,205.3054996356651,183.09148584345016,194.63484703682033,169.00191175758238,164.24716568550886,168.73429552735766,179.78510550084064
202.50006625835294,213.53022480008417,205.30475168318256,183.08838961268594,194.63387454913183,169.00246762582483,164.24727943147107,168.73343540399696,179.78551534390158
202.49822784866225,213.5290139984233,205.29879452734994,183.08357672199676,194.6298792489812,168.9995706372461,164.2432244043942,168.72874787486757,179.78068537505368
202.50294012538515,213.53381691422277,205.31119439836726,183.08947573388954,194.63570852622001,169.0056784411196,164.24887680902575,168.73483516355293,179.78663283682883
202.50473669041156,213.5348716630685,205.30542722903422,183.10029956314227,194.63529530554626,169.00853244734517,164.25033553361425,168.7350397741165,179.78806379929722
202.50245175303615,213.5338790530773,205.30323171186689,183.0840227264011,194.63097856189262,169.0107110144234,164.25041662340928,168.73357475170155,179.78645168136163
202.5098354973376,213.54124989683535,205.30423771041959,183.0899705421023,194.63724315056828,169.01271988327713,164.25049626536116,168.73534589026943,179.7880783512447
202.51148631840806,213.54241142332995,205.3031897677306,183.0891867000329,194.63664124032738,169.01646470843707,164.25057449748562,168.73452214094618,179.7884401243173
202.50790539949747,213.53998210133003,205.2980133725737,183.08466019022347,194.6318487741264,169.01228627628797,164.24433250889916,168.73108126442915,179.78484818207198
202.51463842901418,213.54646920918736,205.30224401849247,183.0935479228626,194.63806979197517,169.01863238410473,164.24837573680696,168.7358299675944,179.7894484475187
202.5158979288541,213.5472443047282,205.30982558461582,183.0916360067984,194.63736375319544,169.017437227283,164.24459091337127,168.73204714292606,179.78681284631887
202.51158710904852,213.5433369166738,205.2919537045579,183.08482041784544,194.63719512376133,169.01268515690344,164.24087078774602,168.7277320582236,179.78234332377195
202.51813652234853,213.54975850352596,205.29630169621362,183.09014374266076,194.63878778607904,169.0188192255697,164.24484083391363,168.73238841607937,179.78684786093055
202.5193668863235,213.55115775784262,205.289954892491,183.09004805358703,194.63868623796293,169.03130406810703,164.238660122835,168.7267957585443,179.78236643948048
202.51497094494638,213.5475480379531,205.2867472532752,183.08591288495967,194.63475942675814,169.01264305946827,164.2375824235651,168.7245503141955,179.77996370838798
202.52056599618803,213.55247238829753,205.29861208470084,183.09158104473954,194.64037699370158,169.0338939918848,164.24272088494368,168.7300685947417,179.78532730342965
202.52158903019247,213.5533753187248,205.2903958368818,183.09713096900106,194.6399473568133,169.0196145687578,164.24162756791551,168.72840559248507,179.78474165920713
202.51686340023193,213.54971224596434,205.2857737263272,183.08651511585464,194.6355098625299,169.03002945650846,164.23933251616398,168.72526621729716,179.78144261082682
202.5221493105366,213.5549937367265,205.29036536860912,183.09886171809438,194.64120810202547,169.03433313078082,164.24312286879928,168.72971715460307,179.78573645032273
202.52134201161246,213.55434150445458,205.28464361666352,183.09092061829298,194.6407724934241,169.03340154709815,164.23845257553322,168.7253349565917,179.78239966838746
202.51826448780352,213.55128676786387,205.27925789454594,183.08629491670558,194.63659689977527,169.02976345185942,164.23504689019393,168.72138136720898,179.77828442267304
202.52291528615513,213.5562711097252,205.28433433254077,183.10350013502688,194.64186506665234,169.03445036599518,164.2399628395818,168.726663895353,179.78340784224739
202.5240274866133,213.55663803764276,205.2825531866098,183.09128533496,194.64123465175834,169.02343940696852,164.23675300522024,168.72510544580973,179.78286464588834
202.52169187828036,213.55594289649773,205.27541322536962,183.08664336557968,194.6375579973021,169.03081550058639,164.23111411760155,168.71946139046696,179.77705731303877
202.5284518682751,213.56214908044416,205.2793195301987,183.09522546399947,194.6429821754762,169.02589675568657,164.23448875027896,168.72375154858608,179.78118670838765
202.53005628744074,213.56348816077985,205.2754546181611,183.09258245137258,194.64241563436667,169.02730548381348,164.2312433133086,168.72049407365924,179.77891596029716
202.5268577692307,213.5612670921825,205.26868433768004,183.0874214061711,194.6392679964544,169.0318197289145,164.22547492729245,168.71501322719934,179.77327052656932
202.5321705389308,213.5655730692116,205.27306666380278,183.0928225842086,194.64444292751256,169.03627974258492,164.22911298433218,168.71924006290087,179.77733524974224
202.5310094245488,213.5646751857605,205.2727389388479,183.0939671301301,194.64442110039263,169.0289900368169,164.22821913001434,168.71780679607252,179.7768616934622
202.52690501902046,213.56126843738483,205.2670193866094,183.09279968496026,194.64042855268445,169.0327793248798,164.22511629576107,168.7141725410118,179.77306181950044
202.53037824690625,213.56480020213633,205.27169786504047,183.10680968722718,194.64532608558332,169.02737409324703,164.229779679701,168.7191584963329,179.77788459074043
202.53076628606723,213.56490337270066,205.2667403141036,183.10056359665887,194.64507040194354,169.02777530810937,164.2224754779598,168.71439720987948,179.7740573945341
202.52719724118205,213.5623764779572,205.26442121269707,183.09039316901652,194.64191289922428,169.02587259248074,164.22165563036378,168.7117005801556,179.77202827361964
202.53216119530742,213.5666897928211,205.27152915639343,183.0950341041861,194.64763165697522,169.03795118739052,164.22732239931793,168.71659670749395,179.77758230552533
202.5314392878049,213.56637352298054,205.27309047232384,183.10465087989672,194.64729858866534,169.0273908831629,164.2296939285458,168.71688774671995,179.7795932798318
202.52811784707427,213.56361112671667,205.27093874205136,183.09240144666185,194.6440881189581,169.0345760151873,164.22884032985755,168.71504699815156,179.77756807010493
202.53327219753064,213.56811509832508,205.2763305847314,183.09633116477139,194.64906494037527,169.02892120133913,164.23328044381336,168.71981612028307,179.7821553281211
202.5341914820111,213.5690177975515,205.29161102710395,183.10499474045574,194.6606116869325,169.03863791073903,164.23136475190424,168.71766427485963,179.78087311399656
202.5317255227256,213.56704623724426,205.27268678001815,183.09979334605043,194.64563349342686,169.03541821376947,164.22947566691036,168.71505731693316,179.77808204173598
202.53640245299323,213.5717254255603,205.27356518001795,183.0981942596723,194.65162235665298,169.03948430572427,164.23175056933962,168.71814038544454,179.78098353598855
202.53758797873905,213.57259622784935,205.26679431994222,183.1009030273298,194.64947474365408,169.0393851087467,164.22577513055376,168.71289135647143,179.7765828179917
202.53316095038983,213.56933778418394,205.26926428477867,183.10111333924775,194.64612098050162,169.03622603689914,164.22498303099732,168.71037007080213,179.7746607492191
202.53772988188695,213.57378287323306,205.26838767850168,183.09773793399665,194.65031058711213,169.04020424980544,164.2292692032124,168.71419987040088,179.77908168135076
202.538479951662,213.57396651864127,205.2676905705026,183.10653548521032,194.65022927910096,169.0401022182442,164.22846428578325,168.71217237048265,179.778644077506
202.53640014495053,213.5728012371365,205.26315658660977,183.09900314606048,194.64752849341792,169.03700154710336,164.2246701005449,168.70740470453606,179.77444510837822
202.54054487431068,213.5764123522902,205.26613424488812,183.09872936973818,194.65237320070372,169.04089558683827,164.22688643440276,168.70965382826537,179.77725539711943
202.53969076249294,213.57526793190038,205.26814999113594,183.09938902532068,194.65241537061172,169.03513721399239,164.22907360591373,168.7099675690626,179.77910976101
202.53623920512797,213.57319081096108,205.26330525588992,183.10389784706175,194.64966516792848,169.0377466451419,164.22534954857446,168.70530779590314,179.7749900809272
202.54051757871673,213.5771815413177,205.27081621777896,183.10043592220003,194.65486178346194,169.04155998866145,164.23141439715366,168.7105157384107,179.7807311759104
202.54026648903567,213.57659513378843,205.2717687235927,183.10556487206696,194.65458473427944,169.04145316000537,164.23256227981506,168.71007539264588,179.78178477289396
202.53662973469216,213.57413092936673,205.2684809148144,183.0963609157397,194.65096198059837,169.03846308556373,164.2308108307343,168.70697992362398,179.77920255453162
202.53962160227573,213.576338893904,205.27389897047405,183.10050498943087,194.65523635414073,169.0412161258691,164.23576959121172,168.71134477881816,179.78407412239
202.53941296013866,213.5755378445334,205.27109598070263,183.10284568665736,194.6547472039668,169.03297768123548,164.23307064582477,168.7079941289359,179.7821731387575
202.53718593362956,213.57429271109353,205.26700464195548,183.11421778002367,194.65119754499048,169.03123148370332,164.23040564938472,168.70424637988623,179.7789134253596
202.5418302782838,213.57836210359585,205.27312631994334,183.105820279395,194.65605049341875,169.04281404710267,164.2352739655708,168.7085464784405,179.7836954583784
202.54211561161543,213.5786509495238,205.27155538743796,183.10828065060247,194.6553153687808,169.0427034104565,164.23449174347013,168.70670520949975,179.78326181396795
202.53897747484464,213.57639664429814,205.27024899648617,183.10260741272631,194.6522850465048,169.0398163619179,164.23464510433604,168.7051659320791,179.782186856526
202.54309785946873,213.57992017496238,205.2728734405968,183.10160684161627,194.65627386521092,169.0373627816159,164.2366370745382,168.70726320918806,179.7847427574582
202.54366777437536,213.57978517376384,205.27152803376416,183.10421631586462,194.65599283605536,169.03725042323353,164.23586084977745,168.70546384826065,179.7843106595976
202.5406569328294,213.57826166107725,205.27080165327604,183.1092714612119,194.65325182551163,169.03471815242835,164.2360031247635,168.70396008329317,179.78324889019598
202.54540135458672,213.5826277605269,205.27268023480116,183.10250454525726,194.65785263033325,169.04397745071725,164.23704730013932,168.70533347212054,179.7850589493416
202.54476612019818,213.58194608629967,205.27350727563174,183.1179532602324,194.65747620958106,169.03840641575525,164.23807897021538,168.70495580239984,179.78601092394695
202.5417373259026,213.57948340819388,205.27077967232256,183.1030031651083,194.65447106596554,169.03876810221163,164.2364197871775,168.70211191446217,179.783587994092
202.54496072877768,213.5823789700815,205.2739520422303,183.10312397688264,194.65856394106288,169.03842063419296,164.23921810934056,168.70483375300867,179.78672580896995
202.54392805083248,213.58102558184427,205.2756971199425,183.10320201438077,194.65811413171198,169.04028123834627,164.24110115706875,168.70514262874724,179.78832812014264
202.54120648179224,213.57900797821964,205.27280894918397,183.10821694254662,194.6628277599638,169.03465066990958,164.239453408849,168.70234754102805,179.7859341469744
202.5450717418485,213.58262314684066,205.27799372149397,183.1035880012427,194.65949912963177,169.04505968663815,164.24392947174087,168.70635867525976,179.79034173163373
202.5442688740467,213.5812169699987,205.27846513844005,183.11501860193297,194.65895951625,169.03862647017215,164.24488558012504,168.70598817788115,179.79123015346488
202.54162546908688,213.5793226950827,205.27352342798986,183.09961969416034,194.65568813059141,169.04224292641314,164.24152035385703,168.701913663225,179.78753801872216
202.54465730684598,213.581949131527,205.27614113899037,183.1067509040113,194.6592201116238,169.04024876887917,164.2441935874996,168.70454331445663,179.79054567980643
202.54481704191082,213.58218972758868,205.27373777448815,183.10181197587326,194.65845025705747,169.04545609255723,164.2416279062308,168.70222785601464,179.7894562083772
202.54089622403777,213.578731593612,205.27060778661044,183.09922920586718,194.65531147677106,169.0427981572726,164.24003303796965,168.6995439846814,179.7871370134627
202.54403846554223,213.58143558572996,205.27298830196594,183.10643260216617,194.65866292742126,169.0460689628335,164.24266957272624,168.70214262874845,179.79009623646797
202.54322519224127,213.5807941595197,205.27435883912338,183.10606507231105,194.6579417685016,169.038560394311,164.24365588784653,168.70245100863684,179.79159915530573
202.5397386782754,213.5781344810439,205.26929711994256,183.09762755163038,194.65494430884993,169.03644454030655,164.24040966743547,168.69853196208095,179.78802804171133
202.54310323187124,213.58088726456123,205.27222613651782,183.10186767317657,194.65841116809733,169.04654850842928,164.24300042244786,168.70109312598763,179.79093329401366
202.5422139398134,213.57997612593027,205.27229103789148,183.10493434165886,194.65769102304677,169.0464301185319,164.24391435492282,168.70076988149663,179.79177453255346
202.5389379154314,213.57716029666346,205.2682573822374,183.0968733833252,194.65479409343126,169.04385400611883,164.25572528692678,168.69755312055332,179.78888985591908
202.5413163188539,213.57960124807383,205.27272635472613,183.10778133156163,194.6584048607842,169.03855754320614,164.24495091742227,168.70132871570578,179.7929939257687
202.54095934133744,213.57857750757623,205.27193467795607,183.09958713000967,194.6573681388296,169.03817336553226,164.2450286757692,168.70038738550588,179.7931883299992
202.53834789977836,213.57700100850775,205.2680269951956,183.09655968991575,194.6545509121996,169.0362324456836,164.2426862432642,168.69722456423332,179.79034257934495
202.54386183050048,213.57929693132638,205.27240097377535,183.1044151638794,194.65780542284742,169.04366470002017,164.24657463814995,168.700941345327,179.7943730399283
202.54099038891198,213.57841998374823,205.2718224050488,183.09898983815495,194.65726981124686,169.04734197263426,164.2458446465447,168.6994049691743,179.79394487859068
202.53794691742831,213.5767739559985,205.26730604904245,183.0979913992479,194.65431156421073,169.03695541014756,164.24353507813294,168.69629754938373,179.79114029567916
202.5415662291519,213.5801919802544,205.2714174848563,183.10867906886273,194.65831543483978,169.03989634990188,164.24677613681138,168.699354839275,179.79449723469367
202.54109843115296,213.57964645608286,205.27079698242085,183.10009794674366,194.65772940387092,169.04193447608344,164.2468418963765,168.69845341408947,179.7946776612578
202.53864907680466,213.57697451726017,205.26903726994314,183.09862630162996,194.65504387924193,169.04531404710204,164.24591988691262,168.6965982537493,179.79311183337828
202.54150588587285,213.58016007161547,205.2721752822913,183.10220672263682,194.65882356695414,169.04007934587258,164.24832100787026,168.69901019351616,179.79581010734177
202.54154415731074,213.57994188791523,205.27167693025206,183.1002632052382,194.6584322142114,169.040418549928,164.24837778731006,168.6981244844185,179.79598097641943
202.53855679109392,213.57811476459267,205.26909527379019,183.09747110034874,194.65570995457287,169.0394584377427,164.2468955227767,168.69570939797885,179.79384240068575
202.54060492861578,213.57986395747974,205.27143794987512,183.0996744332634,194.6590807189566,169.0487260368982,164.2485400354274,168.69808895527856,179.79649564715334
202.5407836301467,213.5797884829888,205.27038375479887,183.11222343234854,194.65859080189074,169.04009460121986,164.24783341704298,168.69663724803996,179.7960762718291
202.53803237524377,213.57749018586097,205.26713474418483,183.09656578193494,194.6560967189583,169.04621366831444,164.24561878475458,168.69368505299164,179.79338840534788
202.5413158253428,213.58057858058842,205.27158170955772,183.10213630271787,194.65941571338303,169.0491221501166,164.2494565608353,168.6971954930701,179.79716051742338
202.54112241160607,213.58029003389245,205.2721900532772,183.10465515162983,194.6592649287259,169.04900154710293,164.25025595911106,168.69692082874872,179.79789490837786
202.53818426235512,213.57782330956044,205.26964483138568,183.09743770884364,194.656642975022,169.03904979801757,164.24880121672703,168.69458382277867,179.7958106486762
202.54187844460998,213.5809754794997,205.27391071202138,183.10102126912076,194.6601367990608,169.04093922413497,164.25049265134317,168.69803767825363,179.79951474798204
202.54105108746958,213.58035877610678,205.2741496848034,183.10949799268803,194.65962190257966,169.04104664342617,164.24851422099974,168.6977629243159,179.80022668867383
202.53851329003845,213.57792289666554,205.27063858661054,183.0974894182973,194.65701398963344,169.0470603706312,164.2456260935387,168.69432792285954,179.79703341426006
202.54184890916807,213.58160909402613,205.27328294433318,183.10093690772794,194.66013057957124,169.04987959588237,164.24861980152923,168.6971711165469,179.80011597667013
202.54172330092936,213.58087134526255,205.27206299955367,183.1040563619872,194.65966209136246,169.04278982185912,164.24794366766324,168.69578721621198,179.79969734915457
202.53906876071605,213.57944276618366,205.27150738854218,183.09859960573715,194.65720198713896,169.03989352613897,164.24799870411698,168.69463538235658,179.7987766793918
202.54131165776153,213.58117150564436,205.2744527199425,183.10047861829702,194.66031820139372,169.05033833549956,164.2502166730415,168.69688282104136,179.80125313145447
202.54089568369818,213.58040841667867,205.27354990846146,183.10365872614506,194.6597615645514,169.04178094176962,164.2502603071778,168.69607085839777,179.80138569402345
202.53799427827477,213.57818591961717,205.27034858661062,183.09907658020296,194.65754677913495,169.0386244023299,164.24816066863775,168.69329005730518,179.79882613694969
202.54072873451568,213.58066039089118,205.2736065954553,183.1167416105088,194.66057826782705,169.04141219786172,164.2510572352737,168.6960573206768,179.8018125472411
202.5408727311059,213.58047825275497,205.27436131113814,183.1041594278154,194.66030495128,169.0515822360798,164.25035657598409,168.6958035721282,179.80248342535876
202.53899277592797,213.5789700789181,205.2720239556234,183.09797694317882,194.65814906618934,169.04144190548234,164.24899028321906,168.69360347380902,179.8004950464056
202.54251802033008,213.58231627614106,205.27588197352532,183.1014575902592,194.66189101304502,169.0446988756724,164.25184236707116,168.69633047920703,179.80343179248996
202.54193104106508,213.58162654244222,205.27526267370214,183.10398408248807,194.6612292252015,169.04376899900635,164.25187722215873,168.69554374501226,179.8035505223314
202.54100605606928,213.58127503542553,205.27234229031203,183.1012622127234,194.65946130824483,169.0414367039169,164.24913397672486,168.69230951316433,179.8005192639461
202.54329400425277,213.58349291799965,205.27451214421257,183.10189933960694,194.66263894012732,169.0435634825144,164.2512550102236,168.69447445648444,179.8028849756715
202.54291877737398,213.58322258513704,205.27200959822994,183.10299557758455,194.66222177049488,169.04326492929698,164.24922757538772,168.69212339157073,179.80142091022492
202.54141589836502,213.5816944671869,205.26942414825317,183.1010347954678,194.6603004057588,169.04066370070294,164.2472189390061,168.68947489324555,179.79896637962327
202.543449490396,213.58388115394393,205.2710154835784,183.10203332133082,194.66325702676355,169.04426211606398,164.24795612155512,168.69057701742466,179.80026070839062
202.5423014094971,213.5827513512301,205.27068386262712,183.11012150322176,194.6628731413939,169.0420376618741,164.24868606374528,168.69035839840302,179.80091128757633
202.53982148908602,213.5803784116015,205.26942270552848,183.10857939831044,194.660651621358,169.03962593129694,164.24805836173124,168.68879039785588,179.79952897866053
202.54269492341774,213.58311032524512,205.2690661495388,183.10280424939128,194.66364414724129,169.04403210323568,164.24743628949184,168.68884865728108,179.7997712644442
202.54236643541924,213.58277172537305,205.26995733899088,183.1129953174872,194.66376229819204,169.04297598792533,164.24815905697238,168.68864068209703,179.80041531553343
202.54107014494272,213.5815915095005,205.27839011335124,183.11342514605883,194.66102716009607,169.0422717403063,164.24687539986328,168.68658975554462,179.7985421750575
202.54326184051814,213.58370862769095,205.26902825032576,183.1056895342581,194.66389945626293,169.04364199635356,164.24825796999298,168.68818458983077,179.80031322166522
202.54311115756954,213.58360100299035,205.2701480254254,183.1055597272568,194.66376502617652,169.04277518465267,164.2450463488685,168.68544753137377,179.79841157182727
202.54165152739787,213.58301260657564,205.26391313397727,183.11281694110602,194.66153163728941,169.04346320697303,164.24313533946687,168.6829328586245,179.79606712944312
202.5436574602264,213.5844315318194,205.26777669316016,183.1094903774998,194.66465220114466,169.0447258573367,164.2464811949528,168.68603036666192,179.79933338088006
202.54316474784008,213.58377060901668,205.26692997791312,183.10487727750987,194.66447018038625,169.05239285145055,164.24588491244316,168.68483937475827,179.79896183882533
202.54050933801616,213.58169364918345,205.26454797189132,183.10075684860348,194.66203072719557,169.0405909489655,164.24464444187367,168.6828581756341,179.7971436434563
202.54292734953677,213.58371671716299,205.26775244866204,183.1055297750608,194.66519502216588,169.04273519777888,164.2472939754472,168.68541991796457,179.79986698425225
202.54223499644328,213.58297511388776,205.26811017974183,183.10703767638412,194.66498017812182,169.04233227707385,164.2473456589277,168.68474078737273,179.7999918414374
202.5399399363945,213.58133510266288,205.2648963233616,183.1009109819565,194.6626859806088,169.03986076594796,164.24547382364005,168.6822936145076,179.79770075967215
202.54246682011814,213.58344600217205,205.26620092419753,183.10558248496775,194.6656788569595,169.05308665348556,164.24617111055815,168.68335594942857,179.79891785732667
202.54164291556253,213.58243990422656,205.26630303406603,183.10447789287568,194.6652341160282,169.04126344200165,164.2468624880167,168.68318182403362,179.79953277618728
202.54002984114325,213.58128038601208,205.2610361899852,183.10066419298366,194.66310341663632,169.05095091419122,164.24248474010744,168.67882992684596,179.79533035395957
202.54276941328908,213.58383202947326,205.26407920509632,183.1182463695871,194.6661521214409,169.04227908484458,164.24507655310484,168.68134401218407,179.79799265797047
202.5420150191408,213.58285586300937,205.2630371662457,183.10483282583198,194.66541371239742,169.04318001813144,164.24450860183504,168.68021747778758,179.79764071675814
202.5404241449422,213.58148289214466,205.26050165327618,183.11420086011887,194.66338062676337,169.0512515471027,164.2426953835983,168.6778503309826,179.79541670839038
202.5424537526884,213.58355678603323,205.2634486701497,183.10512969492515,194.6661790123788,169.0422215517988,164.24509007531057,168.68033718546965,179.79804551336954
202.5428970683575,213.58395191537662,205.263919699557,183.10446183042188,194.66551228957331,169.04272240366842,164.24576877841412,168.6801798510875,179.7986487910356
202.5404735062589,213.58175062225737,205.26260964504525,183.10265719050201,194.6635307189437,169.04034961685022,164.24520732751688,168.6787892438469,179.79739525160028
202.543350103411,213.5848000282619,205.2675589341493,183.10710912977513,194.66646953823965,169.0440706495966,164.2489537574254,168.68218495226748,179.80092690511236
202.5432805775938,213.58431060156371,205.26618132674488,183.10612348869,194.66608776145623,169.05414591717772,164.24709122655977,168.6806128599215,179.80010189206394
202.54069838884303,213.5823331409363,205.26617121750314,183.1018825142362,194.66424544627571,169.0439380752668,164.2471410029578,168.67970525615436,179.79932553765943
202.54361616437447,213.5850530756712,205.26921970941612,183.10535933516968,194.6671043546984,169.0436622045441,164.24961952608032,168.682124191251,179.8018746598074
202.54382551698527,213.58492984641762,205.26812244467345,183.1195418729398,194.6668717235374,169.04344586503737,164.2484490288834,168.68057136103482,179.80105580516428
202.54134633738886,213.58312725193673,205.26676405970125,183.11280393878278,194.67715078950553,169.04134470737617,164.24728793326324,168.67875052125768,179.79936063610126
202.5434224116076,213.58522355394413,205.26874018660902,183.10645475163443,194.6676091600977,169.04743480697346,164.24913612651713,168.68068392840385,179.80141870839003
202.54294313780264,213.58436663766278,205.26839904982344,183.10525298642747,194.66730955850252,169.04278780883297,164.24917676425227,168.6800723678691,179.80152842950588
202.54046351005397,213.58244709234845,205.2670213358156,183.10571053653382,194.66505227120703,169.04063815935484,164.24862184145655,168.67873185185312,179.80030823220056
202.54363965692977,213.58539382061127,205.27007881111425,183.10725796006523,194.66775530555023,169.04434894241524,164.24882045598497,168.68109726863315,179.8027930166905
202.54351906255977,213.58506865315695,205.269090792383,183.10706658190364,194.6674495968457,169.04330743269549,164.24827130536505,168.68003823276518,179.80244296035866
202.54150098419203,213.58402608727783,205.26763984935468,183.11255062841147,194.6716512776812,169.0526486059261,164.2465499913423,168.67781103334133,179.800330943685
202.54354736164055,213.58531714561136,205.26999743661005,183.10587224330095,194.66799403926638,169.04591188614066,164.24952962507535,168.68060185871698,179.80323605214124
202.54371503421,213.5855697365643,205.26906635885274,183.10888926530637,194.66746593012388,169.05227134393846,164.24898412538724,168.67955711324865,179.80288835819672
202.54252909071178,213.59104979580493,205.2681291323438,183.10347794543185,194.6656533368457,169.04216285038365,164.24848116359942,168.67869581545793,179.80213731304173
202.54432254909287,213.58632702421488,205.27056874413856,183.1070557436537,194.66834249240281,169.0551173772186,164.25026052689455,168.68056225055022,179.80411314854484
202.54468313984657,213.5925214616368,205.27021314045498,183.10678277214677,194.66822495497178,169.04546987363986,164.24971851025154,168.67952971239134,179.8037660930054
202.54216850053032,213.58465717693358,205.26824669542134,183.10913457702242,194.6658144076114,169.04934105984756,164.24860593439135,168.67779658055824,179.80213847850524
202.54491727881668,213.58698825114567,205.2720766944975,183.12191139033382,194.66890040081387,169.04488845175655,164.25150948516554,168.68052354914522,179.80497015877174
202.54433037970168,213.5863363645897,205.27114349155192,183.1069933234979,194.66829394185038,169.0552296839845,164.25039856018947,168.67906536956335,179.80418623690687
202.5433020601261,213.58530504654297,205.2668680775182,183.1074353819365,194.66638798434346,169.05341063801163,164.24702332405457,168.67561005534955,179.80083189020874
202.5452221449747,213.58790481935284,205.26858456899978,183.1078955315071,194.66870264186338,169.05556758483905,164.24876790104682,168.67744587487317,179.80276791593715
202.54504330587693,213.58739746371944,205.26875536956643,183.118216560594,194.66836610045354,169.05545267492224,164.2493715413333,168.67731360604108,179.80329900914234
202.5433803217538,213.58564952327976,205.26546326226364,183.10495651043462,194.66590639995584,169.0435398257005,164.24547627792143,168.67347266490637,179.7995546634466
202.545117012637,213.5874193230992,205.2652937468075,183.10766133670802,194.66863642975395,169.05578512919365,164.2466473972233,168.67486650658185,179.80104438003312
202.54541810904183,213.58796440004116,205.26317620742827,183.11181114442252,194.66800035910973,169.05567069208487,164.24502170499954,168.67303407463538,179.79986473069508
202.5439996364929,213.58670013172207,205.26882951994213,183.10556481089355,194.6664100638072,169.0475423044517,164.24451916620913,168.67180899431656,179.79873204172415
202.54620835948808,213.58841283315718,205.26419353322638,183.10733555015824,194.66874519060522,169.04821018360286,164.24568085281655,168.6731935457077,179.8002083024867
202.5460580861513,213.5887847696309,205.26227701013875,183.10823290849643,194.66853640323845,169.05588390004453,164.2440766445604,168.6713874750039,179.7990447378021
202.5442607310558,213.58698090339573,205.26101432140885,183.10548988570036,194.66628516742676,169.04630608609452,164.24358336824415,168.67018188904288,179.7979274996001
202.5462952311066,213.5890659189079,205.26224558612253,183.10791209956565,194.66857232138514,169.0589463865356,164.2447357519231,168.67155721917678,179.79939053320868
202.54620941770196,213.58876643879287,205.26252616236627,183.10720426678512,194.66882992373843,169.0481406493978,164.2447888455668,168.671032220076,179.7994980538457
202.5444962956995,213.58728080032157,205.26045731704465,183.10763034583732,194.6670047253193,169.05434937318975,164.242667641419,168.6685901550994,179.79714044752166
202.54739452523913,213.58981499943172,205.261055811064,183.10854488496656,194.6701708582965,169.05640948934158,164.24272781780192,168.66912543349366,179.79775957481618
202.5472467188369,213.58978029727913,205.2600077309737,183.12517829247938,194.6696972195746,169.05735270433638,164.24224799299003,168.66820089002982,179.79745784508088
202.5452791514256,213.58803053452309,205.2593370023801,183.12318417265988,194.66795870705525,169.0448646994471,164.24177160753553,168.66703265197833,179.79637032129324
202.54670544021306,213.58932665870583,205.26206073899027,183.10941324107125,194.67021477915054,169.04680048316368,164.24451291075314,168.66962275796786,179.79904056553252
202.54713765482063,213.58959604409915,205.260157347226,183.1147985709692,194.6697573105174,169.05649620902494,164.2424304324717,168.66747770327623,179.7975088863266
202.54555638894635,213.58829895819994,205.25795986036866,183.12037364534885,194.6681247771232,169.04620564101626,164.24089463837862,168.66550828723157,179.7956165807308
202.5476041958586,213.58997907497826,205.2604291887287,183.11763444782486,194.6707363096904,169.04764999378176,164.24307994532933,168.66766967989307,179.79785453877935
202.5474744830047,213.58955267319362,205.2605567744023,183.10849761736097,194.66999402395234,169.056691687948,164.24366535574944,168.66758021761163,179.7983692717706
202.5452435554918,213.58825942061105,205.25773062169642,183.10636572005248,194.66816112927748,169.04500156427127,164.23813894778047,168.66482359328583,179.79568628733765
202.54709617659782,213.5897689096557,205.25858467187194,183.1237300703726,194.67056731581266,169.0569945540965,164.2392620162539,168.66615995227312,179.79709577132783
202.54639507597773,213.58897783268984,205.25942890437895,183.10919229727475,194.67028095057805,169.05688308020413,164.23985461021195,168.66607668526817,179.79760776762407
202.54379656873658,213.58693526872804,205.2563033754975,183.1236023182968,194.66848917121317,169.05520988043557,164.23783892239803,168.66375358007835,179.79535495839085
202.5453621681807,213.58853563883508,205.25903799791251,183.10931411403166,194.67076787521128,169.05718147789915,164.23998943306694,168.66587617083147,179.79754735891
202.54455108289812,213.5876638849794,205.25735171304504,183.11069531528887,194.6700062589532,169.04493259863605,164.23902166441013,168.66460426132377,179.7968620187353
202.54255742331765,213.58604263435706,205.2559140229565,183.10707345541073,194.66798979927813,169.04494837810805,164.23857601098047,168.66349655750594,179.79582138880286
202.54387703446503,213.58743284709502,205.25808579939388,183.1080359772019,194.67917872391186,169.05736456080126,164.24147146530618,168.6652041115741,179.79759555770588
202.5441811947963,213.58718223244233,205.2593580355284,183.1086862372945,194.67002571800882,169.0450388333672,164.24127744795354,168.6655185767983,179.79848812818588
202.54204156265376,213.58529784238004,205.2562697321863,183.10605793818374,194.66814751516193,169.04627665187186,164.2387878528282,168.66285335183304,179.79588687165548
202.54364509411997,213.5870076850181,205.258880688305,183.10803085784627,194.67022101546848,169.04494237985483,164.24139988225275,168.66532592468528,179.79842297957697
202.5433536301144,213.5862152043953,205.25733069832026,183.10896945793266,194.67009029163344,169.0574339795358,164.23994020865854,168.6636928723266,179.7973597894718
202.5414333333969,213.5844920030729,205.25882842364558,183.1083326015256,194.6684621459611,169.05580962791157,164.23899541493918,168.66222313989286,179.79595103162262
202.5425722174502,213.5860025490226,205.25785829041226,183.11232385140298,194.67701566773414,169.0577196679088,164.2400703849667,168.6635144124407,179.7973028694646
202.54337553948514,213.58540797681744,205.25563762116937,183.1114167205359,194.67033578039252,169.0576102427548,164.2381281311731,168.66151892039588,179.79586921006222
